slug,key,different_columns,live_participant_count,previous_participant_count,live_successful_count,previous_successful_count,live_successful_by_regular_round_count,previous_successful_by_regular_round_count,live_successful_by_max_point_round_count,previous_successful_by_max_point_round_count,live_hunt_name,previous_hunt_name,live_hunt_category_name,previous_hunt_category_name,live_species_subtype_name,previous_species_subtype_name
2026_big_game_05_general_season_buck_deer,1948|GDR|1|False|8,participant_count,258,254,,,,,,,,,,,,
2026_big_game_05_general_season_buck_deer,1948|GDR|1|False|9,participant_count,167,165,,,,,,,,,,,,
2026_big_game_05_general_season_buck_deer,1948|GDR|2|False|19,participant_count,35,34,,,,,,,,,,,,
2026_big_game_05_general_season_buck_deer,1948|GDR|1|False|4,participant_count,1487,1447,,,,,,,,,,,,
2026_big_game_05_general_season_buck_deer,1948|GDR|1|False|15,participant_count,22,21,,,,,,,,,,,,
2026_big_game_05_general_season_buck_deer,1948|GDR|2|False|9,participant_count,584,576,,,,,,,,,,,,
2026_big_game_05_general_season_buck_deer,1948|GDR|1|False|1,participant_count,4590,4410,,,,,,,,,,,,
2026_big_game_05_general_season_buck_deer,1948|GDR|1|False|3,participant_count,2148,2095,,,,,,,,,,,,
2026_big_game_05_general_season_buck_deer,1948|GDR|1|False|11,participant_count,66,64,,,,,,,,,,,,
2026_big_game_05_general_season_buck_deer,1948|GDR|2|False|4,participant_count,1599,1574,,,,,,,,,,,,
2026_big_game_05_general_season_buck_deer,1948|GDR|2|False|1,participant_count,2229,2188,,,,,,,,,,,,
2026_big_game_05_general_season_buck_deer,1948|GDR|2|False|3,participant_count,1771,1735,,,,,,,,,,,,
2026_big_game_05_general_season_buck_deer,1948|GDR|2|False|11,participant_count,299,295,,,,,,,,,,,,
2026_big_game_05_general_season_buck_deer,1948|GDR|1|False|5,participant_count,936,922,,,,,,,,,,,,
2026_big_game_05_general_season_buck_deer,1948|GDR|2|False|16,participant_count,128,126,,,,,,,,,,,,
2026_big_game_05_general_season_buck_deer,1948|GDR|1|False|7,participant_count,361,356,,,,,,,,,,,,
2026_big_game_05_general_season_buck_deer,1948|GDR|2|False|10,participant_count,391,380,,,,,,,,,,,,
2026_big_game_05_general_season_buck_deer,1948|GDR|1|False|0,participant_count,5779,5390,,,,,,,,,,,,
2026_big_game_05_general_season_buck_deer,1948|GDR|2|False|8,participant_count,782,768,,,,,,,,,,,,
2026_big_game_05_general_season_buck_deer,1948|GDR|2|False|5,participant_count,1456,1437,,,,,,,,,,,,
2026_big_game_05_general_season_buck_deer,1948|GDR|2|False|7,participant_count,965,963,,,,,,,,,,,,
2026_big_game_05_general_season_buck_deer,1948|GDR|1|False|14,participant_count,57,56,,,,,,,,,,,,
2026_big_game_05_general_season_buck_deer,1948|GDR|1|False|2,participant_count,3064,2971,,,,,,,,,,,,
2026_big_game_05_general_season_buck_deer,1948|GDR|2|False|15,participant_count,375,373,,,,,,,,,,,,
2026_big_game_05_general_season_buck_deer,1948|GDR|2|False|0,participant_count,2972,2854,,,,,,,,,,,,
2026_big_game_05_general_season_buck_deer,1948|GDR|1|False|6,participant_count,584,575,,,,,,,,,,,,
2026_big_game_05_general_season_buck_deer,1948|GDR|2|False|14,participant_count,290,289,,,,,,,,,,,,
2026_big_game_05_general_season_buck_deer,1948|GDR|2|False|2,participant_count,1829,1795,,,,,,,,,,,,
2026_big_game_05_general_season_buck_deer,1948|GDR|2|False|6,participant_count,1287,1274,,,,,,,,,,,,
2026_big_game_05_general_season_buck_deer,1948|GDR|1|False|12,participant_count,67,66,,,,,,,,,,,,
2026_big_game_05_general_season_buck_deer,1948|GDR|1|False|16,participant_count,16,15,,,,,,,,,,,,
2026_big_game_05_general_season_buck_deer,1948|GDR|2|False|13,participant_count,285,284,,,,,,,,,,,,
2026_big_game_05_general_season_buck_deer,1948|GDR|2|False|12,participant_count,260,255,,,,,,,,,,,,
2026_big_game_08_limited_entry_buck_deer,1950|DEE|2|False|5,participant_count,983,963,,,,,,,,,,,,
2026_big_game_08_limited_entry_buck_deer,1950|DEE|2|False|7,participant_count,828,817,,,,,,,,,,,,
2026_big_game_08_limited_entry_buck_deer,1950|DEE|1|False|6,participant_count,537,519,,,,,,,,,,,,
2026_big_game_08_limited_entry_buck_deer,1950|DEE|2|False|0,participant_count,1622,1536,,,,,,,,,,,,
2026_big_game_08_limited_entry_buck_deer,1950|DEE|2|False|24,participant_count,64,61,,,,,,,,,,,,
2026_big_game_08_limited_entry_buck_deer,1950|DEE|2|False|14,participant_count,436,427,,,,,,,,,,,,
2026_big_game_08_limited_entry_buck_deer,1950|DEE|2|False|2,participant_count,1228,1189,,,,,,,,,,,,
2026_big_game_08_limited_entry_buck_deer,1950|DEE|1|False|12,participant_count,263,253,,,,,,,,,,,,
2026_big_game_08_limited_entry_buck_deer,1950|DEE|1|False|14,participant_count,272,262,,,,,,,,,,,,
2026_big_game_08_limited_entry_buck_deer,1950|DEE|1|False|2,participant_count,640,610,,,,,,,,,,,,
2026_big_game_08_limited_entry_buck_deer,1950|DEE|2|False|6,participant_count,902,887,,,,,,,,,,,,
2026_big_game_08_limited_entry_buck_deer,1950|DEE|1|False|17,participant_count,197,190,,,,,,,,,,,,
2026_big_game_08_limited_entry_buck_deer,1950|DEE|1|False|20,participant_count,139,135,,,,,,,,,,,,
2026_big_game_08_limited_entry_buck_deer,1950|DEE|1|False|30,participant_count,5,4,,,,,,,,,,,,
2026_big_game_08_limited_entry_buck_deer,1950|DEE|2|False|23,participant_count,87,81,,,,,,,,,,,,
2026_big_game_08_limited_entry_buck_deer,1950|DEE|1|False|9,participant_count,383,373,,,,,,,,,,,,
2026_big_game_08_limited_entry_buck_deer,1950|DEE|2|False|13,participant_count,420,406,,,,,,,,,,,,
2026_big_game_08_limited_entry_buck_deer,1950|DEE|2|False|22,participant_count,79,76,,,,,,,,,,,,
2026_big_game_08_limited_entry_buck_deer,1950|DEE|2|False|12,participant_count,444,437,,,,,,,,,,,,
2026_big_game_08_limited_entry_buck_deer,1950|DEE|1|False|23,participant_count,92,88,,,,,,,,,,,,
2026_big_game_08_limited_entry_buck_deer,1950|DEE|1|False|13,participant_count,281,270,,,,,,,,,,,,
2026_big_game_08_limited_entry_buck_deer,1950|DEE|2|False|19,participant_count,132,130,,,,,,,,,,,,
2026_big_game_08_limited_entry_buck_deer,1950|DEE|2|False|16,participant_count,535,521,,,,,,,,,,,,
2026_big_game_08_limited_entry_buck_deer,1950|DEE|2|False|17,participant_count,828,816,,,,,,,,,,,,
2026_big_game_08_limited_entry_buck_deer,1950|DEE|1|False|1,participant_count,774,742,,,,,,,,,,,,
2026_big_game_08_limited_entry_buck_deer,1950|DEE|2|False|10,participant_count,517,506,,,,,,,,,,,,
2026_big_game_08_limited_entry_buck_deer,1950|DEE|1|False|11,participant_count,265,252,,,,,,,,,,,,
2026_big_game_08_limited_entry_buck_deer,1950|DEE|2|False|20,participant_count,112,111,,,,,,,,,,,,
2026_big_game_08_limited_entry_buck_deer,1950|DEE|1|False|19,participant_count,145,142,,,,,,,,,,,,
2026_big_game_08_limited_entry_buck_deer,1950|DEE|1|False|16,participant_count,241,235,,,,,,,,,,,,
2026_big_game_08_limited_entry_buck_deer,1950|DEE|1|False|10,participant_count,345,328,,,,,,,,,,,,
2026_big_game_08_limited_entry_buck_deer,1950|DEE|2|False|9,participant_count,706,684,,,,,,,,,,,,
2026_big_game_08_limited_entry_buck_deer,1950|DEE|1|False|8,participant_count,414,399,,,,,,,,,,,,
2026_big_game_08_limited_entry_buck_deer,1950|DEE|2|False|21,participant_count,91,89,,,,,,,,,,,,
2026_big_game_08_limited_entry_buck_deer,1950|DEE|2|False|4,participant_count,1030,1004,,,,,,,,,,,,
2026_big_game_08_limited_entry_buck_deer,1950|DEE|1|False|5,participant_count,517,501,,,,,,,,,,,,
2026_big_game_08_limited_entry_buck_deer,1950|DEE|2|False|15,participant_count,430,421,,,,,,,,,,,,
2026_big_game_08_limited_entry_buck_deer,1950|DEE|1|False|7,participant_count,508,496,,,,,,,,,,,,
2026_big_game_08_limited_entry_buck_deer,1950|DEE|2|False|18,participant_count,174,172,,,,,,,,,,,,
2026_big_game_08_limited_entry_buck_deer,1950|DEE|1|False|21,participant_count,142,136,,,,,,,,,,,,
2026_big_game_08_limited_entry_buck_deer,1950|DEE|1|False|4,participant_count,609,585,,,,,,,,,,,,
2026_big_game_08_limited_entry_buck_deer,1950|DEE|2|False|1,participant_count,1361,1317,,,,,,,,,,,,
2026_big_game_08_limited_entry_buck_deer,1950|DEE|1|False|15,participant_count,261,252,,,,,,,,,,,,
2026_big_game_08_limited_entry_buck_deer,1950|DEE|2|False|3,participant_count,1191,1161,,,,,,,,,,,,
2026_big_game_08_limited_entry_buck_deer,1950|DEE|2|False|25,participant_count,50,49,,,,,,,,,,,,
2026_big_game_08_limited_entry_buck_deer,1950|DEE|2|False|11,participant_count,501,488,,,,,,,,,,,,
2026_big_game_08_limited_entry_buck_deer,1950|DEE|1|False|18,participant_count,176,171,,,,,,,,,,,,
2026_big_game_08_limited_entry_buck_deer,1950|DEE|1|False|0,participant_count,982,917,,,,,,,,,,,,
2026_big_game_08_limited_entry_buck_deer,1950|DEE|1|False|3,participant_count,604,578,,,,,,,,,,,,
2026_big_game_08_limited_entry_buck_deer,1950|DEE|1|False|25,participant_count,45,42,,,,,,,,,,,,
2026_big_game_08_limited_entry_buck_deer,1950|DEE|1|False|24,participant_count,61,59,,,,,,,,,,,,
2026_big_game_08_limited_entry_buck_deer,1950|DEE|2|False|8,participant_count,729,717,,,,,,,,,,,,
2026_big_game_09_limited_entry_bull_elk,1951|ELK|2|False|8,participant_count,837,821,,,,,,,,,,,,
2026_big_game_09_limited_entry_bull_elk,1951|ELK|1|False|17,participant_count,334,323,,,,,,,,,,,,
2026_big_game_09_limited_entry_bull_elk,1951|ELK|2|False|18,participant_count,300,285,,,,,,,,,,,,
2026_big_game_09_limited_entry_bull_elk,1951|ELK|2|False|3,participant_count,1309,1275,,,,,,,,,,,,
2026_big_game_09_limited_entry_bull_elk,1951|ELK|1|False|1,participant_count,2006,1926,,,,,,,,,,,,
2026_big_game_09_limited_entry_bull_elk,1951|ELK|2|False|6,participant_count,937,920,,,,,,,,,,,,
2026_big_game_09_limited_entry_bull_elk,1951|ELK|1|False|5,participant_count,1496,1450,,,,,,,,,,,,
2026_big_game_09_limited_entry_bull_elk,1951|ELK|1|False|28,participant_count,73,72,,,,,,,,,,,,
2026_big_game_09_limited_entry_bull_elk,1951|ELK|2|False|17,participant_count,669,657,,,,,,,,,,,,
2026_big_game_09_limited_entry_bull_elk,1951|ELK|2|False|27,participant_count,32,31,,,,,,,,,,,,
2026_big_game_09_limited_entry_bull_elk,1951|ELK|1|False|14,participant_count,455,439,,,,,,,,,,,,
2026_big_game_09_limited_entry_bull_elk,1951|ELK|1|False|2,participant_count,1900,1821,,,,,,,,,,,,
2026_big_game_09_limited_entry_bull_elk,1951|ELK|2|False|23,participant_count,147,144,,,,,,,,,,,,
2026_big_game_09_limited_entry_bull_elk,1951|ELK|2|False|1,participant_count,1374,1326,,,,,,,,,,,,
2026_big_game_09_limited_entry_bull_elk,1951|ELK|1|False|22,participant_count,192,185,,,,,,,,,,,,
2026_big_game_09_limited_entry_bull_elk,1951|ELK|2|False|5,participant_count,1103,1079,,,,,,,,,,,,
2026_big_game_09_limited_entry_bull_elk,1951|ELK|2|False|28,participant_count,14,12,,,,,,,,,,,,
2026_big_game_09_limited_entry_bull_elk,1951|ELK|2|False|4,participant_count,1152,1125,,,,,,,,,,,,
2026_big_game_09_limited_entry_bull_elk,1951|ELK|1|False|9,participant_count,1002,971,,,,,,,,,,,,
2026_big_game_09_limited_entry_bull_elk,1951|ELK|1|False|18,participant_count,273,270,,,,,,,,,,,,
2026_big_game_09_limited_entry_bull_elk,1951|ELK|2|False|2,participant_count,1293,1250,,,,,,,,,,,,
2026_big_game_09_limited_entry_bull_elk,1951|ELK|1|False|3,participant_count,1729,1663,,,,,,,,,,,,
2026_big_game_09_limited_entry_bull_elk,1951|ELK|1|False|7,participant_count,1261,1218,,,,,,,,,,,,
2026_big_game_09_limited_entry_bull_elk,1951|ELK|2|False|22,participant_count,153,149,,,,,,,,,,,,
2026_big_game_09_limited_entry_bull_elk,1951|ELK|1|False|21,participant_count,206,198,,,,,,,,,,,,
2026_big_game_09_limited_entry_bull_elk,1951|ELK|1|False|15,participant_count,378,370,,,,,,,,,,,,
2026_big_game_09_limited_entry_bull_elk,1951|ELK|1|False|0,participant_count,2265,2119,,,,,,,,,,,,
2026_big_game_09_limited_entry_bull_elk,1951|ELK|1|False|24,participant_count,163,160,,,,,,,,,,,,
2026_big_game_09_limited_entry_bull_elk,1951|ELK|1|False|27,participant_count,66,64,,,,,,,,,,,,
2026_big_game_09_limited_entry_bull_elk,1951|ELK|2|False|9,participant_count,763,743,,,,,,,,,,,,
2026_big_game_09_limited_entry_bull_elk,1951|ELK|2|False|13,participant_count,415,406,,,,,,,,,,,,
2026_big_game_09_limited_entry_bull_elk,1951|ELK|1|False|23,participant_count,162,159,,,,,,,,,,,,
2026_big_game_09_limited_entry_bull_elk,1951|ELK|2|False|19,participant_count,295,288,,,,,,,,,,,,
2026_big_game_09_limited_entry_bull_elk,1951|ELK|2|False|10,participant_count,553,540,,,,,,,,,,,,
2026_big_game_09_limited_entry_bull_elk,1951|ELK|1|False|12,participant_count,584,571,,,,,,,,,,,,
2026_big_game_09_limited_entry_bull_elk,1951|ELK|1|False|20,participant_count,249,244,,,,,,,,,,,,
2026_big_game_09_limited_entry_bull_elk,1951|ELK|2|False|7,participant_count,941,923,,,,,,,,,,,,
2026_big_game_09_limited_entry_bull_elk,1951|ELK|2|False|21,participant_count,219,215,,,,,,,,,,,,
2026_big_game_09_limited_entry_bull_elk,1951|ELK|2|False|15,participant_count,455,444,,,,,,,,,,,,
2026_big_game_09_limited_entry_bull_elk,1951|ELK|2|False|0,participant_count,1738,1630,,,,,,,,,,,,
2026_big_game_09_limited_entry_bull_elk,1951|ELK|1|False|4,participant_count,1586,1527,,,,,,,,,,,,
2026_big_game_09_limited_entry_bull_elk,1951|ELK|2|False|24,participant_count,99,96,,,,,,,,,,,,
2026_big_game_09_limited_entry_bull_elk,1951|ELK|1|False|11,participant_count,695,676,,,,,,,,,,,,
2026_big_game_09_limited_entry_bull_elk,1951|ELK|1|False|16,participant_count,344,333,,,,,,,,,,,,
2026_big_game_09_limited_entry_bull_elk,1951|ELK|2|False|12,participant_count,456,450,,,,,,,,,,,,
2026_big_game_09_limited_entry_bull_elk,1951|ELK|2|False|20,participant_count,244,240,,,,,,,,,,,,
2026_big_game_09_limited_entry_bull_elk,1951|ELK|1|False|25,participant_count,127,124,,,,,,,,,,,,
2026_big_game_09_limited_entry_bull_elk,1951|ELK|2|False|11,participant_count,506,495,,,,,,,,,,,,
2026_big_game_09_limited_entry_bull_elk,1951|ELK|2|False|16,participant_count,456,450,,,,,,,,,,,,
2026_big_game_09_limited_entry_bull_elk,1951|ELK|1|False|13,participant_count,506,489,,,,,,,,,,,,
2026_big_game_09_limited_entry_bull_elk,1951|ELK|1|False|19,participant_count,263,252,,,,,,,,,,,,
2026_big_game_09_limited_entry_bull_elk,1951|ELK|1|False|10,participant_count,772,742,,,,,,,,,,,,
2026_big_game_09_limited_entry_bull_elk,1951|ELK|2|False|25,participant_count,102,101,,,,,,,,,,,,
2026_big_game_09_limited_entry_bull_elk,1951|ELK|1|False|8,participant_count,1146,1110,,,,,,,,,,,,
2026_big_game_09_limited_entry_bull_elk,1951|ELK|1|False|29,participant_count,47,46,,,,,,,,,,,,
2026_big_game_09_limited_entry_bull_elk,1951|ELK|2|False|14,participant_count,440,430,,,,,,,,,,,,
2026_big_game_09_limited_entry_bull_elk,1951|ELK|1|False|6,participant_count,1424,1373,,,,,,,,,,,,
2026_big_game_10_limited_entry_buck_pronghorn,1952|PRO|2|False|1,participant_count,1088,1059,,,,,,,,,,,,
2026_big_game_10_limited_entry_buck_pronghorn,1952|PRO|2|False|11,participant_count,332,326,,,,,,,,,,,,
2026_big_game_10_limited_entry_buck_pronghorn,1952|PRO|2|False|16,participant_count,343,339,,,,,,,,,,,,
2026_big_game_10_limited_entry_buck_pronghorn,1952|PRO|2|False|10,participant_count,346,340,,,,,,,,,,,,
2026_big_game_10_limited_entry_buck_pronghorn,1952|PRO|2|False|8,participant_count,568,559,,,,,,,,,,,,
2026_big_game_10_limited_entry_buck_pronghorn,1952|PRO|2|False|5,participant_count,775,760,,,,,,,,,,,,
2026_big_game_10_limited_entry_buck_pronghorn,1952|PRO|2|False|7,participant_count,630,621,,,,,,,,,,,,
2026_big_game_10_limited_entry_buck_pronghorn,1952|PRO|2|False|4,participant_count,875,857,,,,,,,,,,,,
2026_big_game_10_limited_entry_buck_pronghorn,1952|PRO|2|False|15,participant_count,328,324,,,,,,,,,,,,
2026_big_game_10_limited_entry_buck_pronghorn,1952|PRO|2|False|0,participant_count,1217,1165,,,,,,,,,,,,
2026_big_game_10_limited_entry_buck_pronghorn,1952|PRO|2|False|3,participant_count,990,959,,,,,,,,,,,,
2026_big_game_10_limited_entry_buck_pronghorn,1952|PRO|1|False|4,participant_count,178,173,,,,,,,,,,,,
2026_big_game_10_limited_entry_buck_pronghorn,1952|PRO|1|False|1,participant_count,358,343,,,,,,,,,,,,
2026_big_game_10_limited_entry_buck_pronghorn,1952|PRO|1|False|3,participant_count,206,198,,,,,,,,,,,,
2026_big_game_10_limited_entry_buck_pronghorn,1952|PRO|2|False|6,participant_count,687,680,,,,,,,,,,,,
2026_big_game_10_limited_entry_buck_pronghorn,1952|PRO|1|False|10,participant_count,19,18,,,,,,,,,,,,
2026_big_game_10_limited_entry_buck_pronghorn,1952|PRO|1|False|7,participant_count,71,67,,,,,,,,,,,,
2026_big_game_10_limited_entry_buck_pronghorn,1952|PRO|2|False|12,participant_count,324,319,,,,,,,,,,,,
2026_big_game_10_limited_entry_buck_pronghorn,1952|PRO|2|False|14,participant_count,256,251,,,,,,,,,,,,
2026_big_game_10_limited_entry_buck_pronghorn,1952|PRO|2|False|2,participant_count,1023,991,,,,,,,,,,,,
2026_big_game_10_limited_entry_buck_pronghorn,1952|PRO|2|False|17,participant_count,637,633,,,,,,,,,,,,
2026_big_game_10_limited_entry_buck_pronghorn,1952|PRO|1|False|0,participant_count,361,334,,,,,,,,,,,,
2026_big_game_10_limited_entry_buck_pronghorn,1952|PRO|1|False|2,participant_count,273,264,,,,,,,,,,,,
2026_big_game_10_limited_entry_buck_pronghorn,1952|PRO|2|False|9,participant_count,467,457,,,,,,,,,,,,
2026_big_game_10_limited_entry_buck_pronghorn,1952|PRO|1|False|6,participant_count,99,94,,,,,,,,,,,,
2026_big_game_10_limited_entry_buck_pronghorn,1952|PRO|2|False|13,participant_count,292,290,,,,,,,,,,,,
2026_big_game_11_bull_moose,1953|MOO|1|False|0,participant_count,2091,2005,,,,,,,,,,,,
2026_big_game_11_bull_moose,1953|MOO|1|False|24,participant_count,169,166,,,,,,,,,,,,
2026_big_game_11_bull_moose,1953|MOO|2|False|22,participant_count,45,41,,,,,,,,,,,,
2026_big_game_11_bull_moose,1953|MOO|2|False|2,participant_count,597,578,,,,,,,,,,,,
2026_big_game_11_bull_moose,1953|MOO|1|False|8,participant_count,659,642,,,,,,,,,,,,
2026_big_game_11_bull_moose,1953|MOO|2|False|8,participant_count,306,300,,,,,,,,,,,,
2026_big_game_11_bull_moose,1953|MOO|2|False|12,participant_count,194,190,,,,,,,,,,,,
2026_big_game_11_bull_moose,1953|MOO|1|False|23,participant_count,196,189,,,,,,,,,,,,
2026_big_game_11_bull_moose,1953|MOO|2|False|23,participant_count,46,43,,,,,,,,,,,,
2026_big_game_11_bull_moose,1953|MOO|1|False|9,participant_count,653,638,,,,,,,,,,,,
2026_big_game_11_bull_moose,1953|MOO|2|False|5,participant_count,456,444,,,,,,,,,,,,
2026_big_game_11_bull_moose,1953|MOO|1|False|13,participant_count,353,341,,,,,,,,,,,,
2026_big_game_11_bull_moose,1953|MOO|2|False|13,participant_count,200,194,,,,,,,,,,,,
2026_big_game_11_bull_moose,1953|MOO|2|False|7,participant_count,424,414,,,,,,,,,,,,
2026_big_game_11_bull_moose,1953|MOO|1|False|22,participant_count,223,216,,,,,,,,,,,,
2026_big_game_11_bull_moose,1953|MOO|1|False|14,participant_count,336,328,,,,,,,,,,,,
2026_big_game_11_bull_moose,1953|MOO|2|False|14,participant_count,246,241,,,,,,,,,,,,
2026_big_game_11_bull_moose,1953|MOO|1|False|2,participant_count,1356,1324,,,,,,,,,,,,
2026_big_game_11_bull_moose,1953|MOO|2|False|6,participant_count,390,379,,,,,,,,,,,,
2026_big_game_11_bull_moose,1953|MOO|1|False|27,participant_count,106,101,,,,,,,,,,,,
2026_big_game_11_bull_moose,1953|MOO|2|False|17,participant_count,375,367,,,,,,,,,,,,
2026_big_game_11_bull_moose,1953|MOO|2|False|27,participant_count,23,22,,,,,,,,,,,,
2026_big_game_11_bull_moose,1953|MOO|1|False|21,participant_count,247,241,,,,,,,,,,,,
2026_big_game_11_bull_moose,1953|MOO|1|False|12,participant_count,428,417,,,,,,,,,,,,
2026_big_game_11_bull_moose,1953|MOO|1|False|4,participant_count,1105,1073,,,,,,,,,,,,
2026_big_game_11_bull_moose,1953|MOO|2|False|4,participant_count,475,467,,,,,,,,,,,,
2026_big_game_11_bull_moose,1953|MOO|2|False|1,participant_count,608,594,,,,,,,,,,,,
2026_big_game_11_bull_moose,1953|MOO|2|False|26,participant_count,39,38,,,,,,,,,,,,
2026_big_game_11_bull_moose,1953|MOO|1|False|15,participant_count,307,300,,,,,,,,,,,,
2026_big_game_11_bull_moose,1953|MOO|1|False|5,participant_count,988,967,,,,,,,,,,,,
2026_big_game_11_bull_moose,1953|MOO|2|False|15,participant_count,239,232,,,,,,,,,,,,
2026_big_game_11_bull_moose,1953|MOO|2|False|20,participant_count,64,61,,,,,,,,,,,,
2026_big_game_11_bull_moose,1953|MOO|2|False|11,participant_count,218,215,,,,,,,,,,,,
2026_big_game_11_bull_moose,1953|MOO|1|False|18,participant_count,270,265,,,,,,,,,,,,
2026_big_game_11_bull_moose,1953|MOO|1|False|7,participant_count,761,747,,,,,,,,,,,,
2026_big_game_11_bull_moose,1953|MOO|2|False|18,participant_count,81,80,,,,,,,,,,,,
2026_big_game_11_bull_moose,1953|MOO|1|False|19,participant_count,246,242,,,,,,,,,,,,
2026_big_game_11_bull_moose,1953|MOO|1|False|16,participant_count,310,299,,,,,,,,,,,,
2026_big_game_11_bull_moose,1953|MOO|2|False|19,participant_count,86,84,,,,,,,,,,,,
2026_big_game_11_bull_moose,1953|MOO|2|False|16,participant_count,247,243,,,,,,,,,,,,
2026_big_game_11_bull_moose,1953|MOO|1|False|6,participant_count,845,827,,,,,,,,,,,,
2026_big_game_11_bull_moose,1953|MOO|1|False|30,participant_count,8,7,,,,,,,,,,,,
2026_big_game_11_bull_moose,1953|MOO|1|False|28,participant_count,91,89,,,,,,,,,,,,
2026_big_game_11_bull_moose,1953|MOO|1|False|17,participant_count,315,306,,,,,,,,,,,,
2026_big_game_11_bull_moose,1953|MOO|2|False|0,participant_count,744,700,,,,,,,,,,,,
2026_big_game_11_bull_moose,1953|MOO|1|False|11,participant_count,445,432,,,,,,,,,,,,
2026_big_game_11_bull_moose,1953|MOO|1|False|10,participant_count,480,460,,,,,,,,,,,,
2026_big_game_11_bull_moose,1953|MOO|1|False|1,participant_count,1674,1638,,,,,,,,,,,,
2026_big_game_11_bull_moose,1953|MOO|1|False|26,participant_count,150,140,,,,,,,,,,,,
2026_big_game_11_bull_moose,1953|MOO|2|False|10,participant_count,239,236,,,,,,,,,,,,
2026_big_game_11_bull_moose,1953|MOO|1|False|29,participant_count,28,27,,,,,,,,,,,,
2026_big_game_11_bull_moose,1953|MOO|1|False|3,participant_count,1184,1151,,,,,,,,,,,,
2026_big_game_11_bull_moose,1953|MOO|1|False|25,participant_count,167,161,,,,,,,,,,,,
2026_big_game_11_bull_moose,1953|MOO|2|False|3,participant_count,561,549,,,,,,,,,,,,
2026_big_game_11_bull_moose,1953|MOO|1|False|20,participant_count,209,200,,,,,,,,,,,,
2026_big_game_11_bull_moose,1953|MOO|2|False|9,participant_count,352,338,,,,,,,,,,,,
2026_big_game_12_bison,1954|BIS|1|False|7,participant_count,421,415,,,,,,,,,,,,
2026_big_game_12_bison,1954|BIS|1|False|6,participant_count,532,512,,,,,,,,,,,,
2026_big_game_12_bison,1954|BIS|2|False|10,participant_count,189,185,,,,,,,,,,,,
2026_big_game_12_bison,1954|BIS|2|False|1,participant_count,489,476,,,,,,,,,,,,
2026_big_game_12_bison,1954|BIS|1|False|2,participant_count,722,713,,,,,,,,,,,,
2026_big_game_12_bison,1954|BIS|1|False|17,participant_count,95,91,,,,,,,,,,,,
2026_big_game_12_bison,1954|BIS|1|False|27,participant_count,27,24,,,,,,,,,,,,
2026_big_game_12_bison,1954|BIS|2|False|3,participant_count,507,494,,,,,,,,,,,,
2026_big_game_12_bison,1954|BIS|1|False|21,participant_count,47,46,,,,,,,,,,,,
2026_big_game_12_bison,1954|BIS|2|False|11,participant_count,195,193,,,,,,,,,,,,
2026_big_game_12_bison,1954|BIS|1|False|4,participant_count,630,608,,,,,,,,,,,,
2026_big_game_12_bison,1954|BIS|1|False|1,participant_count,886,862,,,,,,,,,,,,
2026_big_game_12_bison,1954|BIS|1|False|26,participant_count,40,39,,,,,,,,,,,,
2026_big_game_12_bison,1954|BIS|2|False|0,participant_count,543,511,,,,,,,,,,,,
2026_big_game_12_bison,1954|BIS|1|False|15,participant_count,105,98,,,,,,,,,,,,
2026_big_game_12_bison,1954|BIS|1|False|20,participant_count,67,64,,,,,,,,,,,,
2026_big_game_12_bison,1954|BIS|1|False|11,participant_count,194,191,,,,,,,,,,,,
2026_big_game_12_bison,1954|BIS|1|False|18,participant_count,91,89,,,,,,,,,,,,
2026_big_game_12_bison,1954|BIS|1|False|16,participant_count,104,103,,,,,,,,,,,,
2026_big_game_12_bison,1954|BIS|2|False|8,participant_count,288,281,,,,,,,,,,,,
2026_big_game_12_bison,1954|BIS|1|False|0,participant_count,991,923,,,,,,,,,,,,
2026_big_game_12_bison,1954|BIS|2|False|9,participant_count,282,271,,,,,,,,,,,,
2026_big_game_12_bison,1954|BIS|1|False|10,participant_count,213,206,,,,,,,,,,,,
2026_big_game_12_bison,1954|BIS|2|False|13,participant_count,177,175,,,,,,,,,,,,
2026_big_game_12_bison,1954|BIS|1|False|3,participant_count,658,643,,,,,,,,,,,,
2026_big_game_12_bison,1954|BIS|1|False|25,participant_count,38,37,,,,,,,,,,,,
2026_big_game_12_bison,1954|BIS|1|False|9,participant_count,313,299,,,,,,,,,,,,
2026_big_game_12_bison,1954|BIS|2|False|14,participant_count,147,137,,,,,,,,,,,,
2026_big_game_12_bison,1954|BIS|2|False|2,participant_count,499,480,,,,,,,,,,,,
2026_big_game_12_bison,1954|BIS|2|False|27,participant_count,12,11,,,,,,,,,,,,
2026_big_game_12_bison,1954|BIS|2|False|12,participant_count,159,154,,,,,,,,,,,,
2026_big_game_12_bison,1954|BIS|2|False|4,participant_count,435,429,,,,,,,,,,,,
2026_big_game_12_bison,1954|BIS|1|False|22,participant_count,60,59,,,,,,,,,,,,
2026_big_game_12_bison,1954|BIS|1|False|24,participant_count,54,52,,,,,,,,,,,,
2026_big_game_12_bison,1954|BIS|2|False|15,participant_count,168,164,,,,,,,,,,,,
2026_big_game_12_bison,1954|BIS|1|False|8,participant_count,376,367,,,,,,,,,,,,
2026_big_game_12_bison,1954|BIS|2|False|5,participant_count,395,381,,,,,,,,,,,,
2026_big_game_12_bison,1954|BIS|1|False|12,participant_count,165,158,,,,,,,,,,,,
2026_big_game_12_bison,1954|BIS|2|False|7,participant_count,396,387,,,,,,,,,,,,
2026_big_game_12_bison,1954|BIS|1|False|23,participant_count,51,50,,,,,,,,,,,,
2026_big_game_12_bison,1954|BIS|2|False|16,participant_count,199,195,,,,,,,,,,,,
2026_big_game_12_bison,1954|BIS|2|False|6,participant_count,389,379,,,,,,,,,,,,
2026_big_game_12_bison,1954|BIS|1|False|5,participant_count,562,542,,,,,,,,,,,,
2026_big_game_12_bison,1954|BIS|2|False|17,participant_count,289,286,,,,,,,,,,,,
2026_big_game_12_bison,1954|BIS|1|False|13,participant_count,140,137,,,,,,,,,,,,
2026_big_game_13_desert_bighorn_sheep,1955|DBS|1|False|0,participant_count,464,453,,,,,,,,,,,,
2026_big_game_13_desert_bighorn_sheep,1955|DBS|2|False|22,participant_count,46,43,,,,,,,,,,,,
2026_big_game_13_desert_bighorn_sheep,1955|DBS|2|False|24,participant_count,31,29,,,,,,,,,,,,
2026_big_game_13_desert_bighorn_sheep,1955|DBS|2|False|8,participant_count,287,281,,,,,,,,,,,,
2026_big_game_13_desert_bighorn_sheep,1955|DBS|1|False|10,participant_count,113,109,,,,,,,,,,,,
2026_big_game_13_desert_bighorn_sheep,1955|DBS|2|False|12,participant_count,197,196,,,,,,,,,,,,
2026_big_game_13_desert_bighorn_sheep,1955|DBS|1|False|3,participant_count,244,240,,,,,,,,,,,,
2026_big_game_13_desert_bighorn_sheep,1955|DBS|1|False|25,participant_count,42,40,,,,,,,,,,,,
2026_big_game_13_desert_bighorn_sheep,1955|DBS|1|False|9,participant_count,165,163,,,,,,,,,,,,
2026_big_game_13_desert_bighorn_sheep,1955|DBS|2|False|9,participant_count,342,328,,,,,,,,,,,,
2026_big_game_13_desert_bighorn_sheep,1955|DBS|2|False|5,participant_count,447,437,,,,,,,,,,,,
2026_big_game_13_desert_bighorn_sheep,1955|DBS|2|False|13,participant_count,179,173,,,,,,,,,,,,
2026_big_game_13_desert_bighorn_sheep,1955|DBS|2|False|7,participant_count,399,391,,,,,,,,,,,,
2026_big_game_13_desert_bighorn_sheep,1955|DBS|1|False|22,participant_count,60,58,,,,,,,,,,,,
2026_big_game_13_desert_bighorn_sheep,1955|DBS|1|False|24,participant_count,37,35,,,,,,,,,,,,
2026_big_game_13_desert_bighorn_sheep,1955|DBS|2|False|14,participant_count,206,202,,,,,,,,,,,,
2026_big_game_13_desert_bighorn_sheep,1955|DBS|2|False|6,participant_count,346,340,,,,,,,,,,,,
2026_big_game_13_desert_bighorn_sheep,1955|DBS|2|False|2,participant_count,503,490,,,,,,,,,,,,
2026_big_game_13_desert_bighorn_sheep,1955|DBS|1|False|8,participant_count,211,206,,,,,,,,,,,,
2026_big_game_13_desert_bighorn_sheep,1955|DBS|2|False|21,participant_count,67,65,,,,,,,,,,,,
2026_big_game_13_desert_bighorn_sheep,1955|DBS|1|False|12,participant_count,83,81,,,,,,,,,,,,
2026_big_game_13_desert_bighorn_sheep,1955|DBS|1|False|23,participant_count,44,43,,,,,,,,,,,,
2026_big_game_13_desert_bighorn_sheep,1955|DBS|2|False|4,participant_count,418,412,,,,,,,,,,,,
2026_big_game_13_desert_bighorn_sheep,1955|DBS|2|False|1,participant_count,564,543,,,,,,,,,,,,
2026_big_game_13_desert_bighorn_sheep,1955|DBS|1|False|5,participant_count,236,233,,,,,,,,,,,,
2026_big_game_13_desert_bighorn_sheep,1955|DBS|2|False|15,participant_count,190,183,,,,,,,,,,,,
2026_big_game_13_desert_bighorn_sheep,1955|DBS|2|False|20,participant_count,66,64,,,,,,,,,,,,
2026_big_game_13_desert_bighorn_sheep,1955|DBS|1|False|13,participant_count,90,87,,,,,,,,,,,,
2026_big_game_13_desert_bighorn_sheep,1955|DBS|2|False|18,participant_count,83,80,,,,,,,,,,,,
2026_big_game_13_desert_bighorn_sheep,1955|DBS|1|False|7,participant_count,192,186,,,,,,,,,,,,
2026_big_game_13_desert_bighorn_sheep,1955|DBS|2|False|19,participant_count,62,60,,,,,,,,,,,,
2026_big_game_13_desert_bighorn_sheep,1955|DBS|2|False|16,participant_count,183,181,,,,,,,,,,,,
2026_big_game_13_desert_bighorn_sheep,1955|DBS|1|False|14,participant_count,85,81,,,,,,,,,,,,
2026_big_game_13_desert_bighorn_sheep,1955|DBS|1|False|6,participant_count,231,226,,,,,,,,,,,,
2026_big_game_13_desert_bighorn_sheep,1955|DBS|1|False|2,participant_count,321,314,,,,,,,,,,,,
2026_big_game_13_desert_bighorn_sheep,1955|DBS|2|False|0,participant_count,686,659,,,,,,,,,,,,
2026_big_game_13_desert_bighorn_sheep,1955|DBS|1|False|17,participant_count,72,69,,,,,,,,,,,,
2026_big_game_13_desert_bighorn_sheep,1955|DBS|2|False|17,participant_count,270,264,,,,,,,,,,,,
2026_big_game_13_desert_bighorn_sheep,1955|DBS|1|False|27,participant_count,22,21,,,,,,,,,,,,
2026_big_game_13_desert_bighorn_sheep,1955|DBS|1|False|21,participant_count,65,62,,,,,,,,,,,,
2026_big_game_13_desert_bighorn_sheep,1955|DBS|1|False|4,participant_count,251,242,,,,,,,,,,,,
2026_big_game_13_desert_bighorn_sheep,1955|DBS|2|False|10,participant_count,223,218,,,,,,,,,,,,
2026_big_game_13_desert_bighorn_sheep,1955|DBS|1|False|1,participant_count,348,339,,,,,,,,,,,,
2026_big_game_13_desert_bighorn_sheep,1955|DBS|1|False|26,participant_count,35,33,,,,,,,,,,,,
2026_big_game_13_desert_bighorn_sheep,1955|DBS|2|False|3,participant_count,464,452,,,,,,,,,,,,
2026_big_game_13_desert_bighorn_sheep,1955|DBS|1|False|20,participant_count,81,80,,,,,,,,,,,,
2026_big_game_13_desert_bighorn_sheep,1955|DBS|1|False|11,participant_count,96,94,,,,,,,,,,,,
2026_big_game_13_desert_bighorn_sheep,1955|DBS|2|False|11,participant_count,212,208,,,,,,,,,,,,
2026_big_game_13_desert_bighorn_sheep,1955|DBS|1|False|18,participant_count,79,78,,,,,,,,,,,,
2026_big_game_13_desert_bighorn_sheep,1955|DBS|1|False|19,participant_count,52,51,,,,,,,,,,,,
2026_big_game_13_desert_bighorn_sheep,1955|DBS|1|False|16,participant_count,70,69,,,,,,,,,,,,
2026_big_game_14_rocky_mtn_bighorn_sheep,1956|RMB|2|False|13,participant_count,190,187,,,,,,,,,,,,
2026_big_game_14_rocky_mtn_bighorn_sheep,1956|RMB|2|False|7,participant_count,377,367,,,,,,,,,,,,
2026_big_game_14_rocky_mtn_bighorn_sheep,1956|RMB|1|False|8,participant_count,184,179,,,,,,,,,,,,
2026_big_game_14_rocky_mtn_bighorn_sheep,1956|RMB|2|False|14,participant_count,244,239,,,,,,,,,,,,
2026_big_game_14_rocky_mtn_bighorn_sheep,1956|RMB|2|False|6,participant_count,359,349,,,,,,,,,,,,
2026_big_game_14_rocky_mtn_bighorn_sheep,1956|RMB|2|False|2,participant_count,552,539,,,,,,,,,,,,
2026_big_game_14_rocky_mtn_bighorn_sheep,1956|RMB|1|False|9,participant_count,139,135,,,,,,,,,,,,
2026_big_game_14_rocky_mtn_bighorn_sheep,1956|RMB|2|False|21,participant_count,21,20,,,,,,,,,,,,
2026_big_game_14_rocky_mtn_bighorn_sheep,1956|RMB|1|False|13,participant_count,74,71,,,,,,,,,,,,
2026_big_game_14_rocky_mtn_bighorn_sheep,1956|RMB|2|False|4,participant_count,438,428,,,,,,,,,,,,
2026_big_game_14_rocky_mtn_bighorn_sheep,1956|RMB|2|False|1,participant_count,591,573,,,,,,,,,,,,
2026_big_game_14_rocky_mtn_bighorn_sheep,1956|RMB|2|False|15,participant_count,208,200,,,,,,,,,,,,
2026_big_game_14_rocky_mtn_bighorn_sheep,1956|RMB|1|False|2,participant_count,321,314,,,,,,,,,,,,
2026_big_game_14_rocky_mtn_bighorn_sheep,1956|RMB|2|False|18,participant_count,72,69,,,,,,,,,,,,
2026_big_game_14_rocky_mtn_bighorn_sheep,1956|RMB|1|False|21,participant_count,29,27,,,,,,,,,,,,
2026_big_game_14_rocky_mtn_bighorn_sheep,1956|RMB|1|False|12,participant_count,93,91,,,,,,,,,,,,
2026_big_game_14_rocky_mtn_bighorn_sheep,1956|RMB|2|False|16,participant_count,230,228,,,,,,,,,,,,
2026_big_game_14_rocky_mtn_bighorn_sheep,1956|RMB|1|False|4,participant_count,239,237,,,,,,,,,,,,
2026_big_game_14_rocky_mtn_bighorn_sheep,1956|RMB|2|False|0,participant_count,742,711,,,,,,,,,,,,
2026_big_game_14_rocky_mtn_bighorn_sheep,1956|RMB|2|False|17,participant_count,307,300,,,,,,,,,,,,
2026_big_game_14_rocky_mtn_bighorn_sheep,1956|RMB|1|False|15,participant_count,60,58,,,,,,,,,,,,
2026_big_game_14_rocky_mtn_bighorn_sheep,1956|RMB|1|False|5,participant_count,255,247,,,,,,,,,,,,
2026_big_game_14_rocky_mtn_bighorn_sheep,1956|RMB|1|False|18,participant_count,43,42,,,,,,,,,,,,
2026_big_game_14_rocky_mtn_bighorn_sheep,1956|RMB|1|False|7,participant_count,225,219,,,,,,,,,,,,
2026_big_game_14_rocky_mtn_bighorn_sheep,1956|RMB|2|False|10,participant_count,237,232,,,,,,,,,,,,
2026_big_game_14_rocky_mtn_bighorn_sheep,1956|RMB|1|False|16,participant_count,42,41,,,,,,,,,,,,
2026_big_game_14_rocky_mtn_bighorn_sheep,1956|RMB|2|False|3,participant_count,458,446,,,,,,,,,,,,
2026_big_game_14_rocky_mtn_bighorn_sheep,1956|RMB|1|False|6,participant_count,218,215,,,,,,,,,,,,
2026_big_game_14_rocky_mtn_bighorn_sheep,1956|RMB|2|False|11,participant_count,218,211,,,,,,,,,,,,
2026_big_game_14_rocky_mtn_bighorn_sheep,1956|RMB|1|False|10,participant_count,116,115,,,,,,,,,,,,
2026_big_game_14_rocky_mtn_bighorn_sheep,1956|RMB|2|False|22,participant_count,18,17,,,,,,,,,,,,
2026_big_game_14_rocky_mtn_bighorn_sheep,1956|RMB|1|False|1,participant_count,402,396,,,,,,,,,,,,
2026_big_game_14_rocky_mtn_bighorn_sheep,1956|RMB|1|False|3,participant_count,301,294,,,,,,,,,,,,
2026_big_game_14_rocky_mtn_bighorn_sheep,1956|RMB|1|False|20,participant_count,40,37,,,,,,,,,,,,
2026_big_game_14_rocky_mtn_bighorn_sheep,1956|RMB|1|False|11,participant_count,117,115,,,,,,,,,,,,
2026_big_game_14_rocky_mtn_bighorn_sheep,1956|RMB|2|False|8,participant_count,334,328,,,,,,,,,,,,
2026_big_game_14_rocky_mtn_bighorn_sheep,1956|RMB|2|False|12,participant_count,199,195,,,,,,,,,,,,
2026_big_game_14_rocky_mtn_bighorn_sheep,1956|RMB|2|False|9,participant_count,316,301,,,,,,,,,,,,
2026_big_game_14_rocky_mtn_bighorn_sheep,1956|RMB|1|False|0,participant_count,482,456,,,,,,,,,,,,
2026_big_game_14_rocky_mtn_bighorn_sheep,1956|RMB|2|False|5,participant_count,446,435,,,,,,,,,,,,
2026_big_game_15_mountain_goat,1957|GOA|1|False|4,participant_count,194,191,,,,,,,,,,,,
2026_big_game_15_mountain_goat,1957|GOA|2|False|10,participant_count,220,214,,,,,,,,,,,,
2026_big_game_15_mountain_goat,1957|GOA|2|False|1,participant_count,496,480,,,,,,,,,,,,
2026_big_game_15_mountain_goat,1957|GOA|2|False|3,participant_count,452,439,,,,,,,,,,,,
2026_big_game_15_mountain_goat,1957|GOA|1|False|5,participant_count,212,205,,,,,,,,,,,,
2026_big_game_15_mountain_goat,1957|GOA|2|False|15,participant_count,199,194,,,,,,,,,,,,
2026_big_game_15_mountain_goat,1957|GOA|2|False|11,participant_count,214,209,,,,,,,,,,,,
2026_big_game_15_mountain_goat,1957|GOA|1|False|18,participant_count,72,70,,,,,,,,,,,,
2026_big_game_15_mountain_goat,1957|GOA|1|False|7,participant_count,204,198,,,,,,,,,,,,
2026_big_game_15_mountain_goat,1957|GOA|1|False|19,participant_count,62,61,,,,,,,,,,,,
2026_big_game_15_mountain_goat,1957|GOA|1|False|16,participant_count,94,93,,,,,,,,,,,,
2026_big_game_15_mountain_goat,1957|GOA|1|False|6,participant_count,219,212,,,,,,,,,,,,
2026_big_game_15_mountain_goat,1957|GOA|2|False|0,participant_count,635,603,,,,,,,,,,,,
2026_big_game_15_mountain_goat,1957|GOA|1|False|17,participant_count,80,78,,,,,,,,,,,,
2026_big_game_15_mountain_goat,1957|GOA|1|False|21,participant_count,39,37,,,,,,,,,,,,
2026_big_game_15_mountain_goat,1957|GOA|1|False|10,participant_count,143,135,,,,,,,,,,,,
2026_big_game_15_mountain_goat,1957|GOA|1|False|1,participant_count,266,260,,,,,,,,,,,,
2026_big_game_15_mountain_goat,1957|GOA|1|False|3,participant_count,229,222,,,,,,,,,,,,
2026_big_game_15_mountain_goat,1957|GOA|2|False|9,participant_count,295,283,,,,,,,,,,,,
2026_big_game_15_mountain_goat,1957|GOA|1|False|15,participant_count,86,84,,,,,,,,,,,,
2026_big_game_15_mountain_goat,1957|GOA|1|False|20,participant_count,61,60,,,,,,,,,,,,
2026_big_game_15_mountain_goat,1957|GOA|1|False|11,participant_count,120,118,,,,,,,,,,,,
2026_big_game_15_mountain_goat,1957|GOA|2|False|13,participant_count,179,173,,,,,,,,,,,,
2026_big_game_15_mountain_goat,1957|GOA|1|False|0,participant_count,310,293,,,,,,,,,,,,
2026_big_game_15_mountain_goat,1957|GOA|2|False|14,participant_count,186,175,,,,,,,,,,,,
2026_big_game_15_mountain_goat,1957|GOA|2|False|2,participant_count,498,485,,,,,,,,,,,,
2026_big_game_15_mountain_goat,1957|GOA|2|False|8,participant_count,288,282,,,,,,,,,,,,
2026_big_game_15_mountain_goat,1957|GOA|2|False|12,participant_count,199,197,,,,,,,,,,,,
2026_big_game_15_mountain_goat,1957|GOA|2|False|4,participant_count,372,362,,,,,,,,,,,,
2026_big_game_15_mountain_goat,1957|GOA|1|False|9,participant_count,211,206,,,,,,,,,,,,
2026_big_game_15_mountain_goat,1957|GOA|2|False|5,participant_count,341,332,,,,,,,,,,,,
2026_big_game_15_mountain_goat,1957|GOA|1|False|13,participant_count,108,105,,,,,,,,,,,,
2026_big_game_15_mountain_goat,1957|GOA|2|False|7,participant_count,341,331,,,,,,,,,,,,
2026_big_game_15_mountain_goat,1957|GOA|2|False|19,participant_count,28,26,,,,,,,,,,,,
2026_big_game_15_mountain_goat,1957|GOA|2|False|16,participant_count,239,236,,,,,,,,,,,,
2026_big_game_15_mountain_goat,1957|GOA|1|False|14,participant_count,89,85,,,,,,,,,,,,
2026_big_game_15_mountain_goat,1957|GOA|2|False|6,participant_count,330,322,,,,,,,,,,,,
2026_big_game_15_mountain_goat,1957|GOA|1|False|2,participant_count,246,240,,,,,,,,,,,,
2026_big_game_15_mountain_goat,1957|GOA|2|False|17,participant_count,324,315,,,,,,,,,,,,
2026_big_game_15_mountain_goat,1957|GOA|1|False|8,participant_count,185,180,,,,,,,,,,,,
2026_big_game_15_mountain_goat,1957|GOA|1|False|12,participant_count,140,133,,,,,,,,,,,,
2026_big_game_32_dedicated_hunter_buck_deer,1949|DHL|1|False|3,participant_count,149,144,,,,,,,,,,,,
2026_big_game_32_dedicated_hunter_buck_deer,1949|DHL|2|False|3,participant_count,27,26,,,,,,,,,,,,
2026_big_game_32_dedicated_hunter_buck_deer,1949|DHL|1|False|2,participant_count,203,198,,,,,,,,,,,,
2026_big_game_32_dedicated_hunter_buck_deer,1949|DHL|2|False|0,participant_count,115,101,,,,,,,,,,,,
2026_big_game_32_dedicated_hunter_buck_deer,1949|DHL|1|False|4,participant_count,119,117,,,,,,,,,,,,
2026_big_game_32_dedicated_hunter_buck_deer,1949|DHL|1|False|0,participant_count,436,403,,,,,,,,,,,,
2026_big_game_32_dedicated_hunter_buck_deer,1949|DHL|2|False|1,participant_count,61,60,,,,,,,,,,,,
2026_big_game_32_dedicated_hunter_buck_deer,1949|DHL|2|False|2,participant_count,49,48,,,,,,,,,,,,
2026_big_game_32_dedicated_hunter_buck_deer,1949|DHL|1|False|5,participant_count,69,68,,,,,,,,,,,,
2026_big_game_32_dedicated_hunter_buck_deer,1949|DHL|1|False|1,participant_count,279,272,,,,,,,,,,,,
