"source","year","title","status","bytes","file","url","error"
"utah_wildlife_biggame_odds_archive","2025","General-season buck deer draw results","ok","1685706","older_years_biggame_odds/2025/25_deer_odds.pdf","https://wildlife.utah.gov/pdf/bg/2025/25_deer_odds.pdf",""
"utah_wildlife_biggame_odds_archive","2025","Lifetime general-season deer draw results","ok","1461319","older_years_biggame_odds/2025/25_lifetime_deer.pdf","https://wildlife.utah.gov/pdf/bg/2025/25_lifetime_deer.pdf",""
"utah_wildlife_biggame_odds_archive","2025","Youth general-season deer draw results","ok","1658599","older_years_biggame_odds/2025/25_youth_deer.pdf","https://wildlife.utah.gov/pdf/bg/2025/25_youth_deer.pdf",""
"utah_wildlife_biggame_odds_archive","2025","Youth draw-only elk draw results","ok","93296","older_years_biggame_odds/2025/25_youth_elk.pdf","https://wildlife.utah.gov/pdf/bg/2025/25_youth_elk.pdf",""
"utah_wildlife_biggame_odds_archive","2025","Big game limited-entry & once-in-a-lifetime draw results","ok","12732089","older_years_biggame_odds/2025/25_bg-odds.pdf","https://wildlife.utah.gov/pdf/bg/2025/25_bg-odds.pdf",""
"utah_wildlife_biggame_odds_archive","2025","Antlerless big game draw results","ok","3534025","older_years_biggame_odds/2025/25_antlerless_drawing_odds_report.pdf","https://wildlife.utah.gov/pdf/bg/2025/25_antlerless_drawing_odds_report.pdf",""
"utah_wildlife_biggame_odds_archive","2025","Youth antlerless big game draw results","ok","2780967","older_years_biggame_odds/2025/25_youth_antlerless_drawing_odds_report.pdf","https://wildlife.utah.gov/pdf/bg/2025/25_youth_antlerless_drawing_odds_report.pdf",""
"utah_wildlife_biggame_odds_archive","2025","Big game and antlerless bonus and preference point purchase results","ok","213323","older_years_biggame_odds/2025/25_point-only_purchases_for_big_game_and_antlerless.pdf","https://wildlife.utah.gov/pdf/bg/2025/25_point-only_purchases_for_big_game_and_antlerless.pdf",""
"utah_wildlife_biggame_odds_archive","2025","Dedicated Hunter deer draw results","ok","550654","older_years_biggame_odds/2025/25_dh_odds.pdf","https://wildlife.utah.gov/pdf/bg/2025/25_dh_odds.pdf",""
"utah_wildlife_biggame_odds_archive","2025","Youth Dedicated Hunter deer draw results","ok","436482","older_years_biggame_odds/2025/25_youth_dh_odds.pdf","https://wildlife.utah.gov/pdf/bg/2025/25_youth_dh_odds.pdf",""
"utah_wildlife_biggame_odds_archive","2024","General-season buck deer draw results","ok","459740","older_years_biggame_odds/2024/24_deer_odds.pdf","https://wildlife.utah.gov/pdf/bg/2024/24_deer_odds.pdf",""
"utah_wildlife_biggame_odds_archive","2024","Lifetime general-season deer draw results","ok","437601","older_years_biggame_odds/2024/24_lifetime_deer.pdf","https://wildlife.utah.gov/pdf/bg/2024/24_lifetime_deer.pdf",""
"utah_wildlife_biggame_odds_archive","2024","Youth general-season deer draw results","ok","442269","older_years_biggame_odds/2024/24_youth_deer.pdf","https://wildlife.utah.gov/pdf/bg/2024/24_youth_deer.pdf",""
"utah_wildlife_biggame_odds_archive","2024","Youth draw-only elk bonus point draw results","ok","76091","older_years_biggame_odds/2024/24_youth_elk.pdf","https://wildlife.utah.gov/pdf/bg/2024/24_youth_elk.pdf",""
"utah_wildlife_biggame_odds_archive","2024","Big game limited-entry & once-in-a-lifetime draw results","ok","3110486","older_years_biggame_odds/2024/24_bg-odds.pdf","https://wildlife.utah.gov/pdf/bg/2024/24_bg-odds.pdf",""
"utah_wildlife_biggame_odds_archive","2024","Antlerless big game draw results","ok","774859","older_years_biggame_odds/2024/24_antlerless_drawing_odds_report.pdf","https://wildlife.utah.gov/pdf/bg/2024/24_antlerless_drawing_odds_report.pdf",""
"utah_wildlife_biggame_odds_archive","2024","Youth antlerless big game draw results","ok","693897","older_years_biggame_odds/2024/24_youth_antlerless_drawing_odds_report.pdf","https://wildlife.utah.gov/pdf/bg/2024/24_youth_antlerless_drawing_odds_report.pdf",""
"utah_wildlife_biggame_odds_archive","2024","Big game and antlerless bonus and preference point purchase results","ok","92976","older_years_biggame_odds/2024/24_point-only_purchases_for_big_game_and_antlerless.pdf","https://wildlife.utah.gov/pdf/bg/2024/24_point-only_purchases_for_big_game_and_antlerless.pdf",""
"utah_wildlife_biggame_odds_archive","2024","Youth draw-only elk bonus point draw results","ok","76091","older_years_biggame_odds/2024/24_youth_elk__dup2.pdf","https://wildlife.utah.gov/pdf/bg/2024/24_youth_elk.pdf",""
"utah_wildlife_biggame_odds_archive","2024","Dedicated Hunter deer draw results","ok","201098","older_years_biggame_odds/2024/24_dh_odds.pdf","https://wildlife.utah.gov/pdf/bg/2024/24_dh_odds.pdf",""
"utah_wildlife_biggame_odds_archive","2024","Youth Dedicated Hunter deer draw results","ok","181643","older_years_biggame_odds/2024/24_youth_dh_odds.pdf","https://wildlife.utah.gov/pdf/bg/2024/24_youth_dh_odds.pdf",""
"utah_wildlife_biggame_odds_archive","2024","Sportsman draw odds report","ok","113472","older_years_biggame_odds/2024/24-25_sportsman_odds.pdf","https://wildlife.utah.gov/pdf/bg/2024/24-25_sportsman_odds.pdf",""
"utah_wildlife_biggame_odds_archive","2023","General-season deer draw results","ok","463470","older_years_biggame_odds/2023/23_deer_odds.pdf","https://wildlife.utah.gov/pdf/bg/2023/23_deer_odds.pdf",""
"utah_wildlife_biggame_odds_archive","2023","Lifetime general-season deer draw results","ok","412919","older_years_biggame_odds/2023/23_lifetime_deer.pdf","https://wildlife.utah.gov/pdf/bg/2023/23_lifetime_deer.pdf",""
"utah_wildlife_biggame_odds_archive","2023","Youth general-season deer draw results","ok","439421","older_years_biggame_odds/2023/23_youth_deer.pdf","https://wildlife.utah.gov/pdf/bg/2023/23_youth_deer.pdf",""
"utah_wildlife_biggame_odds_archive","2023","Youth draw-only elk bonus point draw results","ok","76712","older_years_biggame_odds/2023/23_youth_elk.pdf","https://wildlife.utah.gov/pdf/bg/2023/23_youth_elk.pdf",""
"utah_wildlife_biggame_odds_archive","2023","Big game limited-entry & once-in-a-lifetime draw results","ok","3041049","older_years_biggame_odds/2023/23_bg-odds.pdf","https://wildlife.utah.gov/pdf/bg/2023/23_bg-odds.pdf",""
"utah_wildlife_biggame_odds_archive","2023","Antlerless big game draw results","ok","770790","older_years_biggame_odds/2023/23_antlerless_drawing_odds_report.pdf","https://wildlife.utah.gov/pdf/bg/2023/23_antlerless_drawing_odds_report.pdf",""
"utah_wildlife_biggame_odds_archive","2023","Youth antlerless big game draw results","ok","689163","older_years_biggame_odds/2023/23_youth_antlerless_drawing_odds_report.pdf","https://wildlife.utah.gov/pdf/bg/2023/23_youth_antlerless_drawing_odds_report.pdf",""
"utah_wildlife_biggame_odds_archive","2023","Big game and antlerless bonus and preference point purchase results","ok","94525","older_years_biggame_odds/2023/23_point-only_purchases_for_big_game_and_antlerless.pdf","https://wildlife.utah.gov/pdf/bg/2023/23_point-only_purchases_for_big_game_and_antlerless.pdf",""
"utah_wildlife_biggame_odds_archive","2023","Youth draw-only elk bonus point draw results","ok","76712","older_years_biggame_odds/2023/23_youth_elk__dup2.pdf","https://wildlife.utah.gov/pdf/bg/2023/23_youth_elk.pdf",""
"utah_wildlife_biggame_odds_archive","2023","Dedicated Hunter deer draw results","ok","179888","older_years_biggame_odds/2023/23_dh_odds.pdf","https://wildlife.utah.gov/pdf/bg/2023/23_dh_odds.pdf",""
"utah_wildlife_biggame_odds_archive","2023","Youth Dedicated Hunter deer draw results","ok","148486","older_years_biggame_odds/2023/23_youth_dh_odds.pdf","https://wildlife.utah.gov/pdf/bg/2023/23_youth_dh_odds.pdf",""
"utah_wildlife_biggame_odds_archive","2023","Sportsman draw odds report","ok","102242","older_years_biggame_odds/2023/23-24_sportsman_odds.pdf","https://wildlife.utah.gov/pdf/bg/2023/23-24_sportsman_odds.pdf",""
"utah_wildlife_biggame_odds_archive","2022","General-season buck deer draw results","ok","1500660","older_years_biggame_odds/2022/22_deer_odds.pdf","https://wildlife.utah.gov/pdf/bg/2022/22_deer_odds.pdf",""
"utah_wildlife_biggame_odds_archive","2022","Lifetime general-season deer draw results","ok","1354334","older_years_biggame_odds/2022/22_lifetime_deer.pdf","https://wildlife.utah.gov/pdf/bg/2022/22_lifetime_deer.pdf",""
"utah_wildlife_biggame_odds_archive","2022","Youth draw-only elk bonus point draw results","ok","89441","older_years_biggame_odds/2022/22_youth_bull_elk.pdf","https://wildlife.utah.gov/pdf/bg/2022/22_youth_bull_elk.pdf",""
"utah_wildlife_biggame_odds_archive","2022","Youth general-season deer draw results","ok","1428906","older_years_biggame_odds/2022/22_youth_deer.pdf","https://wildlife.utah.gov/pdf/bg/2022/22_youth_deer.pdf",""
"utah_wildlife_biggame_odds_archive","2022","Big game limited-entry & once-in-a-lifetime draw results","ok","2858441","older_years_biggame_odds/2022/22_bg-odds.pdf","https://wildlife.utah.gov/pdf/bg/2022/22_bg-odds.pdf",""
"utah_wildlife_biggame_odds_archive","2022","Antlerless big game draw results","ok","2903402","older_years_biggame_odds/2022/22_antlerless_drawing_odds_report.pdf","https://wildlife.utah.gov/pdf/bg/2022/22_antlerless_drawing_odds_report.pdf",""
"utah_wildlife_biggame_odds_archive","2022","Youth antlerless big game draw results","ok","2454255","older_years_biggame_odds/2022/22_youth_antlerless_drawing_odds_report.pdf","https://wildlife.utah.gov/pdf/bg/2022/22_youth_antlerless_drawing_odds_report.pdf",""
"utah_wildlife_biggame_odds_archive","2022","Youth draw-only elk bonus point draw results","ok","89441","older_years_biggame_odds/2022/22_youth_bull_elk__dup2.pdf","https://wildlife.utah.gov/pdf/bg/2022/22_youth_bull_elk.pdf",""
"utah_wildlife_biggame_odds_archive","2022","Dedicated Hunter deer draw results","ok","532488","older_years_biggame_odds/2022/22_dh_odds.pdf","https://wildlife.utah.gov/pdf/bg/2022/22_dh_odds.pdf",""
"utah_wildlife_biggame_odds_archive","2022","Youth Dedicated Hunter deer draw results","ok","369713","older_years_biggame_odds/2022/22_youth_dh_odds.pdf","https://wildlife.utah.gov/pdf/bg/2022/22_youth_dh_odds.pdf",""
"utah_wildlife_biggame_odds_archive","2022","Sportsman draw odds report","ok","123222","older_years_biggame_odds/2022/22-23_sportsman_odds.pdf","https://wildlife.utah.gov/pdf/bg/2022/22-23_sportsman_odds.pdf",""
"utah_wildlife_biggame_odds_archive","2021","General-season buck deer draw results","ok","1455208","older_years_biggame_odds/2021/21_deer_odds.pdf","https://wildlife.utah.gov/pdf/bg/2021/21_deer_odds.pdf",""
"utah_wildlife_biggame_odds_archive","2021","Lifetime general-season deer draw results","ok","1340616","older_years_biggame_odds/2021/21_lifetime_deer.pdf","https://wildlife.utah.gov/pdf/bg/2021/21_lifetime_deer.pdf",""
"utah_wildlife_biggame_odds_archive","2021","Youth draw-only elk bonus point draw results","ok","88950","older_years_biggame_odds/2021/21_youth_bull_elk.pdf","https://wildlife.utah.gov/pdf/bg/2021/21_youth_bull_elk.pdf",""
"utah_wildlife_biggame_odds_archive","2021","Youth general-season deer draw results","ok","1400527","older_years_biggame_odds/2021/21_youth_deer.pdf","https://wildlife.utah.gov/pdf/bg/2021/21_youth_deer.pdf",""
"utah_wildlife_biggame_odds_archive","2021","Big game limited-entry & once-in-a-lifetime draw results","ok","10570345","older_years_biggame_odds/2021/21_bg-odds.pdf","https://wildlife.utah.gov/pdf/bg/2021/21_bg-odds.pdf",""
"utah_wildlife_biggame_odds_archive","2021","Antlerless big game draw results","ok","2872574","older_years_biggame_odds/2021/21_antlerless_drawing_odds_report.pdf","https://wildlife.utah.gov/pdf/bg/2021/21_antlerless_drawing_odds_report.pdf",""
"utah_wildlife_biggame_odds_archive","2021","Youth antlerless big game draw results","ok","2600042","older_years_biggame_odds/2021/21_youth_antlerless_drawing_odds_report.pdf","https://wildlife.utah.gov/pdf/bg/2021/21_youth_antlerless_drawing_odds_report.pdf",""
"utah_wildlife_biggame_odds_archive","2021","Youth draw-only elk bonus point draw results","ok","88950","older_years_biggame_odds/2021/21_youth_bull_elk__dup2.pdf","https://wildlife.utah.gov/pdf/bg/2021/21_youth_bull_elk.pdf",""
"utah_wildlife_biggame_odds_archive","2021","Dedicated Hunter deer draw results","ok","531895","older_years_biggame_odds/2021/21_dh_odds.pdf","https://wildlife.utah.gov/pdf/bg/2021/21_dh_odds.pdf",""
"utah_wildlife_biggame_odds_archive","2021","Youth Dedicated Hunter deer draw results","ok","342992","older_years_biggame_odds/2021/21_youth_dh_odds.pdf","https://wildlife.utah.gov/pdf/bg/2021/21_youth_dh_odds.pdf",""
"utah_wildlife_biggame_odds_archive","2021","Sportsman draw odds report","ok","156728","older_years_biggame_odds/2021/21-22_sportsman_odds.pdf","https://wildlife.utah.gov/pdf/bg/2021/21-22_sportsman_odds.pdf",""
"utah_wildlife_biggame_odds_archive","2020","General-season buck deer draw results","ok","1368790","older_years_biggame_odds/2020/20_deer_odds.pdf","https://wildlife.utah.gov/pdf/bg/2020/20_deer_odds.pdf",""
"utah_wildlife_biggame_odds_archive","2020","Lifetime general-season deer draw results","ok","1354217","older_years_biggame_odds/2020/20_lifetime_deer.pdf","https://wildlife.utah.gov/pdf/bg/2020/20_lifetime_deer.pdf",""
"utah_wildlife_biggame_odds_archive","2020","Youth draw-only elk bonus point draw results","ok","91787","older_years_biggame_odds/2020/20_youth_bull_elk.pdf","https://wildlife.utah.gov/pdf/bg/2020/20_youth_bull_elk.pdf",""
"utah_wildlife_biggame_odds_archive","2020","Youth general-season deer draw results","ok","1341859","older_years_biggame_odds/2020/20_youth_deer.pdf","https://wildlife.utah.gov/pdf/bg/2020/20_youth_deer.pdf",""
"utah_wildlife_biggame_odds_archive","2020","Big game limited-entry & once-in-a-lifetime draw results","ok","10158873","older_years_biggame_odds/2020/20_bg-odds.pdf","https://wildlife.utah.gov/pdf/bg/2020/20_bg-odds.pdf",""
"utah_wildlife_biggame_odds_archive","2020","Antlerless big game draw results","ok","2961988","older_years_biggame_odds/2020/20_antlerless_drawing_odds_report.pdf","https://wildlife.utah.gov/pdf/bg/2020/20_antlerless_drawing_odds_report.pdf",""
"utah_wildlife_biggame_odds_archive","2020","Youth antlerless big game draw results","ok","2710371","older_years_biggame_odds/2020/20_youth_antlerless_drawing_odds_report.pdf","https://wildlife.utah.gov/pdf/bg/2020/20_youth_antlerless_drawing_odds_report.pdf",""
"utah_wildlife_biggame_odds_archive","2020","Youth draw-only elk bonus point draw results","ok","91787","older_years_biggame_odds/2020/20_youth_bull_elk__dup2.pdf","https://wildlife.utah.gov/pdf/bg/2020/20_youth_bull_elk.pdf",""
"utah_wildlife_biggame_odds_archive","2020","Dedicated Hunter deer draw results","ok","493484","older_years_biggame_odds/2020/20_dh_odds.pdf","https://wildlife.utah.gov/pdf/bg/2020/20_dh_odds.pdf",""
"utah_wildlife_biggame_odds_archive","2020","Youth Dedicated Hunter deer draw results","ok","396792","older_years_biggame_odds/2020/20_youth_dh_odds.pdf","https://wildlife.utah.gov/pdf/bg/2020/20_youth_dh_odds.pdf",""
"utah_wildlife_biggame_odds_archive","2020","Sportsman draw odds report","ok","133936","older_years_biggame_odds/2020/20-21_sportsman_odds.pdf","https://wildlife.utah.gov/pdf/bg/2020/20-21_sportsman_odds.pdf",""
"utah_wildlife_biggame_odds_archive","2019","2019-20 sportsman drawing odds report","ok","134182","older_years_biggame_odds/2019/19-20_sportsman_odds.pdf","https://wildlife.utah.gov/pdf/bg/2019/19-20_sportsman_odds.pdf",""
"utah_wildlife_biggame_odds_archive","2019","2019 big game drawing odds report for limited-entry and once-in-a-lifetime","ok","2006015","older_years_biggame_odds/2019/19_bg-odds.pdf","https://wildlife.utah.gov/pdf/bg/2019/19_bg-odds.pdf",""
"utah_wildlife_biggame_odds_archive","2019","2019 general-season deer drawing odds report","ok","397391","older_years_biggame_odds/2019/19_deer_odds.pdf","https://wildlife.utah.gov/pdf/bg/2019/19_deer_odds.pdf",""
"utah_wildlife_biggame_odds_archive","2019","2019 Dedicated Hunter drawing odds report","ok","180565","older_years_biggame_odds/2019/19_dh_odds.pdf","https://wildlife.utah.gov/pdf/bg/2019/19_dh_odds.pdf",""
"utah_wildlife_biggame_odds_archive","2019","2019 lifetime general-season deer drawing odds report","ok","387963","older_years_biggame_odds/2019/19_lifetime_deer.pdf","https://wildlife.utah.gov/pdf/bg/2019/19_lifetime_deer.pdf",""
"utah_wildlife_biggame_odds_archive","2019","2019 youth any bull elk drawing odds report","ok","72444","older_years_biggame_odds/2019/19_youth_bull_elk.pdf","https://wildlife.utah.gov/pdf/bg/2019/19_youth_bull_elk.pdf",""
"utah_wildlife_biggame_odds_archive","2019","2019 youth Dedicated Hunter drawing odds report","ok","148775","older_years_biggame_odds/2019/19_youth_dh_odds.pdf","https://wildlife.utah.gov/pdf/bg/2019/19_youth_dh_odds.pdf",""
"utah_wildlife_biggame_odds_archive","2019","2019 youth general-season deer drawing odds report","ok","383036","older_years_biggame_odds/2019/19_youth_deer.pdf","https://wildlife.utah.gov/pdf/bg/2019/19_youth_deer.pdf",""
"utah_wildlife_biggame_odds_archive","2019","2019 antlerless drawing odds report","ok","931713","older_years_biggame_odds/2019/19_antlerless_drawing_odds_report.pdf","https://wildlife.utah.gov/pdf/bg/2019/19_antlerless_drawing_odds_report.pdf",""
"utah_wildlife_biggame_odds_archive","2019","2019 youth antlerless drawing odds report","ok","822988","older_years_biggame_odds/2019/19_youth_antlerless_drawing_odds_report.pdf","https://wildlife.utah.gov/pdf/bg/2019/19_youth_antlerless_drawing_odds_report.pdf",""
"utah_wildlife_biggame_odds_archive","2018","2018-19 sportsman drawing odds report","ok","134671","older_years_biggame_odds/2018/18-19_sportsman_odds.pdf","https://wildlife.utah.gov/pdf/bg/2018/18-19_sportsman_odds.pdf",""
"utah_wildlife_biggame_odds_archive","2018","2018 big game drawing odds report for limited-entry and once-in-a-lifetime","ok","1926120","older_years_biggame_odds/2018/18_big_game_odds_report.pdf","https://wildlife.utah.gov/pdf/bg/2018/18_big_game_odds_report.pdf",""
"utah_wildlife_biggame_odds_archive","2018","2018 Dedicated Hunter drawing odds report","ok","184866","older_years_biggame_odds/2018/18_dedicated_hunter_deer.pdf","https://wildlife.utah.gov/pdf/bg/2018/18_dedicated_hunter_deer.pdf",""
"utah_wildlife_biggame_odds_archive","2018","2018 general-season deer drawing odds report","ok","408060","older_years_biggame_odds/2018/18_general_deer.pdf","https://wildlife.utah.gov/pdf/bg/2018/18_general_deer.pdf",""
"utah_wildlife_biggame_odds_archive","2018","2018 lifetime general-season deer drawing odds report","ok","452777","older_years_biggame_odds/2018/18_lifetime_general_deer.pdf","https://wildlife.utah.gov/pdf/bg/2018/18_lifetime_general_deer.pdf",""
"utah_wildlife_biggame_odds_archive","2018","2018 youth any bull elk drawing odds report","ok","73213","older_years_biggame_odds/2018/18_youth_any_bull_elk.pdf","https://wildlife.utah.gov/pdf/bg/2018/18_youth_any_bull_elk.pdf",""
"utah_wildlife_biggame_odds_archive","2018","2018 youth general-season deer drawing odds report","ok","466433","older_years_biggame_odds/2018/18_youth_general_deer.pdf","https://wildlife.utah.gov/pdf/bg/2018/18_youth_general_deer.pdf",""
"utah_wildlife_biggame_odds_archive","2018","2018 youth any bull elk drawing odds report","ok","73213","older_years_biggame_odds/2018/18_youth_any_bull_elk__dup2.pdf","https://wildlife.utah.gov/pdf/bg/2018/18_youth_any_bull_elk.pdf",""
"utah_wildlife_biggame_odds_archive","2018","2018 antlerless drawing odds report","ok","862171","older_years_biggame_odds/2018/18_antlerless_drawing_odds_report.pdf","https://wildlife.utah.gov/pdf/bg/2018/18_antlerless_drawing_odds_report.pdf",""
"utah_wildlife_biggame_odds_archive","2018","2018 youth antlerless drawing odds report","ok","762576","older_years_biggame_odds/2018/18_youth_antlerless_drawing_odds_report.pdf","https://wildlife.utah.gov/pdf/bg/2018/18_youth_antlerless_drawing_odds_report.pdf",""
"utah_wildlife_biggame_odds_archive","2018","2018 sportsman drawing odds report","ok","37696","older_years_biggame_odds/2018/2018_sportsman_odds.pdf","https://wildlife.utah.gov/pdf/bg/2018/2018_sportsman_odds.pdf",""
"utah_wildlife_biggame_odds_archive","2017","2017 sportsman drawing odds report","ok","16166","older_years_biggame_odds/2017/2017_sportsman_odds.pdf","https://wildlife.utah.gov/pdf/bg/2017/2017_sportsman_odds.pdf",""
"utah_wildlife_biggame_odds_archive","2017","2017 big game drawing odds report","ok","1869453","older_years_biggame_odds/2017/17_big_game_odds_report.pdf","https://wildlife.utah.gov/pdf/bg/2017/17_big_game_odds_report.pdf",""
"utah_wildlife_biggame_odds_archive","2017","2017 preference point summary by residency and species","ok","97777","older_years_biggame_odds/2017/17_point_summary.pdf","https://wildlife.utah.gov/pdf/bg/2017/17_point_summary.pdf",""
"utah_wildlife_biggame_odds_archive","2017","2017 general-season deer preference point purchase, bonus points, drawing odds report","ok","380681","older_years_biggame_odds/2017/17_general_deer.pdf","https://wildlife.utah.gov/pdf/bg/2017/17_general_deer.pdf",""
"utah_wildlife_biggame_odds_archive","2017","2017 dedicated hunter preference point purchase, bonus points, drawing odds report","ok","194809","older_years_biggame_odds/2017/17_dedicated_hunter_deer.pdf","https://wildlife.utah.gov/pdf/bg/2017/17_dedicated_hunter_deer.pdf",""
"utah_wildlife_biggame_odds_archive","2017","2017 lifetime general-season deer permit drawing odds report","ok","370735","older_years_biggame_odds/2017/17_lifetime_general_deer.pdf","https://wildlife.utah.gov/pdf/bg/2017/17_lifetime_general_deer.pdf",""
"utah_wildlife_biggame_odds_archive","2017","2017 youth general-season deer preference point purchase, bonus points, drawing odds report","ok","369005","older_years_biggame_odds/2017/17_youth_general_deer.pdf","https://wildlife.utah.gov/pdf/bg/2017/17_youth_general_deer.pdf",""
"utah_wildlife_biggame_odds_archive","2017","2017 youth any bull elk drawing odds report","ok","84039","older_years_biggame_odds/2017/17_youth_any_bull_elk.pdf","https://wildlife.utah.gov/pdf/bg/2017/17_youth_any_bull_elk.pdf",""
"utah_wildlife_biggame_odds_archive","2017","2017 antlerless preference point draw results","ok","765701","older_years_biggame_odds/2017/17_antlerless_points.pdf","https://wildlife.utah.gov/pdf/bg/2017/17_antlerless_points.pdf",""
"utah_wildlife_biggame_odds_archive","2017","2017 antlerless bonus point draw results","ok","79011","older_years_biggame_odds/2017/17_antlerless_bonus_point_draw.pdf","https://wildlife.utah.gov/pdf/bg/2017/17_antlerless_bonus_point_draw.pdf",""
"utah_wildlife_biggame_odds_archive","2017","2017 antlerless bonus point purchase results","ok","68888","older_years_biggame_odds/2017/17_antlerless_bonus_point_purchase.pdf","https://wildlife.utah.gov/pdf/bg/2017/17_antlerless_bonus_point_purchase.pdf",""
"utah_wildlife_biggame_odds_archive","2017","2017 antlerless youth preference point draw results","ok","704694","older_years_biggame_odds/2017/17_antlerless_youth_points.pdf","https://wildlife.utah.gov/pdf/bg/2017/17_antlerless_youth_points.pdf",""
"utah_wildlife_biggame_odds_archive","2017","2017 antlerless youth bonus point draw results","ok","74203","older_years_biggame_odds/2017/17_antlerless_youth_bonus_point_draw.pdf","https://wildlife.utah.gov/pdf/bg/2017/17_antlerless_youth_bonus_point_draw.pdf",""
"utah_wildlife_biggame_odds_archive","2016","2016 sportsman drawing odds report","ok","16185","older_years_biggame_odds/2016/2016_sportsman_odds.pdf","https://wildlife.utah.gov/pdf/bg/2016/2016_sportsman_odds.pdf",""
"utah_wildlife_biggame_odds_archive","2016","2016 big game drawing odds report","ok","1848125","older_years_biggame_odds/2016/16_big_game_odds_report.pdf","https://wildlife.utah.gov/pdf/bg/2016/16_big_game_odds_report.pdf",""
"utah_wildlife_biggame_odds_archive","2016","2016 general-season deer preference point purchase, bonus points, drawing odds report","ok","299525","older_years_biggame_odds/2016/16_general_deer.pdf","https://wildlife.utah.gov/pdf/bg/2016/16_general_deer.pdf",""
"utah_wildlife_biggame_odds_archive","2016","2016 preference point summary by residency and species","ok","20913","older_years_biggame_odds/2016/16_point_summary.pdf","https://wildlife.utah.gov/pdf/bg/2016/16_point_summary.pdf",""
"utah_wildlife_biggame_odds_archive","2016","2016 lifetime general-season deer permit drawing odds report","ok","273321","older_years_biggame_odds/2016/16_lifetime_general_deer.pdf","https://wildlife.utah.gov/pdf/bg/2016/16_lifetime_general_deer.pdf",""
"utah_wildlife_biggame_odds_archive","2016","2016 dedicated hunter preference point purchase, bonus points, drawing odds report","ok","117386","older_years_biggame_odds/2016/16_dedicated_hunter_deer.pdf","https://wildlife.utah.gov/pdf/bg/2016/16_dedicated_hunter_deer.pdf",""
"utah_wildlife_biggame_odds_archive","2016","2016 youth any bull elk drawing odds report","ok","45220","older_years_biggame_odds/2016/16_youth_any_bull_elk.pdf","https://wildlife.utah.gov/pdf/bg/2016/16_youth_any_bull_elk.pdf",""
"utah_wildlife_biggame_odds_archive","2016","2016 antlerless drawing odds report","ok","69020","older_years_biggame_odds/2016/16_antlerless_report.pdf","https://wildlife.utah.gov/pdf/bg/2016/16_antlerless_report.pdf",""
"utah_wildlife_biggame_odds_archive","2016","2016 antlerless preference point draw results","ok","648137","older_years_biggame_odds/2016/16_antlerless_points.pdf","https://wildlife.utah.gov/pdf/bg/2016/16_antlerless_points.pdf",""
"utah_wildlife_biggame_odds_archive","2016","2016 antlerless bonus point draw results","ok","25980","older_years_biggame_odds/2016/16_antlerless_bonus_point_draw.pdf","https://wildlife.utah.gov/pdf/bg/2016/16_antlerless_bonus_point_draw.pdf",""
"utah_wildlife_biggame_odds_archive","2016","2016 antlerless bonus point purchase results","ok","20280","older_years_biggame_odds/2016/16_antlerless_bonus_point_purchase.pdf","https://wildlife.utah.gov/pdf/bg/2016/16_antlerless_bonus_point_purchase.pdf",""
"utah_wildlife_biggame_odds_archive","2015","2015 big game drawing odds report","ok","3433494","older_years_biggame_odds/2015/15_big_game_odds_report.pdf","https://wildlife.utah.gov/pdf/bg/2015/15_big_game_odds_report.pdf",""
"utah_wildlife_biggame_odds_archive","2015","2015 general-season deer preference point purchase, bonus points, drawing odds report","ok","306032","older_years_biggame_odds/2015/15_general_deer.pdf","https://wildlife.utah.gov/pdf/bg/2015/15_general_deer.pdf",""
"utah_wildlife_biggame_odds_archive","2015","2015 preference point summary by residency and species","ok","17739","older_years_biggame_odds/2015/15_point_summary.pdf","https://wildlife.utah.gov/pdf/bg/2015/15_point_summary.pdf",""
"utah_wildlife_biggame_odds_archive","2015","2015 lifetime general-season deer permit drawing odds report","ok","299301","older_years_biggame_odds/2015/15_lifetime_general_deer.pdf","https://wildlife.utah.gov/pdf/bg/2015/15_lifetime_general_deer.pdf",""
"utah_wildlife_biggame_odds_archive","2015","2015 dedicated hunter preference point purchase, bonus points, drawing odds report","ok","123562","older_years_biggame_odds/2015/15_dedicated_hunter_deer.pdf","https://wildlife.utah.gov/pdf/bg/2015/15_dedicated_hunter_deer.pdf",""
"utah_wildlife_biggame_odds_archive","2015","2015 youth any bull elk drawing odds report","ok","18543","older_years_biggame_odds/2015/15_youth_any_bull_elk.pdf","https://wildlife.utah.gov/pdf/bg/2015/15_youth_any_bull_elk.pdf",""
"utah_wildlife_biggame_odds_archive","2015","2015 antlerless drawing odds report","ok","300790","older_years_biggame_odds/2015/15_antlerless_report.pdf","https://wildlife.utah.gov/pdf/bg/2015/15_antlerless_report.pdf",""
"utah_wildlife_biggame_odds_archive","2015","2015 antlerless preference point draw results","ok","1278361","older_years_biggame_odds/2015/15_antlerless_points.pdf","https://wildlife.utah.gov/pdf/bg/2015/15_antlerless_points.pdf",""
"utah_wildlife_biggame_odds_archive","2015","2015 antlerless bonus point draw results","ok","27044","older_years_biggame_odds/2015/15_antlerless_bonus_point_draw.pdf","https://wildlife.utah.gov/pdf/bg/2015/15_antlerless_bonus_point_draw.pdf",""
"utah_wildlife_biggame_odds_archive","2015","2015 antlerless bonus point purchase results","ok","24875","older_years_biggame_odds/2015/15_antlerless_bonus_point_purchase.pdf","https://wildlife.utah.gov/pdf/bg/2015/15_antlerless_bonus_point_purchase.pdf",""
"utah_wildlife_biggame_odds_archive","2014","2014 sportsman drawing odds report","ok","59304","older_years_biggame_odds/2014/2014_sportsman_odds.pdf","https://wildlife.utah.gov/pdf/bg/2014/2014_sportsman_odds.pdf",""
"utah_wildlife_biggame_odds_archive","2014","2014 big game drawing odds report","ok","152299","older_years_biggame_odds/2014/14_big_game_odds_report.pdf","https://wildlife.utah.gov/pdf/bg/2014/14_big_game_odds_report.pdf",""
"utah_wildlife_biggame_odds_archive","2014","2014 bison bonus point purchase, bonus points, drawing odds report","ok","46406","older_years_biggame_odds/2014/14_bison.pdf","https://wildlife.utah.gov/pdf/bg/2014/14_bison.pdf",""
"utah_wildlife_biggame_odds_archive","2014","2014 bull moose bonus point purchase, bonus points, drawing odds report","ok","125448","older_years_biggame_odds/2014/14_moose.pdf","https://wildlife.utah.gov/pdf/bg/2014/14_moose.pdf",""
"utah_wildlife_biggame_odds_archive","2014","2014 dedicated hunter preference point purchase, bonus points, drawing odds report","ok","107810","older_years_biggame_odds/2014/14_dedicated_hunter_deer.pdf","https://wildlife.utah.gov/pdf/bg/2014/14_dedicated_hunter_deer.pdf",""
"utah_wildlife_biggame_odds_archive","2014","2014 desert bighorn bonus point purchase, bonus points, drawing odds report","ok","59888","older_years_biggame_odds/2014/14_desert_bighorn.pdf","https://wildlife.utah.gov/pdf/bg/2014/14_desert_bighorn.pdf",""
"utah_wildlife_biggame_odds_archive","2014","2014 general-season deer preference point purchase, bonus points, drawing odds report","ok","293932","older_years_biggame_odds/2014/14_general_deer.pdf","https://wildlife.utah.gov/pdf/bg/2014/14_general_deer.pdf",""
"utah_wildlife_biggame_odds_archive","2014","2014 lifetime general-season deer permit drawing odds report","ok","263548","older_years_biggame_odds/2014/14_lifetime_general_deer.pdf","https://wildlife.utah.gov/pdf/bg/2014/14_lifetime_general_deer.pdf",""
"utah_wildlife_biggame_odds_archive","2014","2014 limited-entry deer bonus point purchase, bonus points, drawing odds report","ok","417830","older_years_biggame_odds/2014/14_le_deer.pdf","https://wildlife.utah.gov/pdf/bg/2014/14_le_deer.pdf",""
"utah_wildlife_biggame_odds_archive","2014","2014 limited-entry elk bonus point purchase, bonus points, drawing odds report","ok","577395","older_years_biggame_odds/2014/14_elk.pdf","https://wildlife.utah.gov/pdf/bg/2014/14_elk.pdf",""
"utah_wildlife_biggame_odds_archive","2014","2014 mountain goat bonus point purchase, bonus points, drawing odds report","ok","67028","older_years_biggame_odds/2014/14_mountain_goat.pdf","https://wildlife.utah.gov/pdf/bg/2014/14_mountain_goat.pdf",""
"utah_wildlife_biggame_odds_archive","2014","2014 preference and bonus point summaries by residency and species","ok","17525","older_years_biggame_odds/2014/14_drawing_status.pdf","https://wildlife.utah.gov/pdf/bg/2014/14_drawing_status.pdf",""
"utah_wildlife_biggame_odds_archive","2014","2014 pronghorn bonus point purchase, bonus points, drawing odds report","ok","219278","older_years_biggame_odds/2014/14_pronghorn.pdf","https://wildlife.utah.gov/pdf/bg/2014/14_pronghorn.pdf",""
"utah_wildlife_biggame_odds_archive","2014","2014 Rocky Mountain bighorn bonus point purchase, bonus points, drawing odds report","ok","54087","older_years_biggame_odds/2014/14_rm_bighorn.pdf","https://wildlife.utah.gov/pdf/bg/2014/14_rm_bighorn.pdf",""
"utah_wildlife_biggame_odds_archive","2014","2014 antlerless drawing odds report","ok","64321","older_years_biggame_odds/2014/14_antlerless_report.pdf","https://wildlife.utah.gov/pdf/bg/2014/14_antlerless_report.pdf",""
"utah_wildlife_biggame_odds_archive","2014","2014 antlerless preference point draw results","ok","608450","older_years_biggame_odds/2014/14_antlerless_points.pdf","https://wildlife.utah.gov/pdf/bg/2014/14_antlerless_points.pdf",""
"utah_wildlife_biggame_odds_archive","2014","2014 antlerless bonus point draw results","ok","22556","older_years_biggame_odds/2014/14_antlerless_bonus_point_draw.pdf","https://wildlife.utah.gov/pdf/bg/2014/14_antlerless_bonus_point_draw.pdf",""
"utah_wildlife_biggame_odds_archive","2014","2014 antlerless bonus point purchase results","ok","19846","older_years_biggame_odds/2014/14_antlerless_bonus_point_purchase.pdf","https://wildlife.utah.gov/pdf/bg/2014/14_antlerless_bonus_point_purchase.pdf",""
"utah_wildlife_biggame_odds_archive","2013","2013 sportsman drawing odds report","ok","35662","older_years_biggame_odds/2013/2013_sportsman_permits.pdf","https://wildlife.utah.gov/pdf/bg/2013/2013_sportsman_permits.pdf",""
"utah_wildlife_biggame_odds_archive","2013","2013 big game drawing odds report","ok","219543","older_years_biggame_odds/2013/13_big_game_odds_report.pdf","https://wildlife.utah.gov/pdf/bg/2013/13_big_game_odds_report.pdf",""
"utah_wildlife_biggame_odds_archive","2013","2013 bison bonus point purchase, bonus points, drawing odds report","ok","57415","older_years_biggame_odds/2013/13_bison.pdf","https://wildlife.utah.gov/pdf/bg/2013/13_bison.pdf",""
"utah_wildlife_biggame_odds_archive","2013","2013 bull moose bonus point purchase, bonus points, drawing odds report","ok","152117","older_years_biggame_odds/2013/13_moose.pdf","https://wildlife.utah.gov/pdf/bg/2013/13_moose.pdf",""
"utah_wildlife_biggame_odds_archive","2013","2013 desert bighorn bonus point purchase, bonus points, drawing odds report","ok","74106","older_years_biggame_odds/2013/13_desert_bighorn.pdf","https://wildlife.utah.gov/pdf/bg/2013/13_desert_bighorn.pdf",""
"utah_wildlife_biggame_odds_archive","2013","2013 elk bonus point purchase, bonus points, drawing odds report","ok","572715","older_years_biggame_odds/2013/13_elk.pdf","https://wildlife.utah.gov/pdf/bg/2013/13_elk.pdf",""
"utah_wildlife_biggame_odds_archive","2013","2013 general season deer preference point purchase, bonus points, drawing odds report","ok","297772","older_years_biggame_odds/2013/13_general_deer.pdf","https://wildlife.utah.gov/pdf/bg/2013/13_general_deer.pdf",""
"utah_wildlife_biggame_odds_archive","2013","2013 limited-entry deer bonus point purchase, bonus points, drawing odds report","ok","398379","older_years_biggame_odds/2013/13_le_deer.pdf","https://wildlife.utah.gov/pdf/bg/2013/13_le_deer.pdf",""
"utah_wildlife_biggame_odds_archive","2013","2013 preference point summary by residency and species","ok","17185","older_years_biggame_odds/2013/13_preference_point_summary.pdf","https://wildlife.utah.gov/pdf/bg/2013/13_preference_point_summary.pdf",""
"utah_wildlife_biggame_odds_archive","2013","2013 pronghorn bonus point purchase, bonus points, drawing odds report","ok","225590","older_years_biggame_odds/2013/13_pronghorn.pdf","https://wildlife.utah.gov/pdf/bg/2013/13_pronghorn.pdf",""
"utah_wildlife_biggame_odds_archive","2013","2013 Rocky Mountain bighorn bonus point purchase, bonus points, drawing odds report","ok","61825","older_years_biggame_odds/2013/13_rm_bighorn.pdf","https://wildlife.utah.gov/pdf/bg/2013/13_rm_bighorn.pdf",""
"utah_wildlife_biggame_odds_archive","2013","2013 mountain goat bonus point purchase, bonus points, drawing odds report","ok","86889","older_years_biggame_odds/2013/13_goat.pdf","https://wildlife.utah.gov/pdf/bg/2013/13_goat.pdf",""
"utah_wildlife_biggame_odds_archive","2013","2013 antlerless drawing odds report","ok","95099","older_years_biggame_odds/2013/13_antlerless_report.pdf","https://wildlife.utah.gov/pdf/bg/2013/13_antlerless_report.pdf",""
"utah_wildlife_biggame_odds_archive","2013","2013 antlerless preference point draw results","ok","633263","older_years_biggame_odds/2013/13_antlerless_points.pdf","https://wildlife.utah.gov/pdf/bg/2013/13_antlerless_points.pdf",""
"utah_wildlife_biggame_odds_archive","2012","2012 big game drawing odds report","ok","254011","older_years_biggame_odds/2012/12_big_game_odds.pdf","https://wildlife.utah.gov/pdf/bg/2012/12_big_game_odds.pdf",""
"utah_wildlife_biggame_odds_archive","2012","2012 bison bonus point purchase, bonus points, drawing odds report","ok","39613","older_years_biggame_odds/2012/12_bison.pdf","https://wildlife.utah.gov/pdf/bg/2012/12_bison.pdf",""
"utah_wildlife_biggame_odds_archive","2012","2012 bull moose bonus point purchase, bonus points, drawing odds report","ok","155178","older_years_biggame_odds/2012/12_moose.pdf","https://wildlife.utah.gov/pdf/bg/2012/12_moose.pdf",""
"utah_wildlife_biggame_odds_archive","2012","2012 desert bighorn bonus point purchase, bonus points, drawing odds report","ok","61753","older_years_biggame_odds/2012/12_desert_bighorn.pdf","https://wildlife.utah.gov/pdf/bg/2012/12_desert_bighorn.pdf",""
"utah_wildlife_biggame_odds_archive","2012","2012 elk bonus point purchase, bonus points, drawing odds report","ok","620639","older_years_biggame_odds/2012/12_elk.pdf","https://wildlife.utah.gov/pdf/bg/2012/12_elk.pdf",""
"utah_wildlife_biggame_odds_archive","2012","2012 general season deer preference point purchase, bonus points, drawing odds report","ok","306715","older_years_biggame_odds/2012/12_general_deer.pdf","https://wildlife.utah.gov/pdf/bg/2012/12_general_deer.pdf",""
"utah_wildlife_biggame_odds_archive","2012","2012 limited-entry deer bonus point purchase, bonus points, drawing odds report","ok","498938","older_years_biggame_odds/2012/12_le_deer.pdf","https://wildlife.utah.gov/pdf/bg/2012/12_le_deer.pdf",""
"utah_wildlife_biggame_odds_archive","2012","2012 preference point summary by residency and species","ok","17915","older_years_biggame_odds/2012/12_preference_pt_summary.pdf","https://wildlife.utah.gov/pdf/bg/2012/12_preference_pt_summary.pdf",""
"utah_wildlife_biggame_odds_archive","2012","2012 pronghorn bonus point purchase, bonus points, drawing odds report","ok","232252","older_years_biggame_odds/2012/12_pronghorn.pdf","https://wildlife.utah.gov/pdf/bg/2012/12_pronghorn.pdf",""
"utah_wildlife_biggame_odds_archive","2012","2012 Rocky Mountain bighorn bonus point purchase, bonus points, drawing odds report","ok","45215","older_years_biggame_odds/2012/12_rm_bighorn.pdf","https://wildlife.utah.gov/pdf/bg/2012/12_rm_bighorn.pdf",""
"utah_wildlife_biggame_odds_archive","2012","2012 Rocky Mountain goat bonus point purchase, bonus points, drawing odds report","ok","72640","older_years_biggame_odds/2012/12_goat.pdf","https://wildlife.utah.gov/pdf/bg/2012/12_goat.pdf",""
"utah_wildlife_biggame_odds_archive","2012","2011-12 preference point summary by residency and species","error","0","older_years_biggame_odds/2012/11-12_preference_pt_summary.pdf","https://wildlife.utah.gov/pdf/bg/2012/11-12_preference_pt_summary.pdf","The request was aborted: The connection was closed unexpectedly."
"utah_wildlife_biggame_odds_archive","2012","2012 antlerless drawing odds report","ok","89209","older_years_biggame_odds/2012/12_antlerless_report.pdf","https://wildlife.utah.gov/pdf/bg/2012/12_antlerless_report.pdf",""
"utah_wildlife_biggame_odds_archive","2012","2012 antlerless preference point draw results","ok","588456","older_years_biggame_odds/2012/12_antlerless_points.pdf","https://wildlife.utah.gov/pdf/bg/2012/12_antlerless_points.pdf",""
"utah_wildlife_biggame_odds_archive","2012","2011-12 sportsman drawing odds report","ok","17580","older_years_biggame_odds/2012/12_sportsman_odds.pdf","https://wildlife.utah.gov/pdf/bg/2012/12_sportsman_odds.pdf",""
"utah_wildlife_biggame_odds_archive","2011","2011 big game drawing odds report","ok","87534","older_years_biggame_odds/2011/2011_biggame_odds.pdf","https://wildlife.utah.gov/pdf/bg/2011/2011_biggame_odds.pdf",""
"utah_wildlife_biggame_odds_archive","2011","2011 antlerless preference point draw results","ok","612316","older_years_biggame_odds/2011/11_antlerless-points.pdf","https://wildlife.utah.gov/pdf/bg/2011/11_antlerless-points.pdf",""
"utah_wildlife_biggame_odds_archive","2011","2011 big game bonus point draw results by hunt","ok","1530698","older_years_biggame_odds/2011/11_bg_bonus_point_draw_results_hunt.pdf","https://wildlife.utah.gov/pdf/bg/2011/11_bg_bonus_point_draw_results_hunt.pdf",""
"utah_wildlife_biggame_odds_archive","2011","2011 big game bonus point purchase results","ok","31457","older_years_biggame_odds/2011/11_bonus_point_purchase.pdf","https://wildlife.utah.gov/pdf/bg/2011/11_bonus_point_purchase.pdf",""
"utah_wildlife_biggame_odds_archive","2011","2011 big game bonus point draw results by species","ok","45870","older_years_biggame_odds/2011/11_bg_bonus_point_draw_results_species.pdf","https://wildlife.utah.gov/pdf/bg/2011/11_bg_bonus_point_draw_results_species.pdf",""
"utah_wildlife_biggame_odds_archive","2011","2010-11 sportsman drawing odds report","ok","14439","older_years_biggame_odds/2011/11_sportsman_odds.pdf","https://wildlife.utah.gov/pdf/bg/2011/11_sportsman_odds.pdf",""
"utah_wildlife_biggame_odds_archive","2010","2010 antlerless preference point draw results","ok","679664","older_years_biggame_odds/2010/10_antlerless_points.pdf","https://wildlife.utah.gov/pdf/bg/2010/10_antlerless_points.pdf",""
"utah_wildlife_biggame_odds_archive","2010","2010 big game bonus point draw results","ok","1496642","older_years_biggame_odds/2010/10_bg_bonus_point_draw_results.pdf","https://wildlife.utah.gov/pdf/bg/2010/10_bg_bonus_point_draw_results.pdf",""
"utah_wildlife_biggame_odds_archive","2010","2010 big game bonus point purchase results","ok","31111","older_years_biggame_odds/2010/10_bonus_point_purchase.pdf","https://wildlife.utah.gov/pdf/bg/2010/10_bonus_point_purchase.pdf",""
"utah_wildlife_biggame_odds_archive","2010","2010 bonus point summary by residency and species","ok","20145","older_years_biggame_odds/2010/10_bonus_point_summary.pdf","https://wildlife.utah.gov/pdf/bg/2010/10_bonus_point_summary.pdf",""
"utah_wildlife_biggame_odds_archive","2010","2010 big game draw results","ok","45561","older_years_biggame_odds/2010/10_species_draw.pdf","https://wildlife.utah.gov/pdf/bg/2010/10_species_draw.pdf",""
"utah_wildlife_biggame_odds_archive","2010","2010 big game drawing odds report","ok","86476","older_years_biggame_odds/2010/2010_biggame_odds.pdf","https://wildlife.utah.gov/pdf/bg/2010/2010_biggame_odds.pdf",""
