hunt_code,pasted_hunt_name,database_hunt_name,recommended_hunt_name,pasted_res,pasted_nr,pasted_total,recommended_res,recommended_nr,recommended_total,database_allotment_res,database_allotment_nr,database_allotment_total,pasted_vs_recommended,pasted_vs_database,database_alignment,recommended_winner_source,recommended_confidence,pasted_duplicate_count,pasted_hunt_type,pasted_season,notes
EA1007,"Box Elder, Grouse Creek","Box Elder, Grouse Creek","Box Elder, Grouse Creek",27,3,30,27,3,30,27,3,30,EXACT_MATCH,EXACT_MATCH,DATABASE_MATCHES_RECOMMENDED,HUNTTABLE,MEDIUM_SINGLE_SOURCE,1,General Season,Nov 06 2026 - Jan 31 2027,
EA1010,"Cache, Rich","Cache, Rich","Cache, Rich",31,4,35,31,4,35,31,4,35,EXACT_MATCH,EXACT_MATCH,DATABASE_MATCHES_RECOMMENDED,HANUMBER,HIGH_CONFIRMED_2PLUS,1,General Season,Oct 03 2026 - Oct 25 2026,
EA1011,"Cache, Richards Hollow","Cache, Richards Hollow","Cache, Richards Hollow",18,2,20,18,2,20,18,2,20,EXACT_MATCH,EXACT_MATCH,DATABASE_MATCHES_RECOMMENDED,HANUMBER,HIGH_CONFIRMED_2PLUS,1,General Season,Nov 14 2026 - Dec 31 2026,
EA1012,"Cache, Richmond Hyde Park","Cache, Richmond Hyde Park","Cache, Richmond Hyde Park",4,1,5,4,1,5,4,1,5,EXACT_MATCH,EXACT_MATCH,DATABASE_MATCHES_RECOMMENDED,HANUMBER,HIGH_CONFIRMED_2PLUS,1,General Season,Aug 01 2025 - Dec 01 2025,
EA1013,"Manti, Central","Manti, Central","Manti, Central",63,7,70,63,7,70,63,7,70,EXACT_MATCH,EXACT_MATCH,DATABASE_MATCHES_RECOMMENDED,HANUMBER,HIGH_CONFIRMED_2PLUS,1,General Season,Oct 03 2026 - Oct 15 2026,
EA1015,"Manti, Ferron Canyon","Manti, Ferron Canyon","Manti, Ferron Canyon",63,7,70,63,7,70,63,7,70,EXACT_MATCH,EXACT_MATCH,DATABASE_MATCHES_RECOMMENDED,HANUMBER,HIGH_CONFIRMED_2PLUS,1,General Season,Oct 03 2026 - Oct 15 2026,
EA1017,"Manti, Gordon Creek-Price Canyon","Manti, Gordon Creek-Price Canyon","Manti, Gordon Creek-Price Canyon",90,10,100,90,10,100,90,10,100,EXACT_MATCH,EXACT_MATCH,DATABASE_MATCHES_RECOMMENDED,HANUMBER,HIGH_CONFIRMED_2PLUS,1,General Season,Nov 25 2026 - Jan 31 2027,
EA1018,"Manti, Horn Mtn","Manti, Horn Mtn","Manti, Horn Mtn",54,6,60,54,6,60,54,6,60,EXACT_MATCH,EXACT_MATCH,DATABASE_MATCHES_RECOMMENDED,HANUMBER,HIGH_CONFIRMED_2PLUS,1,General Season,Nov 19 2026 - Dec 31 2026,
EA1020,"Manti, Mohrland-Stump Flat","Manti, Mohrland-Stump Flat","Manti, Mohrland-Stump Flat",108,12,120,108,12,120,108,12,120,EXACT_MATCH,EXACT_MATCH,DATABASE_MATCHES_RECOMMENDED,HANUMBER,HIGH_CONFIRMED_2PLUS,1,General Season,Nov 25 2026 - Jan 31 2027,
EA1021,Nebo,Nebo,Nebo,252,28,280,252,28,280,252,28,280,EXACT_MATCH,EXACT_MATCH,DATABASE_MATCHES_RECOMMENDED,HANUMBER,HIGH_CONFIRMED_2PLUS,1,General Season,Oct 03 2026 - Oct 15 2026,
EA1022,"Manti, North","Manti, North","Manti, North",270,30,300,270,30,300,270,30,300,EXACT_MATCH,EXACT_MATCH,DATABASE_MATCHES_RECOMMENDED,HANUMBER,HIGH_CONFIRMED_2PLUS,1,General Season,Oct 03 2026 - Oct 15 2026,
EA1023,"Manti, South","Manti, South","Manti, South",90,10,100,90,10,100,90,10,100,EXACT_MATCH,EXACT_MATCH,DATABASE_MATCHES_RECOMMENDED,HANUMBER,HIGH_CONFIRMED_2PLUS,1,General Season,Oct 03 2026 - Oct 15 2026,
EA1024,"Manti, South","Manti, South","Manti, South",90,10,100,90,10,100,90,10,100,EXACT_MATCH,EXACT_MATCH,DATABASE_MATCHES_RECOMMENDED,HANUMBER,HIGH_CONFIRMED_2PLUS,1,General Season,Nov 19 2026 - Jan 31 2027,
EA1025,"Manti, West","Manti, West","Manti, West",108,12,120,108,12,120,108,12,120,EXACT_MATCH,EXACT_MATCH,DATABASE_MATCHES_RECOMMENDED,HANUMBER,HIGH_CONFIRMED_2PLUS,1,General Season,Nov 19 2026 - Jan 31 2027,
EA1026,Chalk Creek,Chalk Creek,Chalk Creek,315,35,350,315,35,350,315,35,350,EXACT_MATCH,EXACT_MATCH,DATABASE_MATCHES_RECOMMENDED,HANUMBER,HIGH_CONFIRMED_2PLUS,1,General Season,Nov 07 2026 - Jan 30 2027,
EA1030,"Fillmore, Pahvant","Fillmore, Pahvant","Fillmore, Pahvant",45,5,50,45,5,50,45,5,50,EXACT_MATCH,EXACT_MATCH,DATABASE_MATCHES_RECOMMENDED,HANUMBER,HIGH_CONFIRMED_2PLUS,1,General Season,Nov 14 2026 - Dec 05 2026,
EA1031,"Fillmore, Pahvant","Fillmore, Pahvant","Fillmore, Pahvant",45,5,50,45,5,50,45,5,50,EXACT_MATCH,EXACT_MATCH,DATABASE_MATCHES_RECOMMENDED,HANUMBER,HIGH_CONFIRMED_2PLUS,1,General Season,Dec 12 2026 - Jan 29 2027,
EA1033,Kamas,Kamas,Kamas,90,10,100,90,10,100,90,10,100,EXACT_MATCH,EXACT_MATCH,DATABASE_MATCHES_RECOMMENDED,HANUMBER,HIGH_CONFIRMED_2PLUS,1,General Season,Nov 07 2026 - Jan 17 2027,
EA1035,"Kamas, Oakley","Kamas, Oakley","Kamas, Oakley",90,10,100,90,10,100,90,10,100,EXACT_MATCH,EXACT_MATCH,DATABASE_MATCHES_RECOMMENDED,HANUMBER,HIGH_CONFIRMED_2PLUS,1,General Season,Nov 07 2026 - Dec 30 2026,
EA1037,"La Sal, Dolores Triangle",Dolores Triangle,"La Sal, Dolores Triangle",45,5,50,45,5,50,45,5,50,EXACT_MATCH,EXACT_MATCH,DATABASE_MATCHES_RECOMMENDED,HANUMBER,HIGH_CONFIRMED_2PLUS,1,General Season,Dec 12 2026 - Jan 31 2027,
EA1038,La Sal Mtns,La Sal Mtns,La Sal Mtns,180,20,200,180,20,200,180,20,200,EXACT_MATCH,EXACT_MATCH,DATABASE_MATCHES_RECOMMENDED,HANUMBER,HIGH_CONFIRMED_2PLUS,1,General Season,Oct 03 2026 - Oct 15 2026,
EA1039,La Sal Mtns,La Sal Mtns,La Sal Mtns,135,15,150,135,15,150,135,15,150,EXACT_MATCH,EXACT_MATCH,DATABASE_MATCHES_RECOMMENDED,HANUMBER,HIGH_CONFIRMED_2PLUS,1,General Season,Nov 19 2026 - Dec 31 2026,
EA1044,"Morgan-South Rich, South Rich","Morgan-South Rich, South Rich","Morgan-South Rich, South Rich",31,4,35,31,4,35,31,4,35,EXACT_MATCH,EXACT_MATCH,DATABASE_MATCHES_RECOMMENDED,HANUMBER,HIGH_CONFIRMED_2PLUS,1,General Season,Dec 01 2026 - Jan 31 2027,
EA1049,"Mt Dutton, Deep Creek","Mt Dutton, Deep Creek","Mt Dutton, Deep Creek",67,8,75,67,8,75,67,8,75,EXACT_MATCH,EXACT_MATCH,DATABASE_MATCHES_RECOMMENDED,HANUMBER,HIGH_CONFIRMED_2PLUS,1,General Season,Nov 22 2025 - Dec 07 2025,
EA1053,"Nine Mile, West Anthro","Nine Mile, West Anthro","Nine Mile, West Anthro",45,5,50,45,5,50,45,5,50,EXACT_MATCH,EXACT_MATCH,DATABASE_MATCHES_RECOMMENDED,HUNTTABLE,MEDIUM_SINGLE_SOURCE,1,General Season,Jan 16 2027 - Jan 24 2027,
EA1054,"Nine Mile, West Anthro","Nine Mile, West Anthro","Nine Mile, West Anthro",90,10,100,90,10,100,90,10,100,EXACT_MATCH,EXACT_MATCH,DATABASE_MATCHES_RECOMMENDED,HANUMBER,HIGH_CONFIRMED_2PLUS,1,General Season,Dec 12 2026 - Dec 31 2026,
EA1056,"North Slope, Greendale","North Slope, Greendale","North Slope, Greendale",4,1,5,4,1,5,4,1,5,EXACT_MATCH,EXACT_MATCH,DATABASE_MATCHES_RECOMMENDED,HANUMBER,HIGH_CONFIRMED_2PLUS,1,General Season,Nov 14 2026 - Nov 29 2026,
EA1058,"North Slope, Henry's Fork-Burnt Fork","North Slope, Henrys Fork-Burnt Fork","North Slope, Henry's Fork-Burnt Fork",90,10,100,90,10,100,90,10,100,EXACT_MATCH,EXACT_MATCH,DATABASE_MATCHES_RECOMMENDED,HANUMBER,HIGH_CONFIRMED_2PLUS,1,General Season,Nov 07 2026 - Jan 30 2027,
EA1060,"North Slope, West Daggett","North Slope, West Daggett","North Slope, West Daggett",18,2,20,18,2,20,18,2,20,EXACT_MATCH,EXACT_MATCH,DATABASE_MATCHES_RECOMMENDED,HANUMBER,HIGH_CONFIRMED_2PLUS,1,General Season,Oct 28 2026 - Nov 05 2026,
EA1061,"North Slope, West Daggett","North Slope, West Daggett","North Slope, West Daggett",18,2,20,18,2,20,18,2,20,EXACT_MATCH,EXACT_MATCH,DATABASE_MATCHES_RECOMMENDED,HANUMBER,HIGH_CONFIRMED_2PLUS,1,General Season,Sept 23 2026 - Oct 01 2026,
EA1063,Ogden,Ogden,Ogden,90,10,100,90,10,100,90,10,100,EXACT_MATCH,EXACT_MATCH,DATABASE_MATCHES_RECOMMENDED,HANUMBER,HIGH_CONFIRMED_2PLUS,1,General Season,Oct 03 2026 - Oct 25 2026,
EA1064,Ogden,Ogden,Ogden,67,8,75,67,8,75,67,8,75,EXACT_MATCH,EXACT_MATCH,DATABASE_MATCHES_RECOMMENDED,HANUMBER,HIGH_CONFIRMED_2PLUS,1,General Season,Nov 07 2026 - Nov 29 2026,
EA1069,Panguitch Lake,Panguitch Lake,Panguitch Lake,22,3,25,22,3,25,22,3,25,EXACT_MATCH,EXACT_MATCH,DATABASE_MATCHES_RECOMMENDED,HANUMBER,HIGH_CONFIRMED_2PLUS,1,General Season,Nov 21 2026 - Nov 29 2026,
EA1073,Paunsaugunt,Paunsaugunt,Paunsaugunt,18,2,20,18,2,20,18,2,20,EXACT_MATCH,EXACT_MATCH,DATABASE_MATCHES_RECOMMENDED,HANUMBER,HIGH_CONFIRMED_2PLUS,1,General Season,Nov 21 2026 - Dec 31 2026,
EA1075,Boulder East,Boulder East,Boulder East,45,5,50,45,5,50,45,5,50,EXACT_MATCH,EXACT_MATCH,DATABASE_MATCHES_RECOMMENDED,HANUMBER,HIGH_CONFIRMED_2PLUS,1,General Season,Nov 21 2026 - Dec 31 2026,
EA1076,Boulder West,Boulder West,Boulder West,45,5,50,45,5,50,45,5,50,EXACT_MATCH,EXACT_MATCH,DATABASE_MATCHES_RECOMMENDED,HANUMBER,HIGH_CONFIRMED_2PLUS,1,General Season,Nov 21 2026 - Dec 31 2026,
EA1077,Boulder-Circle Cliffs,Boulder-Circle Cliffs,Boulder-Circle Cliffs,27,3,30,27,3,30,27,3,30,EXACT_MATCH,EXACT_MATCH,DATABASE_MATCHES_RECOMMENDED,HANUMBER,HIGH_CONFIRMED_2PLUS,1,General Season,Oct 07 2026 - Jan 10 2027,
EA1078,Fishlake/Thousand Lakes,Fishlake/Thousand Lakes,Fishlake/Thousand Lakes,243,27,270,243,27,270,243,27,270,EXACT_MATCH,EXACT_MATCH,DATABASE_MATCHES_RECOMMENDED,HANUMBER,HIGH_CONFIRMED_2PLUS,1,General Season,Oct 03 2026 - Oct 15 2026,
EA1079,Fishlake/Thousand Lakes East,Fishlake/Thousand Lakes East,Fishlake/Thousand Lakes East,58,7,65,58,7,65,58,7,65,EXACT_MATCH,EXACT_MATCH,DATABASE_MATCHES_RECOMMENDED,HANUMBER,HIGH_CONFIRMED_2PLUS,1,General Season,Nov 21 2026 - Dec 30 2026,
EA1080,Fishlake/Thousand Lakes West,Fishlake/Thousand Lakes West,Fishlake/Thousand Lakes West,54,6,60,54,6,60,54,6,60,EXACT_MATCH,EXACT_MATCH,DATABASE_MATCHES_RECOMMENDED,HANUMBER,HIGH_CONFIRMED_2PLUS,1,General Season,Nov 21 2026 - Dec 30 2026,
EA1081,San Juan,San Juan,San Juan,112,13,125,112,13,125,112,13,125,EXACT_MATCH,EXACT_MATCH,DATABASE_MATCHES_RECOMMENDED,HANUMBER,HIGH_CONFIRMED_2PLUS,1,General Season,Oct 03 2026 - Oct 15 2026,
EA1082,San Juan,San Juan,San Juan,112,13,125,112,13,125,112,13,125,EXACT_MATCH,EXACT_MATCH,DATABASE_MATCHES_RECOMMENDED,HANUMBER,HIGH_CONFIRMED_2PLUS,1,General Season,Nov 19 2026 - Dec 31 2026,
EA1084,"San Rafael, North","San Rafael, North","San Rafael, North",4,1,5,4,1,5,4,1,5,EXACT_MATCH,EXACT_MATCH,DATABASE_MATCHES_RECOMMENDED,HANUMBER,HIGH_CONFIRMED_2PLUS,1,General Season,Nov 07 2026 - Jan 31 2027,
EA1085,Vernal/Bonanza,Vernal/Bonanza,Vernal/Bonanza,90,10,100,90,10,100,90,10,100,EXACT_MATCH,EXACT_MATCH,DATABASE_MATCHES_RECOMMENDED,HANUMBER,HIGH_CONFIRMED_2PLUS,1,General Season,Aug 15 2026 - Sept 16 2026,
EA1087,Bonanza/Vernal,Vernal/Bonanza,Bonanza/Vernal,90,10,100,90,10,100,90,10,100,EXACT_MATCH,EXACT_MATCH,DATABASE_MATCHES_RECOMMENDED,HANUMBER,HIGH_CONFIRMED_2PLUS,1,General Season,Oct 03 2026 - Oct 16 2026,
EA1089,Diamond Mtn,Diamond Mtn,Diamond Mtn,45,5,50,45,5,50,45,5,50,EXACT_MATCH,EXACT_MATCH,DATABASE_MATCHES_RECOMMENDED,HANUMBER,HIGH_CONFIRMED_2PLUS,1,General Season,Oct 31 2026 - Nov 08 2026,
EA1090,Diamond Mtn,Diamond Mtn,Diamond Mtn,45,5,50,45,5,50,45,5,50,EXACT_MATCH,EXACT_MATCH,DATABASE_MATCHES_RECOMMENDED,HANUMBER,HIGH_CONFIRMED_2PLUS,1,General Season,Nov 14 2026 - Nov 22 2026,
EA1094,"Vernal, Mosby Mtn","Vernal, Mosby Mtn","Vernal, Mosby Mtn",90,10,100,90,10,100,90,10,100,EXACT_MATCH,EXACT_MATCH,DATABASE_MATCHES_RECOMMENDED,HANUMBER,HIGH_CONFIRMED_2PLUS,1,General Season,Nov 07 2026 - Jan 03 2027,
EA1101,Southwest Desert,Southwest Desert,Southwest Desert,90,10,100,90,10,100,90,10,100,EXACT_MATCH,EXACT_MATCH,DATABASE_MATCHES_RECOMMENDED,HANUMBER,HIGH_CONFIRMED_2PLUS,1,General Season,Nov 20 2026 - Jan 10 2027,
EA1106,"Wasatch Mtns, Avintaquin","Wasatch Mtns, Avintaquin","Wasatch Mtns, Avintaquin",180,20,200,180,20,200,180,20,200,EXACT_MATCH,EXACT_MATCH,DATABASE_MATCHES_RECOMMENDED,HANUMBER,HIGH_CONFIRMED_2PLUS,1,General Season,Jan 02 2027 - Jan 17 2027,
EA1107,"Wasatch Mtns, Currant Creek","Wasatch Mtns, Currant Creek","Wasatch Mtns, Currant Creek",180,20,200,180,20,200,180,20,200,EXACT_MATCH,EXACT_MATCH,DATABASE_MATCHES_RECOMMENDED,HUNTTABLE,MEDIUM_SINGLE_SOURCE,1,General Season,Oct 03 2026 - Oct 15 2026,
EA1110,"Wasatch Mtns, Salt Lake","Wasatch Mtns, Salt Lake","Wasatch Mtns, Salt Lake",40,5,45,40,5,45,40,5,45,EXACT_MATCH,EXACT_MATCH,DATABASE_MATCHES_RECOMMENDED,HANUMBER,HIGH_CONFIRMED_2PLUS,1,General Season,Nov 14 2026 - Jan 31 2027,
EA1111,"Wasatch Mtns, Wallsburg","Wasatch Mtns, Wallsburg","Wasatch Mtns, Wallsburg",31,4,35,31,4,35,31,4,35,EXACT_MATCH,EXACT_MATCH,DATABASE_MATCHES_RECOMMENDED,HANUMBER,HIGH_CONFIRMED_2PLUS,1,General Season,Nov 14 2026 - Dec 13 2026,
EA1112,"Wasatch Mtns, Wallsburg","Wasatch Mtns, Wallsburg","Wasatch Mtns, Wallsburg",49,6,55,49,6,55,49,6,55,EXACT_MATCH,EXACT_MATCH,DATABASE_MATCHES_RECOMMENDED,HANUMBER,HIGH_CONFIRMED_2PLUS,1,General Season,Dec 19 2026 - Jan 31 2027,
EA1113,"Wasatch Mtns, West Heber","Wasatch Mtns, West Heber","Wasatch Mtns, West Heber",27,3,30,27,3,30,27,3,30,EXACT_MATCH,EXACT_MATCH,DATABASE_MATCHES_RECOMMENDED,HANUMBER,HIGH_CONFIRMED_2PLUS,1,General Season,Nov 14 2026 - Jan 31 2027,
EA1114,"Wasatch Mtns, West Timpanogos","Wasatch Mtns, West Timpanogos","Wasatch Mtns, West Timpanogos",22,3,25,22,3,25,22,3,25,EXACT_MATCH,EXACT_MATCH,DATABASE_MATCHES_RECOMMENDED,HANUMBER,HIGH_CONFIRMED_2PLUS,1,General Season,Nov 14 2026 - Jan 31 2027,
EA1117,Zion,Zion,Zion,198,22,220,198,22,220,198,22,220,EXACT_MATCH,EXACT_MATCH,DATABASE_MATCHES_RECOMMENDED,HANUMBER,HIGH_CONFIRMED_2PLUS,1,General Season,Nov 11 2026 - Jan 10 2027,
EA1118,Alton CWMU,Alton CWMU,Alton CWMU,6,0,6,6,0,6,6,0,6,EXACT_MATCH,EXACT_MATCH,DATABASE_MATCHES_RECOMMENDED,HANUMBER,MEDIUM_TOTAL_CONFIRMED,1,CWMU,Contact Operator for 2026 season dates,
EA1119,Bar J Ranch CWMU,Bar J Ranch CWMU,Bar J Ranch CWMU,12,0,12,12,0,12,12,0,12,EXACT_MATCH,EXACT_MATCH,DATABASE_MATCHES_RECOMMENDED,HANUMBER,MEDIUM_TOTAL_CONFIRMED,1,CWMU,Contact Operator for 2026 season dates,
EA1120,Bear Mountain CWMU,Bear Mountain CWMU,Bear Mountain CWMU,20,0,20,20,0,20,20,0,20,EXACT_MATCH,EXACT_MATCH,DATABASE_MATCHES_RECOMMENDED,HANUMBER,MEDIUM_TOTAL_CONFIRMED,1,CWMU,Contact Operator for 2026 season dates,
EA1121,Boobe Hole CWMU,Boobe Hole CWMU,Boobe Hole CWMU,10,0,10,10,0,10,10,0,10,EXACT_MATCH,EXACT_MATCH,DATABASE_MATCHES_RECOMMENDED,HANUMBER,MEDIUM_TOTAL_CONFIRMED,1,CWMU,Contact Operator for 2026 season dates,
EA1122,Causey Spring CWMU,Causey Spring CWMU,Causey Spring CWMU,5,0,5,5,0,5,5,0,5,EXACT_MATCH,EXACT_MATCH,DATABASE_MATCHES_RECOMMENDED,HANUMBER,MEDIUM_TOTAL_CONFIRMED,1,CWMU,Contact Operator for 2026 season dates,
EA1124,Chimney Rock CWMU,Chimney Rock CWMU,Chimney Rock CWMU,12,0,12,12,0,12,12,0,12,EXACT_MATCH,EXACT_MATCH,DATABASE_MATCHES_RECOMMENDED,HANUMBER,MEDIUM_TOTAL_CONFIRMED,1,CWMU,Contact Operator for 2026 season dates,
EA1125,Coldwater Ranch CWMU,Coldwater Ranch CWMU,Coldwater Ranch CWMU,25,0,25,25,0,25,25,0,25,EXACT_MATCH,EXACT_MATCH,DATABASE_MATCHES_RECOMMENDED,HANUMBER,MEDIUM_TOTAL_CONFIRMED,1,CWMU,Contact Operator for 2026 season dates,
EA1129,Deseret CWMU,Deseret CWMU,Deseret CWMU,360,0,360,360,0,360,360,0,360,EXACT_MATCH,EXACT_MATCH,DATABASE_MATCHES_RECOMMENDED,HANUMBER,MEDIUM_TOTAL_CONFIRMED,1,CWMU,Contact Operator for 2026 season dates,
EA1130,Double Cone CWMU,Double Cone CWMU,Double Cone CWMU,7,0,7,7,0,7,7,0,7,EXACT_MATCH,EXACT_MATCH,DATABASE_MATCHES_RECOMMENDED,HANUMBER,MEDIUM_TOTAL_CONFIRMED,1,CWMU,Contact Operator for 2026 season dates,
EA1131,Durst Mountain CWMU,Durst Mountain CWMU,Durst Mountain CWMU,30,0,30,30,0,30,30,0,30,EXACT_MATCH,EXACT_MATCH,DATABASE_MATCHES_RECOMMENDED,HANUMBER,MEDIUM_TOTAL_CONFIRMED,1,CWMU,Contact Operator for 2026 season dates,
EA1132,East Fork Chalk Creek CWMU,East Fork Chalk Creek CWMU,East Fork Chalk Creek CWMU,30,0,30,30,0,30,30,0,30,EXACT_MATCH,EXACT_MATCH,DATABASE_MATCHES_RECOMMENDED,HANUMBER,MEDIUM_TOTAL_CONFIRMED,1,CWMU,Contact Operator for 2026 season dates,
EA1134,Ensign Ranches CWMU,Ensign Ranches CWMU,Ensign Ranches CWMU,48,0,48,48,0,48,48,0,48,EXACT_MATCH,EXACT_MATCH,DATABASE_MATCHES_RECOMMENDED,HANUMBER,MEDIUM_TOTAL_CONFIRMED,1,CWMU,Contact Operator for 2026 season dates,
EA1135,Folley Ridge CWMU,Folley Ridge CWMU,Folley Ridge CWMU,20,0,20,20,0,20,20,0,20,EXACT_MATCH,EXACT_MATCH,DATABASE_MATCHES_RECOMMENDED,HANUMBER,MEDIUM_TOTAL_CONFIRMED,1,CWMU,Contact Operator for 2026 season dates,
EA1136,Grass Valley/Clark Canyon CWMU,Grass Valley/Clark Canyon CWMU,Grass Valley/Clark Canyon CWMU,50,0,50,50,0,50,50,0,50,EXACT_MATCH,EXACT_MATCH,DATABASE_MATCHES_RECOMMENDED,HANUMBER,MEDIUM_TOTAL_CONFIRMED,1,CWMU,Contact Operator for 2026 season dates,
EA1137,Grazing Pasture CWMU,Grazing Pasture CWMU,Grazing Pasture CWMU,9,0,9,9,0,9,9,0,9,EXACT_MATCH,EXACT_MATCH,DATABASE_MATCHES_RECOMMENDED,HANUMBER,MEDIUM_TOTAL_CONFIRMED,1,CWMU,Contact Operator for 2026 season dates,
EA1138,Guildersleeve CWMU,Guildersleeve CWMU,Guildersleeve CWMU,20,0,20,20,0,20,20,0,20,EXACT_MATCH,EXACT_MATCH,DATABASE_MATCHES_RECOMMENDED,HANUMBER,MEDIUM_TOTAL_CONFIRMED,1,CWMU,Contact Operator for 2026 season dates,
EA1139,Hardscrabble CWMU,Hardscrabble CWMU,Hardscrabble CWMU,5,0,5,5,0,5,5,0,5,EXACT_MATCH,EXACT_MATCH,DATABASE_MATCHES_RECOMMENDED,HANUMBER,MEDIUM_TOTAL_CONFIRMED,1,CWMU,Contact Operator for 2026 season dates,
EA1140,Heaston East CWMU,Heaston East CWMU,Heaston East CWMU,24,0,24,24,0,24,24,0,24,EXACT_MATCH,EXACT_MATCH,DATABASE_MATCHES_RECOMMENDED,HANUMBER,MEDIUM_TOTAL_CONFIRMED,1,CWMU,Contact Operator for 2026 season dates,
EA1141,Hiawatha CWMU,Hiawatha CWMU,Hiawatha CWMU,12,0,12,12,0,12,12,0,12,EXACT_MATCH,EXACT_MATCH,DATABASE_MATCHES_RECOMMENDED,HANUMBER,MEDIUM_TOTAL_CONFIRMED,1,CWMU,Contact Operator for 2026 season dates,
EA1142,Indian Head CWMU,Indian Head CWMU,Indian Head CWMU,12,0,12,12,0,12,12,0,12,EXACT_MATCH,EXACT_MATCH,DATABASE_MATCHES_RECOMMENDED,HANUMBER,MEDIUM_TOTAL_CONFIRMED,1,CWMU,Contact Operator for 2026 season dates,
EA1143,Circle E Ranch CWMU,Circle E Ranch CWMU,Circle E Ranch CWMU,21,0,21,21,0,21,21,0,21,EXACT_MATCH,EXACT_MATCH,DATABASE_MATCHES_RECOMMENDED,HANUMBER,MEDIUM_TOTAL_CONFIRMED,1,CWMU,Contact Operator for 2026 season dates,
EA1145,Johnson Mountain Ranch CWMU,Johnson Mountain Ranch CWMU,Johnson Mountain Ranch CWMU,20,0,20,20,0,20,20,0,20,EXACT_MATCH,EXACT_MATCH,DATABASE_MATCHES_RECOMMENDED,HANUMBER,MEDIUM_TOTAL_CONFIRMED,1,CWMU,Contact Operator for 2026 season dates,
EA1146,Jump Creek CWMU,Jump Creek CWMU,Jump Creek CWMU,9,0,9,9,0,9,9,0,9,EXACT_MATCH,EXACT_MATCH,DATABASE_MATCHES_RECOMMENDED,HANUMBER,MEDIUM_TOTAL_CONFIRMED,1,CWMU,Contact Operator for 2026 season dates,
EA1147,Little Red Creek CWMU,Little Red Creek CWMU,Little Red Creek CWMU,15,0,15,15,0,15,15,0,15,EXACT_MATCH,EXACT_MATCH,DATABASE_MATCHES_RECOMMENDED,HANUMBER,MEDIUM_TOTAL_CONFIRMED,1,CWMU,Contact Operator for 2026 season dates,
EA1149,Minnie Maud Ridge CWMU,Minnie Maud Ridge CWMU,Minnie Maud Ridge CWMU,16,0,16,16,0,16,16,0,16,EXACT_MATCH,EXACT_MATCH,DATABASE_MATCHES_RECOMMENDED,HANUMBER,MEDIUM_TOTAL_CONFIRMED,1,CWMU,Contact Operator for 2026 season dates,
EA1151,Moon Ranch CWMU,Moon Ranch CWMU,Moon Ranch CWMU,6,0,6,6,0,6,6,0,6,EXACT_MATCH,EXACT_MATCH,DATABASE_MATCHES_RECOMMENDED,HANUMBER,MEDIUM_TOTAL_CONFIRMED,1,CWMU,Contact Operator for 2026 season dates,
EA1153,Old Woman Plateau CWMU,Old Woman Plateau CWMU,Old Woman Plateau CWMU,4,0,4,4,0,4,4,0,4,EXACT_MATCH,EXACT_MATCH,DATABASE_MATCHES_RECOMMENDED,HANUMBER,MEDIUM_TOTAL_CONFIRMED,1,CWMU,Contact Operator for 2026 season dates,
EA1156,Preston Nutter Ranch CWMU,Preston Nutter Ranch CWMU,Preston Nutter Ranch CWMU,21,0,21,21,0,21,21,0,21,EXACT_MATCH,EXACT_MATCH,DATABASE_MATCHES_RECOMMENDED,HANUMBER,MEDIUM_TOTAL_CONFIRMED,1,CWMU,Contact Operator for 2026 season dates,
EA1157,Redd Ranches CWMU,Redd Ranches CWMU,Redd Ranches CWMU,35,0,35,35,0,35,35,0,35,EXACT_MATCH,EXACT_MATCH,DATABASE_MATCHES_RECOMMENDED,HANUMBER,MEDIUM_TOTAL_CONFIRMED,1,CWMU,Contact Operator for 2026 season dates,
EA1158,Cactus Ranch LLC CWMU,Cactus Ranch LLC CWMU,Cactus Ranch LLC CWMU,7,0,7,7,0,7,7,0,7,EXACT_MATCH,EXACT_MATCH,DATABASE_MATCHES_RECOMMENDED,HANUMBER,MEDIUM_TOTAL_CONFIRMED,1,CWMU,Contact Operator for 2026 season dates,
EA1159,Roan Cliffs CWMU,Roan Cliffs CWMU,Roan Cliffs CWMU,6,0,6,6,0,6,6,0,6,EXACT_MATCH,EXACT_MATCH,DATABASE_MATCHES_RECOMMENDED,HANUMBER,MEDIUM_TOTAL_CONFIRMED,1,CWMU,Contact Operator for 2026 season dates,
EA1160,Sand Creek CWMU,Sand Creek CWMU,Sand Creek CWMU,5,0,5,5,0,5,5,0,5,EXACT_MATCH,EXACT_MATCH,DATABASE_MATCHES_RECOMMENDED,HANUMBER,MEDIUM_TOTAL_CONFIRMED,1,CWMU,Contact Operator for 2026 season dates,
EA1161,Scofield Canyons CWMU,Scofield Canyons CWMU,Scofield Canyons CWMU,9,0,9,9,0,9,9,0,9,EXACT_MATCH,EXACT_MATCH,DATABASE_MATCHES_RECOMMENDED,HANUMBER,MEDIUM_TOTAL_CONFIRMED,1,CWMU,Contact Operator for 2026 season dates,
EA1162,Scofield East CWMU,Scofield East CWMU,Scofield East CWMU,14,0,14,14,0,14,14,0,14,EXACT_MATCH,EXACT_MATCH,DATABASE_MATCHES_RECOMMENDED,HANUMBER,MEDIUM_TOTAL_CONFIRMED,1,CWMU,Contact Operator for 2026 season dates,
EA1163,Scofield West CWMU,Scofield West CWMU,Scofield West CWMU,19,0,19,19,0,19,19,0,19,EXACT_MATCH,EXACT_MATCH,DATABASE_MATCHES_RECOMMENDED,HANUMBER,MEDIUM_TOTAL_CONFIRMED,1,CWMU,Contact Operator for 2026 season dates,
EA1164,SJ Ranch CWMU,SJ Ranch CWMU,SJ Ranch CWMU,6,0,6,6,0,6,6,0,6,EXACT_MATCH,EXACT_MATCH,DATABASE_MATCHES_RECOMMENDED,HANUMBER,MEDIUM_TOTAL_CONFIRMED,1,CWMU,Contact Operator for 2026 season dates,
EA1165,Skull Crack CWMU,Skull Crack CWMU,Skull Crack CWMU,15,0,15,15,0,15,15,0,15,EXACT_MATCH,EXACT_MATCH,DATABASE_MATCHES_RECOMMENDED,HANUMBER,MEDIUM_TOTAL_CONFIRMED,1,CWMU,Contact Operator for 2026 season dates,
EA1166,Soldier Summit CWMU,Soldier Summit CWMU,Soldier Summit CWMU,16,0,16,16,0,16,16,0,16,EXACT_MATCH,EXACT_MATCH,DATABASE_MATCHES_RECOMMENDED,HANUMBER,MEDIUM_TOTAL_CONFIRMED,1,CWMU,Contact Operator for 2026 season dates,
EA1167,South Canyon CWMU,South Canyon CWMU,South Canyon CWMU,12,0,12,12,0,12,12,0,12,EXACT_MATCH,EXACT_MATCH,DATABASE_MATCHES_RECOMMENDED,HANUMBER,MEDIUM_TOTAL_CONFIRMED,1,CWMU,Contact Operator for 2026 season dates,
EA1168,Spring Creek/Dodge CWMU,Spring Creek/Dodge CWMU,Spring Creek/Dodge CWMU,15,0,15,15,0,15,15,0,15,EXACT_MATCH,EXACT_MATCH,DATABASE_MATCHES_RECOMMENDED,HANUMBER,MEDIUM_TOTAL_CONFIRMED,1,CWMU,Contact Operator for 2026 season dates,
EA1170,Strawberry Ridge CWMU,Strawberry Ridge CWMU,Strawberry Ridge CWMU,10,0,10,10,0,10,10,0,10,EXACT_MATCH,EXACT_MATCH,DATABASE_MATCHES_RECOMMENDED,HANUMBER,MEDIUM_TOTAL_CONFIRMED,1,CWMU,Contact Operator for 2026 season dates,
EA1171,Summit Point CWMU,Summit Point CWMU,Summit Point CWMU,5,0,5,5,0,5,5,0,5,EXACT_MATCH,EXACT_MATCH,DATABASE_MATCHES_RECOMMENDED,HANUMBER,MEDIUM_TOTAL_CONFIRMED,1,CWMU,Contact Operator for 2026 season dates,
EA1172,Three C CWMU,Three C CWMU,Three C CWMU,9,0,9,9,0,9,9,0,9,EXACT_MATCH,EXACT_MATCH,DATABASE_MATCHES_RECOMMENDED,HANUMBER,MEDIUM_TOTAL_CONFIRMED,1,CWMU,Contact Operator for 2026 season dates,
EA1174,Two Bear CWMU,Two Bear CWMU,Two Bear CWMU,60,0,60,60,0,60,60,0,60,EXACT_MATCH,EXACT_MATCH,DATABASE_MATCHES_RECOMMENDED,HANUMBER,MEDIUM_TOTAL_CONFIRMED,1,CWMU,Contact operator for 2025 season dates,
EA1175,Wallsburg CWMU,Wallsburg CWMU,Wallsburg CWMU,10,0,10,10,0,10,10,0,10,EXACT_MATCH,EXACT_MATCH,DATABASE_MATCHES_RECOMMENDED,HANUMBER,MEDIUM_TOTAL_CONFIRMED,1,CWMU,Contact Operator for 2026 season dates,
EA1177,Woodruff Creek South CWMU,Woodruff Creek South CWMU,Woodruff Creek South CWMU,8,0,8,8,0,8,8,0,8,EXACT_MATCH,EXACT_MATCH,DATABASE_MATCHES_RECOMMENDED,HANUMBER,MEDIUM_TOTAL_CONFIRMED,1,CWMU,Contact Operator for 2026 season dates,
EA1180,La Sal (Conservation),La Sal (Conservation),La Sal (Conservation),,,,,,,,,8,BOTH_BLANK,LEFT_BLANK,DATABASE_HAS_VALUE_NO_RECOMMENDATION,NONE_EXTERNAL_DATABASE_REFERENCE_ONLY,REVIEW_REQUIRED,1,Conservation,"Oct 4 - Oct 16, 2025 & Nov 17 - Dec 31, 2025",
EA1187,"Paunsaugunt, Hatch Bench","Paunsaugunt, Hatch Bench","Paunsaugunt, Hatch Bench",13,2,15,13,2,15,13,2,15,EXACT_MATCH,EXACT_MATCH,DATABASE_MATCHES_RECOMMENDED,HANUMBER,HIGH_CONFIRMED_2PLUS,1,General Season,Nov 22 2025 - Dec 30 2025,
EA1189,"Wasatch Mtns, West-Central","Wasatch Mtns, West-Central","Wasatch Mtns, West-Central",382,43,425,382,43,425,382,43,425,EXACT_MATCH,EXACT_MATCH,DATABASE_MATCHES_RECOMMENDED,HANUMBER,HIGH_CONFIRMED_2PLUS,1,General Season,Oct 31 2026 - Nov 08 2026,
EA1192,Pahvant Ensign CWMU,Pahvant Ensign CWMU,Pahvant Ensign CWMU,6,0,6,6,0,6,6,0,6,EXACT_MATCH,EXACT_MATCH,DATABASE_MATCHES_RECOMMENDED,HANUMBER,MEDIUM_TOTAL_CONFIRMED,1,CWMU,Contact Operator for 2026 season dates,
EA1193,"Cache, Rich","Cache, Rich","Cache, Rich",31,4,35,31,4,35,31,4,35,EXACT_MATCH,EXACT_MATCH,DATABASE_MATCHES_RECOMMENDED,HANUMBER,HIGH_CONFIRMED_2PLUS,1,General Season,Nov 14 2026 - Jan 15 2027,
EA1196,"North Slope, Summit","North Slope, Summit","North Slope, Summit",67,8,75,67,8,75,67,8,75,EXACT_MATCH,EXACT_MATCH,DATABASE_MATCHES_RECOMMENDED,HANUMBER,HIGH_CONFIRMED_2PLUS,1,General Season,Oct 03 2026 - Oct 25 2026,
EA1198,Bear Springs CWMU,Bear Springs CWMU,Bear Springs CWMU,2,0,2,2,0,2,2,0,2,EXACT_MATCH,EXACT_MATCH,DATABASE_MATCHES_RECOMMENDED,HANUMBER,MEDIUM_TOTAL_CONFIRMED,1,CWMU,Contact Operator for 2026 season dates,
EA1200,Double R Ranch CWMU,Double R Ranch CWMU,Double R Ranch CWMU,10,0,10,10,0,10,10,0,10,EXACT_MATCH,EXACT_MATCH,DATABASE_MATCHES_RECOMMENDED,HANUMBER,MEDIUM_TOTAL_CONFIRMED,1,CWMU,Contact Operator for 2026 season dates,
EA1201,Mountain Sky Ranch CWMU,Mountain Sky Ranch CWMU,Mountain Sky Ranch CWMU,10,0,10,10,0,10,10,0,10,EXACT_MATCH,EXACT_MATCH,DATABASE_MATCHES_RECOMMENDED,HANUMBER,MEDIUM_TOTAL_CONFIRMED,1,CWMU,Contact Operator for 2026 season dates,
EA1203,"Box Elder, Pilot Mtn","Box Elder, Pilot Mtn","Box Elder, Pilot Mtn",4,1,5,4,1,5,4,1,5,EXACT_MATCH,EXACT_MATCH,DATABASE_MATCHES_RECOMMENDED,HANUMBER,HIGH_CONFIRMED_2PLUS,1,General Season,Aug 01 2026 - Aug 15 2026,
EA1204,"Box Elder, Pilot Mtn","Box Elder, Pilot Mtn","Box Elder, Pilot Mtn",4,1,5,4,1,5,4,1,5,EXACT_MATCH,EXACT_MATCH,DATABASE_MATCHES_RECOMMENDED,HANUMBER,HIGH_CONFIRMED_2PLUS,1,General Season,Oct 10 2026 - Oct 31 2026,
EA1206,"Cache, Richmond Hyde Park","Cache, Richmond Hyde Park","Cache, Richmond Hyde Park",9,1,10,9,1,10,9,1,10,EXACT_MATCH,EXACT_MATCH,DATABASE_MATCHES_RECOMMENDED,HANUMBER,HIGH_CONFIRMED_2PLUS,1,General Season,Dec 02 2025 - Jan 15 2026,
EA1207,"Nebo, Moroni Hills","Nebo, Moroni Hills","Nebo, Moroni Hills",9,1,10,9,1,10,9,1,10,EXACT_MATCH,EXACT_MATCH,DATABASE_MATCHES_RECOMMENDED,HANUMBER,HIGH_CONFIRMED_2PLUS,1,General Season,Aug 01 2026 - Aug 19 2026,
EA1208,Nebo,Nebo,Nebo,292,33,325,292,33,325,292,33,325,EXACT_MATCH,EXACT_MATCH,DATABASE_MATCHES_RECOMMENDED,HANUMBER,HIGH_CONFIRMED_2PLUS,1,General Season,Nov 14 2026 - Jan 31 2027,
EA1209,"Fillmore, Oak Creek LE","Fillmore, Oak Creek LE","Fillmore, Oak Creek LE",45,5,50,45,5,50,45,5,50,EXACT_MATCH,EXACT_MATCH,DATABASE_MATCHES_RECOMMENDED,HANUMBER,HIGH_CONFIRMED_2PLUS,1,General Season,Nov 14 2026 - Jan 29 2027,
EA1217,"Wasatch Mtns, Avintaquin","Wasatch Mtns, Avintaquin","Wasatch Mtns, Avintaquin",135,15,150,135,15,150,135,15,150,EXACT_MATCH,EXACT_MATCH,DATABASE_MATCHES_RECOMMENDED,HANUMBER,HIGH_CONFIRMED_2PLUS,1,General Season,Oct 03 2026 - Oct 15 2026,
EA1220,Manti (Expo),Manti (Expo),Manti (Expo),,,,,,,,,3,BOTH_BLANK,LEFT_BLANK,DATABASE_HAS_VALUE_NO_RECOMMENDATION,NONE_EXTERNAL_DATABASE_REFERENCE_ONLY,REVIEW_REQUIRED,1,General Season,"Oct 4 - Oct 16, 2025",
EA1221,Fishlake/Thousand Lake (Expo),Fishlake/Thousand Lake (Expo),Fishlake/Thousand Lake (Expo),,,,,,,,,1,BOTH_BLANK,LEFT_BLANK,DATABASE_HAS_VALUE_NO_RECOMMENDATION,NONE_EXTERNAL_DATABASE_REFERENCE_ONLY,REVIEW_REQUIRED,1,General Season,"Oct 4 - Oct 16, 2025",
EA1222,"Beaver, East","Beaver, East","Beaver, East",36,4,40,36,4,40,36,4,40,EXACT_MATCH,EXACT_MATCH,DATABASE_MATCHES_RECOMMENDED,HANUMBER,HIGH_CONFIRMED_2PLUS,2,General Season,Nov 21 2026 - Dec 11 2026,
EA1222,"Beaver, East","Beaver, East","Beaver, East",36,4,40,36,4,40,36,4,40,EXACT_MATCH,EXACT_MATCH,DATABASE_MATCHES_RECOMMENDED,HANUMBER,HIGH_CONFIRMED_2PLUS,2,General Season,Nov 21 2026 - Dec 11 2026,
EA1223,"Beaver, East","Beaver, East","Beaver, East",36,4,40,36,4,40,36,4,40,EXACT_MATCH,EXACT_MATCH,DATABASE_MATCHES_RECOMMENDED,HANUMBER,HIGH_CONFIRMED_2PLUS,1,General Season,Dec 12 2026 - Dec 26 2026,
EA1224,"Book Cliffs, Bitter Creek/South","Book Cliffs, Bitter Creek/South","Book Cliffs, Bitter Creek/South",117,13,130,117,13,130,117,13,130,EXACT_MATCH,EXACT_MATCH,DATABASE_MATCHES_RECOMMENDED,HANUMBER,HIGH_CONFIRMED_2PLUS,1,General Season,Oct 03 2026 - Oct 15 2026,
EA1225,"Book Cliffs, Bitter Creek/South","Book Cliffs, Bitter Creek/South","Book Cliffs, Bitter Creek/South",147,16,163,147,16,163,147,16,163,EXACT_MATCH,EXACT_MATCH,DATABASE_MATCHES_RECOMMENDED,HANUMBER,HIGH_CONFIRMED_2PLUS,1,General Season,Nov 16 2026 - Dec 13 2026,
EA1226,"Nebo, Moroni Hills","Nebo, Moroni Hills","Nebo, Moroni Hills",9,1,10,9,1,10,9,1,10,EXACT_MATCH,EXACT_MATCH,DATABASE_MATCHES_RECOMMENDED,HANUMBER,HIGH_CONFIRMED_2PLUS,1,General Season,Sept 12 2026 - Oct 02 2026,
EA1228,Morgan-South Rich,Morgan-South Rich,Morgan-South Rich,67,8,75,67,8,75,67,8,75,EXACT_MATCH,EXACT_MATCH,DATABASE_MATCHES_RECOMMENDED,HANUMBER,HIGH_CONFIRMED_2PLUS,1,General Season,Dec 01 2026 - Dec 21 2026,
EA1229,Morgan-South Rich,Morgan-South Rich,Morgan-South Rich,144,16,160,144,16,160,144,16,160,EXACT_MATCH,EXACT_MATCH,DATABASE_MATCHES_RECOMMENDED,HANUMBER,HIGH_CONFIRMED_2PLUS,1,General Season,Dec 22 2026 - Jan 31 2027,
EA1231,"West Desert, Tintic Valley","West Desert, Tintic Valley","West Desert, Tintic Valley",45,5,50,45,5,50,45,5,50,EXACT_MATCH,EXACT_MATCH,DATABASE_MATCHES_RECOMMENDED,HANUMBER,HIGH_CONFIRMED_2PLUS,1,General Season,Nov 07 2026 - Jan 31 2027,
EA1233,Avintaquin Canyon CWMU,Avintaquin Canyon CWMU,Avintaquin Canyon CWMU,4,0,4,4,0,4,4,0,4,EXACT_MATCH,EXACT_MATCH,DATABASE_MATCHES_RECOMMENDED,HANUMBER,MEDIUM_TOTAL_CONFIRMED,1,CWMU,Contact Operator for 2026 season dates,
EA1234,Royal Ivory Outfitters CWMU,Royal Ivory Outfitters CWMU,Royal Ivory Outfitters CWMU,15,0,15,15,0,15,15,0,15,EXACT_MATCH,EXACT_MATCH,DATABASE_MATCHES_RECOMMENDED,HANUMBER,MEDIUM_TOTAL_CONFIRMED,1,CWMU,Contact operator for 2025 season dates,
EA1235,Sharp Mountain CWMU,Sharp Mountain CWMU,Sharp Mountain CWMU,10,0,10,10,0,10,10,0,10,EXACT_MATCH,EXACT_MATCH,DATABASE_MATCHES_RECOMMENDED,HANUMBER,MEDIUM_TOTAL_CONFIRMED,1,CWMU,Contact Operator for 2026 season dates,
EA1236,East Canyon,East Canyon,East Canyon,135,15,150,135,15,150,135,15,150,EXACT_MATCH,EXACT_MATCH,DATABASE_MATCHES_RECOMMENDED,HANUMBER,HIGH_CONFIRMED_2PLUS,1,General Season,Dec 01 2026 - Jan 11 2027,
EA1237,La Sal Mtns-North,"La Sal Mtns, North",La Sal Mtns-North,157,18,175,157,18,175,157,18,175,EXACT_MATCH,EXACT_MATCH,DATABASE_MATCHES_RECOMMENDED,HANUMBER,HIGH_CONFIRMED_2PLUS,1,General Season,Nov 19 2026 - Dec 31 2026,
EA1239,"Nine Mile, Range Creek","Nine Mile, Range Creek","Nine Mile, Range Creek",45,5,50,45,5,50,45,5,50,EXACT_MATCH,EXACT_MATCH,DATABASE_MATCHES_RECOMMENDED,HANUMBER,HIGH_CONFIRMED_2PLUS,1,General Season,Oct 03 2026 - Oct 25 2026,
EA1240,"Nine Mile, Range Creek","Nine Mile, Range Creek","Nine Mile, Range Creek",135,15,150,135,15,150,135,15,150,EXACT_MATCH,EXACT_MATCH,DATABASE_MATCHES_RECOMMENDED,HANUMBER,HIGH_CONFIRMED_2PLUS,1,General Season,Nov 25 2026 - Jan 31 2027,
EA1242,"Vernal, Buckskin Hills-Jensen","Vernal, Buckskin Hills-Jensen","Vernal, Buckskin Hills-Jensen",90,10,100,90,10,100,90,10,100,EXACT_MATCH,EXACT_MATCH,DATABASE_MATCHES_RECOMMENDED,HANUMBER,HIGH_CONFIRMED_2PLUS,1,General Season,Dec 01 2026 - Dec 31 2026,
EA1243,"Vernal, Buckskin Hills-Jensen","Vernal, Buckskin Hills-Jensen","Vernal, Buckskin Hills-Jensen",90,10,100,90,10,100,90,10,100,EXACT_MATCH,EXACT_MATCH,DATABASE_MATCHES_RECOMMENDED,HANUMBER,HIGH_CONFIRMED_2PLUS,1,General Season,Jan 01 2027 - Jan 31 2027,
EA1244,Yellowstone,Yellowstone,Yellowstone,90,10,100,90,10,100,90,10,100,EXACT_MATCH,EXACT_MATCH,DATABASE_MATCHES_RECOMMENDED,HANUMBER,HIGH_CONFIRMED_2PLUS,1,General Season,Oct 03 2026 - Oct 16 2026,
EA1245,Yellowstone,Yellowstone,Yellowstone,45,5,50,45,5,50,45,5,50,EXACT_MATCH,EXACT_MATCH,DATABASE_MATCHES_RECOMMENDED,HANUMBER,HIGH_CONFIRMED_2PLUS,1,General Season,Oct 28 2026 - Nov 05 2026,
EA1250,"North Slope, West Daggett","North Slope, West Daggett","North Slope, West Daggett",27,3,30,27,3,30,27,3,30,EXACT_MATCH,EXACT_MATCH,DATABASE_MATCHES_RECOMMENDED,HANUMBER,HIGH_CONFIRMED_2PLUS,1,General Season,Oct 03 2026 - Oct 25 2026,
EA1251,"Southwest Desert, Burbank/Garrison","Southwest Desert, Burbank/Garrison","Southwest Desert, Burbank/Garrison",11,1,12,11,1,12,11,1,12,EXACT_MATCH,EXACT_MATCH,DATABASE_MATCHES_RECOMMENDED,HANUMBER,HIGH_CONFIRMED_2PLUS,1,General Season,Aug 01 2026 - Aug 13 2026,
EA1254,Pine Valley,Pine Valley,Pine Valley,27,3,30,27,3,30,27,3,30,EXACT_MATCH,EXACT_MATCH,DATABASE_MATCHES_RECOMMENDED,HANUMBER,HIGH_CONFIRMED_2PLUS,1,General Season,Nov 11 2026 - Jan 11 2027,
EA1256,Little Pole Canyon CWMU,Little Pole Canyon CWMU,Little Pole Canyon CWMU,9,0,9,9,0,9,9,0,9,EXACT_MATCH,EXACT_MATCH,DATABASE_MATCHES_RECOMMENDED,HANUMBER,MEDIUM_TOTAL_CONFIRMED,1,CWMU,Contact Operator for 2026 season dates,
EA1257,Tunnel Hollow CWMU,Tunnel Hollow CWMU,Tunnel Hollow CWMU,5,0,5,5,0,5,5,0,5,EXACT_MATCH,EXACT_MATCH,DATABASE_MATCHES_RECOMMENDED,HANUMBER,MEDIUM_TOTAL_CONFIRMED,1,CWMU,Contact Operator for 2026 season dates,
EA1258,La Sal (Expo),La Sal (Expo),La Sal (Expo),,,,,,,,,1,BOTH_BLANK,LEFT_BLANK,DATABASE_HAS_VALUE_NO_RECOMMENDATION,NONE_EXTERNAL_DATABASE_REFERENCE_ONLY,REVIEW_REQUIRED,1,General Season,"Oct 4 - Oct 16, 2025",
EA1259,Diamond Mountain CWMU,Diamond Mountain CWMU,Diamond Mountain CWMU,2,0,2,2,0,2,2,0,2,EXACT_MATCH,EXACT_MATCH,DATABASE_MATCHES_RECOMMENDED,HANUMBER,MEDIUM_TOTAL_CONFIRMED,1,CWMU,Contact operator for 2025 season dates,
EA1260,West Ridge CWMU,West Ridge CWMU,West Ridge CWMU,5,0,5,5,0,5,5,0,5,EXACT_MATCH,EXACT_MATCH,DATABASE_MATCHES_RECOMMENDED,HANUMBER,MEDIUM_TOTAL_CONFIRMED,1,CWMU,Contact Operator for 2026 season dates,
EA1261,Blackhawk CWMU,Blackhawk CWMU,Blackhawk CWMU,5,0,5,5,0,5,5,0,5,EXACT_MATCH,EXACT_MATCH,DATABASE_MATCHES_RECOMMENDED,HANUMBER,MEDIUM_TOTAL_CONFIRMED,1,CWMU,Contact Operator for 2026 season dates,
EA1263,Weber Florence Creek/Stillman Creek CWMU,Weber Florence Creek/Stillman Creek CWMU,Weber Florence Creek/Stillman Creek CWMU,35,0,35,35,0,35,35,0,35,EXACT_MATCH,EXACT_MATCH,DATABASE_MATCHES_RECOMMENDED,HANUMBER,MEDIUM_TOTAL_CONFIRMED,1,CWMU,Contact Operator for 2026 season dates,
EA1264,"Wasatch Mtns, Rabbit Gulch","Wasatch Mtns, Rabbit Gulch","Wasatch Mtns, Rabbit Gulch",45,5,50,45,5,50,45,5,50,EXACT_MATCH,EXACT_MATCH,DATABASE_MATCHES_RECOMMENDED,HANUMBER,HIGH_CONFIRMED_2PLUS,1,General Season,Jan 16 2027 - Jan 24 2027,
EA1265,"Wasatch Mtns, Tabby Mtn","Wasatch Mtns, Tabby Mtn","Wasatch Mtns, Tabby Mtn",90,10,100,90,10,100,90,10,100,EXACT_MATCH,EXACT_MATCH,DATABASE_MATCHES_RECOMMENDED,HANUMBER,HIGH_CONFIRMED_2PLUS,1,General Season,Dec 19 2026 - Dec 27 2026,
EA1266,"Box Elder, Hansel Mtn","Box Elder, Hansel Mtn","Box Elder, Hansel Mtn",27,3,30,27,3,30,27,3,30,EXACT_MATCH,EXACT_MATCH,DATABASE_MATCHES_RECOMMENDED,HANUMBER,HIGH_CONFIRMED_2PLUS,1,General Season,Aug 01 2026 - Jan 31 2027,
EA1267,Cache,Cache,Cache,180,20,200,180,20,200,180,20,200,EXACT_MATCH,EXACT_MATCH,DATABASE_MATCHES_RECOMMENDED,HANUMBER,HIGH_CONFIRMED_2PLUS,1,General Season,Oct 03 2026 - Oct 25 2026,
EA1268,"North Slope, Summit","North Slope, Summit","North Slope, Summit",180,20,200,180,20,200,180,20,200,EXACT_MATCH,EXACT_MATCH,DATABASE_MATCHES_RECOMMENDED,HANUMBER,HIGH_CONFIRMED_2PLUS,1,General Season,Aug 15 2026 - Sept 16 2026,
EA1269,Ogden (Excludes Hyrum),Ogden (excludes Hyrum),Ogden (Excludes Hyrum),270,30,300,270,30,300,270,30,300,EXACT_MATCH,EXACT_MATCH,DATABASE_MATCHES_RECOMMENDED,HANUMBER,HIGH_CONFIRMED_2PLUS,1,General Season,Dec 01 2026 - Dec 31 2026,
EA1270,Fishlake (Conservation),Fishlake (Conservation),Fishlake (Conservation),,,,,,,,,4,BOTH_BLANK,LEFT_BLANK,DATABASE_HAS_VALUE_NO_RECOMMENDATION,NONE_EXTERNAL_DATABASE_REFERENCE_ONLY,REVIEW_REQUIRED,1,Conservation,"Oct 4 - Oct 16, 2025 & Nov 22 - Dec 31, 2025",
EA1271,Manti (Conservation),Manti (Conservation),Manti (Conservation),,,,,,,,,4,BOTH_BLANK,LEFT_BLANK,DATABASE_HAS_VALUE_NO_RECOMMENDATION,NONE_EXTERNAL_DATABASE_REFERENCE_ONLY,REVIEW_REQUIRED,1,Conservation,"Oct 4 - Oct 16, 2025 & Nov 19, 2025 - Jan 31, 2026",
EA1272,"East Canyon, East","East Canyon, East","East Canyon, East",135,15,150,135,15,150,135,15,150,EXACT_MATCH,EXACT_MATCH,DATABASE_MATCHES_RECOMMENDED,HANUMBER,HIGH_CONFIRMED_2PLUS,1,General Season,Dec 01 2026 - Jan 31 2027,
EA1273,"North Slope, Three Corners","North Slope, Three Corners","North Slope, Three Corners",22,3,25,22,3,25,22,3,25,EXACT_MATCH,EXACT_MATCH,DATABASE_MATCHES_RECOMMENDED,HANUMBER,HIGH_CONFIRMED_2PLUS,1,General Season,Dec 19 2026 - Jan 03 2027,
EA1274,"North Slope, Three Corners","North Slope, Three Corners","North Slope, Three Corners",22,3,25,22,3,25,22,3,25,EXACT_MATCH,EXACT_MATCH,DATABASE_MATCHES_RECOMMENDED,HANUMBER,HIGH_CONFIRMED_2PLUS,1,General Season,Aug 15 2026 - Sept 04 2026,
EA1276,"Wasatch Mtns, Box Elder Peak","Wasatch Mtns, Box Elder Peak","Wasatch Mtns, Box Elder Peak",40,5,45,40,5,45,40,5,45,EXACT_MATCH,EXACT_MATCH,DATABASE_MATCHES_RECOMMENDED,HANUMBER,HIGH_CONFIRMED_2PLUS,1,General Season,Oct 03 2026 - Oct 15 2026,
EA1277,"North Slope, Three Corners","North Slope, Three Corners","North Slope, Three Corners",22,3,25,22,3,25,22,3,25,EXACT_MATCH,EXACT_MATCH,DATABASE_MATCHES_RECOMMENDED,HANUMBER,HIGH_CONFIRMED_2PLUS,1,General Season,Nov 21 2026 - Nov 29 2026,
EA1278,"Manti, Ferron-Nelson Mtn","Manti, Ferron-Nelson Mtn","Manti, Ferron-Nelson Mtn",45,5,50,45,5,50,45,5,50,EXACT_MATCH,EXACT_MATCH,DATABASE_MATCHES_RECOMMENDED,HANUMBER,HIGH_CONFIRMED_2PLUS,1,General Season,Oct 04 2025 - Nov 30 2025,
EA1279,"Manti, Ferron-Nelson Mtn","Manti, Ferron-Nelson Mtn","Manti, Ferron-Nelson Mtn",45,5,50,45,5,50,45,5,50,EXACT_MATCH,EXACT_MATCH,DATABASE_MATCHES_RECOMMENDED,HANUMBER,HIGH_CONFIRMED_2PLUS,1,General Season,Dec 01 2025 - Jan 31 2026,
EA1280,"La Sal, La Sal Mtns-North","La Sal, La Sal Mtns-North","La Sal, La Sal Mtns-North",157,18,175,157,18,175,157,18,175,EXACT_MATCH,EXACT_MATCH,DATABASE_MATCHES_RECOMMENDED,HANUMBER,HIGH_CONFIRMED_2PLUS,1,General Season,Dec 08 2025 - Dec 31 2025,
EA1281,"Mt Dutton, Deep Creek","Mt Dutton, Deep Creek","Mt Dutton, Deep Creek",67,8,75,67,8,75,67,8,75,EXACT_MATCH,EXACT_MATCH,DATABASE_MATCHES_RECOMMENDED,HANUMBER,HIGH_CONFIRMED_2PLUS,1,General Season,Dec 20 2025 - Jan 11 2026,
EA1282,"Ogden, North","Ogden, North","Ogden, North",180,20,200,180,20,200,180,20,200,EXACT_MATCH,EXACT_MATCH,DATABASE_MATCHES_RECOMMENDED,HANUMBER,HIGH_CONFIRMED_2PLUS,1,General Season,Dec 16 2025 - Jan 31 2026,
EA1283,Panguitch Lake,Panguitch Lake,Panguitch Lake,31,4,35,31,4,35,31,4,35,EXACT_MATCH,EXACT_MATCH,DATABASE_MATCHES_RECOMMENDED,HANUMBER,HIGH_CONFIRMED_2PLUS,1,General Season,Aug 15 2026 - Aug 30 2026,
EA1284,Panguitch Lake,Panguitch Lake,Panguitch Lake,49,6,55,49,6,55,49,6,55,EXACT_MATCH,EXACT_MATCH,DATABASE_MATCHES_RECOMMENDED,HANUMBER,HIGH_CONFIRMED_2PLUS,2,General Season,Oct 28 2026 - Nov 05 2026,
EA1284,Panguitch Lake,Panguitch Lake,Panguitch Lake,49,6,55,49,6,55,49,6,55,EXACT_MATCH,EXACT_MATCH,DATABASE_MATCHES_RECOMMENDED,HANUMBER,HIGH_CONFIRMED_2PLUS,2,General Season,Oct 28 2026 - Nov 05 2026,
EA1285,Panguitch Lake,Panguitch Lake,Panguitch Lake,22,3,25,22,3,25,22,3,25,EXACT_MATCH,EXACT_MATCH,DATABASE_MATCHES_RECOMMENDED,HANUMBER,HIGH_CONFIRMED_2PLUS,1,General Season,Dec 12 2026 - Dec 20 2026,
EA1286,Monroe,Monroe,Monroe,46,4,50,46,4,50,46,4,50,EXACT_MATCH,EXACT_MATCH,DATABASE_MATCHES_RECOMMENDED,HANUMBER,HIGH_CONFIRMED_2PLUS,1,General Season,Oct 03 2026 - Oct 15 2026,
EA1288,"Manti, Ferron Lower Escarpment","Manti, Ferron Lower Escarpment","Manti, Ferron Lower Escarpment",36,4,40,36,4,40,36,4,40,EXACT_MATCH,EXACT_MATCH,DATABASE_MATCHES_RECOMMENDED,HUNTTABLE,MEDIUM_SINGLE_SOURCE,1,General-Season,Sept 16 2026 - Nov 13 2026,
EA1289,"Manti, Ferron Lower Escarpment","Manti, Ferron Lower Escarpment","Manti, Ferron Lower Escarpment",36,4,40,36,4,40,36,4,40,EXACT_MATCH,EXACT_MATCH,DATABASE_MATCHES_RECOMMENDED,HUNTTABLE,MEDIUM_SINGLE_SOURCE,1,General-Season,Nov 14 2026 - Dec 21 2026,
EA1290,"Manti, Ferron Lower Escarpment","Manti, Ferron Lower Escarpment","Manti, Ferron Lower Escarpment",36,4,40,36,4,40,36,4,40,EXACT_MATCH,EXACT_MATCH,DATABASE_MATCHES_RECOMMENDED,HUNTTABLE,MEDIUM_SINGLE_SOURCE,1,General-Season,Dec 22 2026 - Jan 31 2027,
EA1291,"Mt Dutton, North","Mt Dutton, North","Mt Dutton, North",72,8,80,72,8,80,72,8,80,EXACT_MATCH,EXACT_MATCH,DATABASE_MATCHES_RECOMMENDED,HUNTTABLE,MEDIUM_SINGLE_SOURCE,1,General-Season,Nov 21 2026 - Dec 06 2026,
EA1292,"Mt Dutton, North","Mt Dutton, North","Mt Dutton, North",72,8,80,72,8,80,72,8,80,EXACT_MATCH,EXACT_MATCH,DATABASE_MATCHES_RECOMMENDED,HUNTTABLE,MEDIUM_SINGLE_SOURCE,1,General-season,Dec 19 2026 - Jan 10 2027,
EA1293,"North Slope, Three Corners","North Slope, Three Corners","North Slope, Three Corners",22,3,25,22,3,25,22,3,25,EXACT_MATCH,EXACT_MATCH,DATABASE_MATCHES_RECOMMENDED,HUNTTABLE,MEDIUM_SINGLE_SOURCE,1,General-Season,Oct 03 2026 - Oct 16 2026,
EA1294,"Paunsaugunt, East Creek","Paunsaugunt, East Creek","Paunsaugunt, East Creek",22,3,25,22,3,25,22,3,25,EXACT_MATCH,EXACT_MATCH,DATABASE_MATCHES_RECOMMENDED,HUNTTABLE,MEDIUM_SINGLE_SOURCE,1,General-Season,Aug 01 2026 - Aug 12 2026,
EA1295,"Wasatch Mtns, Avintaquin","Wasatch Mtns, Avintaquin","Wasatch Mtns, Avintaquin",90,10,100,90,10,100,90,10,100,EXACT_MATCH,EXACT_MATCH,DATABASE_MATCHES_RECOMMENDED,HUNTTABLE,MEDIUM_SINGLE_SOURCE,1,General-Season,Oct 28 2026 - Nov 05 2026,
EA1296,"Wasatch Mtns, Currant Creek","Wasatch Mtns, Currant Creek","Wasatch Mtns, Currant Creek",90,10,100,90,10,100,90,10,100,EXACT_MATCH,EXACT_MATCH,DATABASE_MATCHES_RECOMMENDED,HUNTTABLE,MEDIUM_SINGLE_SOURCE,1,General-Season,Oct 28 2026 - Nov 05 2026,
EA1297,"Wasatch Mtns, Red Creek West","Wasatch Mtns, Red Creek West","Wasatch Mtns, Red Creek West",90,10,100,90,10,100,90,10,100,EXACT_MATCH,EXACT_MATCH,DATABASE_MATCHES_RECOMMENDED,HUNTTABLE,MEDIUM_SINGLE_SOURCE,1,General-Season,Dec 12 2026 - Dec 20 2026,
EA1298,"Wasatch Mtns, Wildcat/Timber Canyon","Wasatch Mtns, Wildcat/Timber Canyon","Wasatch Mtns, Wildcat/Timber Canyon",90,10,100,90,10,100,90,10,100,EXACT_MATCH,EXACT_MATCH,DATABASE_MATCHES_RECOMMENDED,HUNTTABLE,MEDIUM_SINGLE_SOURCE,1,General-Season,Dec 12 2026 - Dec 20 2026,
EA1299,"Wasatch Mtns, West-Central","Wasatch Mtns, West-Central","Wasatch Mtns, West-Central",45,5,50,45,5,50,45,5,50,EXACT_MATCH,EXACT_MATCH,DATABASE_MATCHES_RECOMMENDED,HUNTTABLE,MEDIUM_SINGLE_SOURCE,1,General-Season,Nov 21 2026 - Nov 29 2026,
EA1300,"Wasatch Mtns, West-Central","Wasatch Mtns, West-Central","Wasatch Mtns, West-Central",45,5,50,45,5,50,45,5,50,EXACT_MATCH,EXACT_MATCH,DATABASE_MATCHES_RECOMMENDED,HUNTTABLE,MEDIUM_SINGLE_SOURCE,1,General-Season,Jan 23 2027 - Jan 31 2027,
EA1301,The Dirty Dozen,The Dirty Dozen,The Dirty Dozen,10,0,10,10,0,10,10,0,10,EXACT_MATCH,EXACT_MATCH,DATABASE_MATCHES_RECOMMENDED,HUNTTABLE,MEDIUM_SINGLE_SOURCE,1,General-Season,Contact Operator for 2026 season dates,
EA2000,Antlerless Elk Control,Antlerless Elk Control,Antlerless Elk Control,,,,,,,,,,BOTH_BLANK,BOTH_BLANK,NOT_COMPARED,NONE,NO_PERMIT_VALUE,1,Antlerless Elk Control,"Valid for the season/weapon listed on your qualifying permit on the Chalk Creek, East Canyon, Kamas, Henry Mtns, Morgan-S. Rich, Ogden, Pine Valley & Zion Units",
EA2002,Morgan-South Rich,Morgan-South Rich,Morgan-South Rich,,,600,,,600,,,600,EXACT_MATCH,EXACT_MATCH,DATABASE_MATCHES_RECOMMENDED,HANUMBER,HIGH_CONFIRMED_2PLUS,1,Private Lands Only,Aug 01 2025 - Jan 31 2026,
EA2003,East Canyon,East Canyon,East Canyon,,,500,,,500,,,500,EXACT_MATCH,EXACT_MATCH,DATABASE_MATCHES_RECOMMENDED,HANUMBER,HIGH_CONFIRMED_2PLUS,1,Private Lands Only,Aug 01 2025 - Jan 31 2026,
EA2004,Chalk Creek,Chalk Creek,Chalk Creek,,,600,,,600,,,600,EXACT_MATCH,EXACT_MATCH,DATABASE_MATCHES_RECOMMENDED,HANUMBER,HIGH_CONFIRMED_2PLUS,1,Private Lands Only,Aug 01 2025 - Jan 31 2026,
EA2005,"North Slope, West Daggett","North Slope, West Daggett","North Slope, West Daggett",,,100,,,100,,,100,EXACT_MATCH,EXACT_MATCH,DATABASE_MATCHES_RECOMMENDED,HANUMBER,HIGH_CONFIRMED_2PLUS,1,Private Lands Only,Aug 01 2025 - Jan 31 2026,
EA2006,Yellowstone,Yellowstone,Yellowstone,,,2000,,,2000,,,2000,EXACT_MATCH,EXACT_MATCH,DATABASE_MATCHES_RECOMMENDED,HANUMBER,HIGH_CONFIRMED_2PLUS,1,Private Lands Only,Aug 01 2025 - Jan 31 2026,
EA2008,"Nine Mile, Anthro-Myton Bench","Nine Mile, Anthro-Myton Bench","Nine Mile, Anthro-Myton Bench",,,250,,,250,,,250,EXACT_MATCH,EXACT_MATCH,DATABASE_MATCHES_RECOMMENDED,HANUMBER,HIGH_CONFIRMED_2PLUS,1,Private Lands Only,Aug 01 2025 - Jan 31 2026,
EA2009,"La Sal, La Sal Mtns",La Sal Mtns,"La Sal, La Sal Mtns",,,70,,,70,,,70,EXACT_MATCH,EXACT_MATCH,DATABASE_MATCHES_RECOMMENDED,HANUMBER,HIGH_CONFIRMED_2PLUS,1,Private Lands Only,Aug 01 2025 - Jan 31 2026,
EA2010,San Juan,San Juan,San Juan,,,50,,,50,,,50,EXACT_MATCH,EXACT_MATCH,DATABASE_MATCHES_RECOMMENDED,HANUMBER,HIGH_CONFIRMED_2PLUS,1,Private Lands Only,Aug 01 2025 - Jan 31 2026,
EA2011,Manti,Manti,Manti,,,300,,,300,,,300,EXACT_MATCH,EXACT_MATCH,DATABASE_MATCHES_RECOMMENDED,HANUMBER,HIGH_CONFIRMED_2PLUS,1,Private Lands Only,Aug 01 2025 - Jan 31 2026,
EA2012,"Wasatch Mtns, West","Wasatch Mtns, West-Central","Wasatch Mtns, West",,,400,,,400,,,400,EXACT_MATCH,EXACT_MATCH,DATABASE_MATCHES_RECOMMENDED,HANUMBER,HIGH_CONFIRMED_2PLUS,1,Private Lands Only,Aug 01 2025 - Jan 31 2026,
EA2013,"Wasatch Mtns, Currant Creek","Wasatch Mtns, Currant Creek","Wasatch Mtns, Currant Creek",,,2000,,,2000,,,2000,EXACT_MATCH,EXACT_MATCH,DATABASE_MATCHES_RECOMMENDED,HANUMBER,HIGH_CONFIRMED_2PLUS,1,Private Lands Only,Aug 01 2025 - Jan 31 2026,
EA2014,"Wasatch Mtns, Avintaquin - White River","Wasatch Mtns, Avintaquin-White River","Wasatch Mtns, Avintaquin - White River",,,400,,,400,,,400,EXACT_MATCH,EXACT_MATCH,DATABASE_MATCHES_RECOMMENDED,HANUMBER,HIGH_CONFIRMED_2PLUS,1,Private Lands Only,Aug 01 2025 - Jan 31 2026,
EA2015,Paunsaugunt,Paunsaugunt,Paunsaugunt,,,100,,,100,,,100,EXACT_MATCH,EXACT_MATCH,DATABASE_MATCHES_RECOMMENDED,HANUMBER,HIGH_CONFIRMED_2PLUS,1,Private Lands Only,Aug 01 2025 - Jan 31 2026,
EA2016,Nebo,Nebo,Nebo,,,275,,,275,,,275,EXACT_MATCH,EXACT_MATCH,DATABASE_MATCHES_RECOMMENDED,HANUMBER,HIGH_CONFIRMED_2PLUS,1,Private Lands Only,Aug 01 2025 - Jan 31 2026,
EA2017,Mt Dutton,Mt Dutton,Mt Dutton,,,75,,,75,,,75,EXACT_MATCH,EXACT_MATCH,DATABASE_MATCHES_RECOMMENDED,HANUMBER,HIGH_CONFIRMED_2PLUS,1,Private Lands Only,Aug 01 2025 - Jan 31 2026,
EA2018,Panguitch Lake,Panguitch Lake,Panguitch Lake,,,75,,,75,,,75,EXACT_MATCH,EXACT_MATCH,DATABASE_MATCHES_RECOMMENDED,HANUMBER,HIGH_CONFIRMED_2PLUS,1,Private Lands Only,Aug 01 2025 - Jan 31 2026,
EA2019,"West Desert, Tintic Valley","West Desert, Tintic Valley","West Desert, Tintic Valley",,,60,,,60,,,60,EXACT_MATCH,EXACT_MATCH,DATABASE_MATCHES_RECOMMENDED,HANUMBER,HIGH_CONFIRMED_2PLUS,1,Private Lands Only,Aug 01 2025 - Jan 31 2026,
EA2020,Zion,Zion,Zion,,,320,,,320,,,320,EXACT_MATCH,EXACT_MATCH,DATABASE_MATCHES_RECOMMENDED,HANUMBER,HIGH_CONFIRMED_2PLUS,1,Private Lands Only,Aug 01 2025 - Jan 31 2026,
EA2021,"Beaver, East","Beaver, East","Beaver, East",,,30,,,30,,,30,EXACT_MATCH,EXACT_MATCH,DATABASE_MATCHES_RECOMMENDED,HANUMBER,HIGH_CONFIRMED_2PLUS,1,Private Lands Only,Aug 01 2025 - Jan 31 2026,
EA2026,"Box Elder, Hansel Mtn","Box Elder, Hansel Mtn","Box Elder, Hansel Mtn",,,200,,,200,,,200,EXACT_MATCH,EXACT_MATCH,DATABASE_MATCHES_RECOMMENDED,HANUMBER,HIGH_CONFIRMED_2PLUS,1,Private Lands Only,Aug 01 2025 - Jan 31 2026,
EA2027,Cache,Cache,Cache,,,300,,,300,,,300,EXACT_MATCH,EXACT_MATCH,DATABASE_MATCHES_RECOMMENDED,HANUMBER,HIGH_CONFIRMED_2PLUS,1,Private Lands Only,Aug 01 2025 - Jan 31 2026,
EA2028,Vernal/Bonanza,Vernal/Bonanza,Vernal/Bonanza,,,450,,,450,,,450,EXACT_MATCH,EXACT_MATCH,DATABASE_MATCHES_RECOMMENDED,HANUMBER,HIGH_CONFIRMED_2PLUS,1,Private Lands Only,Aug 01 2025 - Jan 31 2026,
EA2029,"Nine Mile, Range Creek","Nine Mile, Range Creek","Nine Mile, Range Creek",,,150,,,150,,,150,EXACT_MATCH,EXACT_MATCH,DATABASE_MATCHES_RECOMMENDED,HANUMBER,HIGH_CONFIRMED_2PLUS,1,Private Lands Only,Aug 01 2025 - Jan 31 2026,
EA2030,Diamond Mtn,Diamond Mtn,Diamond Mtn,,,200,,,200,,,200,EXACT_MATCH,EXACT_MATCH,DATABASE_MATCHES_RECOMMENDED,HANUMBER,HIGH_CONFIRMED_2PLUS,1,Private Lands Only,Aug 01 2025 - Jan 31 2026,
EA2033,Kamas,Kamas,Kamas,180,20,200,180,20,200,180,20,200,EXACT_MATCH,EXACT_MATCH,DATABASE_MATCHES_RECOMMENDED,HANUMBER,HIGH_CONFIRMED_2PLUS,1,General Season,Aug 15 2026 - Sept 16 2026,
EA2034,"Nine Mile, Anthro","Nine Mile, Anthro","Nine Mile, Anthro",180,20,200,180,20,200,180,20,200,EXACT_MATCH,EXACT_MATCH,DATABASE_MATCHES_RECOMMENDED,HANUMBER,HIGH_CONFIRMED_2PLUS,1,General Season,Aug 15 2026 - Sept 16 2026,
EA2036,"Oquirrh-Stansbury, East","Oquirrh-Stansbury, East","Oquirrh-Stansbury, East",63,7,70,63,7,70,63,7,70,EXACT_MATCH,EXACT_MATCH,DATABASE_MATCHES_RECOMMENDED,HANUMBER,HIGH_CONFIRMED_2PLUS,1,General Season,Nov 07 2026 - Jan 31 2027,
EA2037,Yellowstone,Yellowstone,Yellowstone,180,20,200,180,20,200,180,20,200,EXACT_MATCH,EXACT_MATCH,DATABASE_MATCHES_RECOMMENDED,HANUMBER,HIGH_CONFIRMED_2PLUS,1,General Season,Aug 15 2026 - Sept 16 2026,
EA2038,Wasatch Mtns,Wasatch Mtns,Wasatch Mtns,1080,120,1200,1080,120,1200,1080,120,1200,EXACT_MATCH,EXACT_MATCH,DATABASE_MATCHES_RECOMMENDED,HANUMBER,HIGH_CONFIRMED_2PLUS,1,General Season,Aug 15 2026 - Sept 04 2026,
EA2039,"Fillmore, Pahvant","Fillmore, Pahvant","Fillmore, Pahvant",,,150,,,150,,,150,EXACT_MATCH,EXACT_MATCH,DATABASE_MATCHES_RECOMMENDED,HANUMBER,HIGH_CONFIRMED_2PLUS,1,Private Lands Only,Aug 01 2025 - Jan 31 2026,
EA2040,Kamas,Kamas,Kamas,,,150,,,150,,,150,EXACT_MATCH,EXACT_MATCH,DATABASE_MATCHES_RECOMMENDED,HANUMBER,HIGH_CONFIRMED_2PLUS,1,Private Lands Only,Aug 01 2025 - Jan 31 2026,
EA2041,Cache (Conservation),Cache (Conservation),Cache (Conservation),,,,,,,,,6,BOTH_BLANK,LEFT_BLANK,DATABASE_HAS_VALUE_NO_RECOMMENDATION,NONE_EXTERNAL_DATABASE_REFERENCE_ONLY,REVIEW_REQUIRED,1,Conservation,"Oct 4 - Oct 26, 2025",
EA2045,Wasatch Mtns (Conservation),Wasatch Mtns (Conservation),Wasatch Mtns (Conservation),,,,,,,,,10,BOTH_BLANK,LEFT_BLANK,DATABASE_HAS_VALUE_NO_RECOMMENDATION,NONE_EXTERNAL_DATABASE_REFERENCE_ONLY,REVIEW_REQUIRED,1,Conservation,"Oct 4 - Oct 16, 2025 & Nov 15, 2025 - Jan 31, 2026",
EA2046,"Box Elder, Sawtooth","Box Elder, Sawtooth","Box Elder, Sawtooth",,,25,,,25,,,25,EXACT_MATCH,EXACT_MATCH,DATABASE_MATCHES_RECOMMENDED,HANUMBER,HIGH_CONFIRMED_2PLUS,1,Private Lands Only,Aug 01 2025 - Jan 31 2026,
