hunt_code,prefix,present_report_year_2020,source_count_report_year_2020,present_report_year_2021,source_count_report_year_2021,present_report_year_2022,source_count_report_year_2022,present_report_year_2023,source_count_report_year_2023,present_report_year_2024,source_count_report_year_2024,present_report_year_2025,source_count_report_year_2025,present_report_year_2026,source_count_report_year_2026
BI1000,BI,YES,1,YES,1,YES,1,NO,0,NO,0,NO,0,YES,1
BI6500,BI,YES,2,YES,2,YES,2,YES,2,YES,2,YES,3,YES,1
BI6503,BI,YES,2,YES,2,YES,2,YES,2,YES,2,YES,3,YES,1
BI6504,BI,YES,2,YES,2,YES,2,YES,2,YES,2,YES,3,YES,1
BI6505,BI,YES,2,YES,2,YES,2,YES,2,YES,2,YES,3,YES,1
BI6506,BI,YES,2,YES,2,YES,2,YES,2,YES,2,YES,3,YES,1
BI6507,BI,YES,2,NO,0,NO,0,NO,0,NO,0,NO,0,NO,0
BI6509,BI,YES,2,YES,2,YES,2,YES,2,YES,2,YES,3,YES,1
BI6515,BI,YES,2,NO,0,NO,0,NO,0,NO,0,NO,0,NO,0
BI6516,BI,YES,2,YES,2,YES,2,YES,2,YES,2,YES,3,YES,1
BI6517,BI,YES,2,YES,2,NO,0,NO,0,NO,0,NO,0,NO,0
BI6519,BI,YES,2,YES,2,NO,0,NO,0,NO,0,NO,0,NO,0
BI6520,BI,YES,2,YES,2,NO,0,NO,0,NO,0,NO,0,NO,0
BI6521,BI,YES,2,YES,2,NO,0,NO,0,NO,0,NO,0,NO,0
BI6522,BI,YES,2,NO,0,NO,0,NO,0,NO,0,NO,0,NO,0
BI6523,BI,YES,2,YES,2,NO,0,NO,0,NO,0,NO,0,NO,0
BI6524,BI,YES,2,YES,2,NO,0,NO,0,NO,0,NO,0,NO,0
BI6526,BI,NO,0,YES,2,NO,0,NO,0,NO,0,NO,0,NO,0
BI6528,BI,NO,0,NO,0,YES,2,YES,2,YES,2,YES,3,YES,1
BI6529,BI,NO,0,NO,0,YES,2,YES,2,YES,2,YES,3,YES,1
BI6530,BI,NO,0,NO,0,YES,2,YES,2,YES,2,NO,0,NO,0
BI6531,BI,NO,0,NO,0,YES,2,YES,2,YES,2,YES,3,YES,1
BI6532,BI,NO,0,NO,0,YES,2,YES,2,YES,2,YES,3,YES,1
BI6533,BI,NO,0,NO,0,YES,2,YES,2,NO,0,NO,0,NO,0
BI6534,BI,NO,0,NO,0,YES,2,YES,2,YES,2,YES,3,YES,1
BI6535,BI,NO,0,NO,0,YES,2,YES,2,YES,2,YES,3,YES,1
BI6536,BI,NO,0,NO,0,YES,2,YES,2,YES,2,YES,3,YES,1
BI6537,BI,NO,0,NO,0,NO,0,YES,2,YES,2,YES,3,YES,1
BI6539,BI,NO,0,NO,0,NO,0,NO,0,NO,0,NO,0,YES,1
BR1000,BR,YES,1,YES,1,YES,1,NO,0,NO,0,NO,0,YES,1
BR1008,BR,YES,1,YES,1,YES,1,YES,1,YES,1,YES,1,YES,1
BR1009,BR,YES,1,YES,1,YES,1,YES,1,YES,1,YES,1,YES,1
BR1010,BR,YES,1,YES,1,YES,1,YES,1,YES,1,YES,1,YES,1
BR1011,BR,YES,1,YES,1,YES,1,YES,1,YES,1,YES,1,YES,1
BR1012,BR,YES,1,YES,1,YES,1,YES,1,YES,1,YES,1,YES,1
BR1013,BR,YES,1,YES,1,YES,1,YES,1,YES,1,YES,1,YES,1
BR1015,BR,YES,1,YES,1,YES,1,YES,1,YES,1,YES,1,YES,1
BR1016,BR,YES,1,YES,1,YES,1,YES,1,YES,1,YES,1,YES,1
BR1017,BR,YES,1,YES,1,YES,1,YES,1,YES,1,YES,1,YES,1
BR7000,BR,YES,1,YES,1,YES,1,YES,1,YES,1,YES,1,YES,1
BR7001,BR,YES,1,YES,1,YES,1,YES,1,YES,1,YES,1,YES,1
BR7003,BR,YES,1,YES,1,YES,1,YES,1,YES,1,YES,1,YES,1
BR7004,BR,YES,1,YES,1,YES,1,YES,1,YES,1,YES,1,YES,1
BR7005,BR,YES,1,YES,1,YES,1,YES,1,YES,1,YES,1,YES,1
BR7007,BR,YES,1,YES,1,YES,1,YES,1,YES,1,YES,1,YES,1
BR7008,BR,YES,1,YES,1,YES,1,YES,1,YES,1,YES,1,NO,0
BR7009,BR,YES,1,YES,1,YES,1,YES,1,YES,1,YES,1,YES,1
BR7010,BR,YES,1,YES,1,YES,1,YES,1,YES,1,YES,1,YES,1
BR7011,BR,YES,1,YES,1,YES,1,YES,1,YES,1,YES,1,YES,1
BR7012,BR,YES,1,YES,1,YES,1,YES,1,YES,1,YES,1,YES,1
BR7013,BR,YES,1,YES,1,YES,1,YES,1,YES,1,YES,1,YES,1
BR7014,BR,YES,1,YES,1,YES,1,YES,1,YES,1,YES,1,YES,1
BR7015,BR,YES,1,YES,1,YES,1,YES,1,YES,1,YES,1,YES,1
BR7016,BR,YES,1,YES,1,YES,1,YES,1,YES,1,YES,1,YES,1
BR7017,BR,YES,1,YES,1,YES,1,YES,1,YES,1,YES,1,YES,1
BR7018,BR,YES,1,YES,1,YES,1,YES,1,YES,1,YES,1,YES,1
BR7019,BR,NO,0,NO,0,YES,1,YES,1,YES,1,NO,0,NO,0
BR7020,BR,NO,0,NO,0,YES,1,YES,1,YES,1,YES,1,YES,1
BR7021,BR,NO,0,NO,0,NO,0,NO,0,NO,0,NO,0,YES,1
BR7022,BR,NO,0,NO,0,NO,0,NO,0,NO,0,NO,0,YES,1
BR7100,BR,YES,1,YES,1,YES,1,YES,1,YES,1,YES,1,YES,1
BR7101,BR,YES,1,YES,1,YES,1,YES,1,YES,1,YES,1,YES,1
BR7102,BR,YES,1,YES,1,YES,1,YES,1,YES,1,YES,1,YES,1
BR7104,BR,YES,1,YES,1,YES,1,YES,1,YES,1,YES,1,YES,1
BR7105,BR,YES,1,YES,1,YES,1,YES,1,YES,1,YES,1,YES,1
BR7106,BR,YES,1,YES,1,YES,1,YES,1,YES,1,YES,1,YES,1
BR7108,BR,YES,1,YES,1,YES,1,YES,1,YES,1,YES,1,NO,0
BR7109,BR,YES,1,YES,1,YES,1,YES,1,YES,1,YES,1,YES,1
BR7110,BR,YES,1,YES,1,YES,1,YES,1,YES,1,YES,1,YES,1
BR7111,BR,YES,1,YES,1,YES,1,YES,1,YES,1,YES,1,YES,1
BR7112,BR,YES,1,YES,1,YES,1,YES,1,YES,1,YES,1,YES,1
BR7113,BR,YES,1,YES,1,YES,1,YES,1,YES,1,YES,1,YES,1
BR7114,BR,YES,1,YES,1,YES,1,YES,1,YES,1,YES,1,YES,1
BR7115,BR,YES,1,YES,1,YES,1,YES,1,YES,1,YES,1,YES,1
BR7116,BR,YES,1,YES,1,YES,1,YES,1,YES,1,YES,1,YES,1
BR7117,BR,YES,1,YES,1,YES,1,YES,1,YES,1,YES,1,YES,1
BR7118,BR,YES,1,YES,1,YES,1,YES,1,YES,1,YES,1,YES,1
BR7119,BR,YES,1,YES,1,YES,1,YES,1,YES,1,YES,1,YES,1
BR7120,BR,YES,1,YES,1,YES,1,YES,1,YES,1,YES,1,YES,1
BR7121,BR,YES,1,YES,1,YES,1,YES,1,YES,1,YES,1,YES,1
BR7122,BR,YES,1,YES,1,YES,1,YES,1,YES,1,YES,1,YES,1
BR7123,BR,YES,1,YES,1,YES,1,YES,1,YES,1,YES,1,YES,1
BR7124,BR,NO,0,NO,0,YES,1,YES,1,YES,1,YES,1,YES,1
BR7125,BR,NO,0,NO,0,YES,1,YES,1,YES,1,YES,1,YES,1
BR7126,BR,NO,0,NO,0,NO,0,NO,0,NO,0,NO,0,YES,1
BR7127,BR,NO,0,NO,0,NO,0,NO,0,NO,0,NO,0,YES,1
BR7200,BR,YES,1,YES,1,YES,1,YES,1,YES,1,YES,1,YES,1
BR7201,BR,YES,1,YES,1,YES,1,YES,1,YES,1,YES,1,YES,1
BR7203,BR,YES,1,YES,1,YES,1,YES,1,YES,1,YES,1,YES,1
BR7204,BR,YES,1,YES,1,YES,1,YES,1,YES,1,YES,1,YES,1
BR7205,BR,YES,1,YES,1,YES,1,YES,1,YES,1,YES,1,YES,1
BR7207,BR,YES,1,YES,1,YES,1,YES,1,YES,1,YES,1,YES,1
BR7208,BR,YES,1,YES,1,YES,1,YES,1,YES,1,YES,1,NO,0
BR7209,BR,YES,1,YES,1,NO,0,NO,0,NO,0,NO,0,NO,0
BR7210,BR,YES,1,YES,1,YES,1,YES,1,YES,1,YES,1,YES,1
BR7211,BR,YES,1,YES,1,YES,1,YES,1,YES,1,YES,1,YES,1
BR7212,BR,YES,1,YES,1,YES,1,YES,1,YES,1,YES,1,YES,1
BR7213,BR,YES,1,YES,1,YES,1,YES,1,YES,1,YES,1,YES,1
BR7214,BR,YES,1,YES,1,YES,1,YES,1,YES,1,YES,1,YES,1
BR7215,BR,YES,1,YES,1,YES,1,YES,1,YES,1,YES,1,YES,1
BR7216,BR,YES,1,YES,1,YES,1,YES,1,YES,1,YES,1,YES,1
BR7217,BR,YES,1,YES,1,YES,1,YES,1,YES,1,YES,1,YES,1
BR7218,BR,YES,1,YES,1,YES,1,YES,1,YES,1,YES,1,YES,1
BR7219,BR,YES,1,YES,1,YES,1,YES,1,YES,1,YES,1,YES,1
BR7220,BR,YES,1,YES,1,YES,1,YES,1,YES,1,YES,1,YES,1
BR7221,BR,YES,1,YES,1,YES,1,YES,1,YES,1,YES,1,YES,1
BR7224,BR,YES,1,YES,1,YES,1,YES,1,YES,1,YES,1,YES,1
BR7225,BR,YES,1,YES,1,YES,1,YES,1,YES,1,YES,1,YES,1
BR7226,BR,YES,1,YES,1,NO,0,NO,0,NO,0,NO,0,NO,0
BR7227,BR,YES,1,YES,1,NO,0,NO,0,NO,0,NO,0,NO,0
BR7228,BR,YES,1,YES,1,YES,1,YES,1,YES,1,YES,1,YES,1
BR7229,BR,YES,1,YES,1,YES,1,YES,1,YES,1,YES,1,YES,1
BR7230,BR,YES,1,YES,1,NO,0,NO,0,NO,0,NO,0,NO,0
BR7231,BR,YES,1,YES,1,NO,0,NO,0,NO,0,NO,0,NO,0
BR7232,BR,YES,1,YES,1,NO,0,NO,0,NO,0,NO,0,NO,0
BR7233,BR,YES,1,YES,1,NO,0,NO,0,NO,0,NO,0,NO,0
BR7234,BR,YES,1,YES,1,NO,0,NO,0,NO,0,NO,0,NO,0
BR7235,BR,YES,1,YES,1,NO,0,NO,0,NO,0,NO,0,NO,0
BR7236,BR,YES,1,YES,1,NO,0,NO,0,NO,0,NO,0,NO,0
BR7237,BR,NO,0,NO,0,NO,0,NO,0,NO,0,YES,1,NO,0
BR7238,BR,NO,0,NO,0,NO,0,NO,0,NO,0,NO,0,YES,1
BR7239,BR,NO,0,NO,0,NO,0,NO,0,NO,0,NO,0,YES,1
BR7300,BR,YES,1,YES,1,YES,1,YES,1,YES,1,YES,1,YES,1
BR7301,BR,YES,1,YES,1,YES,1,YES,1,YES,1,YES,1,YES,1
BR7303,BR,YES,1,YES,1,YES,1,YES,1,YES,1,YES,1,YES,1
BR7304,BR,YES,1,YES,1,YES,1,YES,1,YES,1,YES,1,YES,1
BR7305,BR,YES,1,YES,1,YES,1,YES,1,YES,1,YES,1,YES,1
BR7307,BR,YES,1,YES,1,YES,1,YES,1,YES,1,YES,1,NO,0
BR7308,BR,YES,1,YES,1,YES,1,YES,1,YES,1,YES,1,YES,1
BR7309,BR,YES,1,YES,1,YES,1,YES,1,YES,1,YES,1,YES,1
BR7310,BR,YES,1,YES,1,YES,1,YES,1,YES,1,YES,1,YES,1
BR7311,BR,YES,1,YES,1,YES,1,YES,1,YES,1,YES,1,YES,1
BR7312,BR,YES,1,YES,1,YES,1,YES,1,YES,1,YES,1,YES,1
BR7313,BR,YES,1,YES,1,YES,1,YES,1,YES,1,YES,1,YES,1
BR7314,BR,YES,1,YES,1,YES,1,YES,1,YES,1,YES,1,YES,1
BR7315,BR,YES,1,YES,1,YES,1,YES,1,YES,1,YES,1,YES,1
BR7316,BR,YES,1,YES,1,YES,1,YES,1,YES,1,YES,1,YES,1
BR7317,BR,YES,1,YES,1,YES,1,YES,1,YES,1,YES,1,YES,1
BR7318,BR,YES,1,YES,1,YES,1,YES,1,YES,1,YES,1,YES,1
BR7320,BR,YES,1,YES,1,YES,1,YES,1,YES,1,YES,1,YES,1
BR7321,BR,YES,1,YES,1,YES,1,YES,1,YES,1,YES,1,YES,1
BR7322,BR,NO,0,NO,0,YES,1,YES,1,YES,1,YES,1,YES,1
BR7323,BR,NO,0,NO,0,YES,1,YES,1,YES,1,YES,1,YES,1
BR7325,BR,NO,0,NO,0,NO,0,NO,0,NO,0,YES,1,YES,1
BR7326,BR,NO,0,NO,0,NO,0,NO,0,NO,0,NO,0,YES,1
CG1000,CG,YES,1,YES,1,YES,1,NO,0,NO,0,NO,0,NO,0
CG1029,CG,YES,1,YES,1,YES,1,NO,0,NO,0,NO,0,NO,0
CG1030,CG,YES,1,NO,0,NO,0,NO,0,NO,0,NO,0,NO,0
CG1034,CG,YES,1,YES,1,YES,1,NO,0,NO,0,NO,0,NO,0
CG7502,CG,YES,1,YES,1,YES,1,NO,0,NO,0,NO,0,NO,0
CG7503,CG,YES,1,YES,1,NO,0,NO,0,NO,0,NO,0,NO,0
CG7506,CG,YES,1,YES,1,YES,1,NO,0,NO,0,NO,0,NO,0
CG7602,CG,YES,1,YES,1,YES,1,NO,0,NO,0,NO,0,NO,0
CG7603,CG,YES,1,YES,1,YES,1,NO,0,NO,0,NO,0,NO,0
CG7605,CG,YES,1,YES,1,YES,1,NO,0,NO,0,NO,0,NO,0
CG7610,CG,YES,1,YES,1,YES,1,NO,0,NO,0,NO,0,NO,0
CG7612,CG,YES,1,YES,1,YES,1,NO,0,NO,0,NO,0,NO,0
CG7613,CG,YES,1,NO,0,NO,0,NO,0,NO,0,NO,0,NO,0
CG7615,CG,YES,1,NO,0,NO,0,NO,0,NO,0,NO,0,NO,0
CG7619,CG,YES,1,NO,0,NO,0,NO,0,NO,0,NO,0,NO,0
CG9999,CG,NO,0,YES,1,NO,0,NO,0,NO,0,NO,0,NO,0
DA1000,DA,YES,2,YES,2,NO,0,NO,0,NO,0,NO,0,NO,0
DA1001,DA,YES,2,YES,2,YES,2,YES,2,YES,2,YES,2,NO,0
DA1002,DA,YES,2,YES,2,YES,2,YES,2,YES,2,YES,2,NO,0
DA1003,DA,YES,2,YES,2,YES,2,YES,2,YES,2,YES,2,NO,0
DA1004,DA,YES,2,YES,2,NO,0,NO,0,NO,0,NO,0,NO,0
DA1005,DA,YES,2,NO,0,NO,0,NO,0,NO,0,NO,0,NO,0
DA1007,DA,YES,2,YES,2,NO,0,NO,0,NO,0,NO,0,NO,0
DA1009,DA,YES,2,YES,2,YES,2,YES,2,YES,2,YES,2,NO,0
DA1011,DA,YES,2,YES,2,YES,2,YES,2,YES,2,YES,2,NO,0
DA1012,DA,YES,2,YES,2,YES,2,YES,2,YES,2,YES,2,NO,0
DA1013,DA,YES,2,YES,2,YES,2,YES,2,YES,2,YES,2,NO,0
DA1017,DA,YES,2,YES,2,NO,0,NO,0,NO,0,NO,0,NO,0
DA1018,DA,YES,2,YES,2,YES,2,YES,2,YES,2,YES,2,NO,0
DA1019,DA,YES,2,NO,0,NO,0,NO,0,NO,0,NO,0,NO,0
DA1026,DA,YES,2,YES,2,YES,2,NO,0,NO,0,NO,0,NO,0
DA1027,DA,YES,2,YES,2,YES,2,YES,2,YES,2,YES,2,NO,0
DA1028,DA,YES,2,YES,2,YES,2,NO,0,NO,0,NO,0,NO,0
DA1029,DA,YES,2,YES,2,NO,0,NO,0,NO,0,NO,0,NO,0
DA1030,DA,YES,2,YES,2,YES,2,YES,2,YES,2,YES,2,NO,0
DA1031,DA,YES,2,YES,2,YES,2,YES,2,YES,2,YES,2,NO,0
DA1033,DA,YES,2,YES,2,YES,2,YES,2,YES,2,YES,2,NO,0
DA1036,DA,YES,2,NO,0,NO,0,NO,0,NO,0,NO,0,NO,0
DA1039,DA,YES,2,YES,2,YES,2,NO,0,NO,0,NO,0,NO,0
DA1040,DA,YES,2,YES,1,YES,2,NO,0,NO,0,NO,0,NO,0
DA1041,DA,YES,2,YES,2,YES,2,YES,2,YES,2,YES,2,NO,0
DA1042,DA,YES,1,YES,2,YES,2,YES,2,YES,2,YES,2,NO,0
DA1043,DA,YES,2,YES,2,YES,2,NO,0,NO,0,NO,0,NO,0
DA1044,DA,YES,2,YES,2,YES,2,YES,2,YES,2,NO,0,NO,0
DA1045,DA,NO,0,YES,2,YES,2,YES,2,YES,2,YES,2,NO,0
DA1046,DA,NO,0,YES,2,YES,2,YES,2,YES,2,YES,2,NO,0
DA1047,DA,NO,0,NO,0,YES,2,YES,2,YES,2,YES,2,NO,0
DA1048,DA,NO,0,NO,0,NO,0,YES,2,YES,2,YES,2,NO,0
DA1049,DA,NO,0,NO,0,NO,0,YES,2,YES,2,YES,2,NO,0
DA1050,DA,NO,0,NO,0,NO,0,NO,0,YES,2,YES,2,NO,0
DB0007,DB,YES,1,YES,1,YES,1,NO,0,NO,0,NO,0,YES,1
DB0008,DB,NO,0,NO,0,NO,0,NO,0,NO,0,YES,3,YES,1
DB1000,DB,YES,2,YES,2,YES,2,YES,2,YES,2,YES,2,YES,1
DB1001,DB,YES,2,YES,2,YES,2,YES,2,YES,2,YES,2,YES,1
DB1002,DB,YES,2,YES,2,YES,2,YES,2,YES,2,YES,2,YES,1
DB1003,DB,YES,2,YES,2,YES,2,YES,2,YES,2,YES,2,YES,1
DB1004,DB,YES,2,YES,2,YES,2,YES,2,YES,2,YES,2,YES,1
DB1005,DB,YES,2,YES,2,YES,2,YES,2,YES,2,YES,2,YES,1
DB1006,DB,YES,2,YES,2,YES,2,YES,2,YES,2,YES,2,YES,1
DB1007,DB,YES,2,YES,2,YES,2,YES,2,YES,2,YES,2,YES,1
DB1008,DB,YES,2,YES,2,YES,2,YES,2,YES,2,YES,2,YES,1
DB1009,DB,YES,2,NO,0,NO,0,NO,0,NO,0,YES,2,YES,1
DB1010,DB,YES,2,YES,2,YES,2,YES,2,YES,2,YES,2,YES,1
DB1011,DB,YES,2,YES,2,YES,2,YES,2,YES,2,YES,2,YES,1
DB1012,DB,YES,2,YES,2,YES,2,YES,2,YES,2,YES,2,YES,1
DB1013,DB,YES,2,YES,2,YES,2,YES,2,YES,2,YES,2,YES,1
DB1014,DB,YES,2,YES,2,YES,2,YES,2,YES,2,YES,2,YES,1
DB1015,DB,YES,2,YES,2,YES,2,YES,2,YES,2,YES,2,YES,1
DB1016,DB,YES,2,YES,2,YES,2,YES,2,YES,2,YES,2,YES,1
DB1017,DB,YES,2,YES,2,YES,2,YES,2,YES,2,YES,2,YES,1
DB1018,DB,YES,2,YES,2,YES,2,YES,2,YES,2,YES,2,YES,1
DB1019,DB,YES,2,YES,2,YES,2,YES,2,YES,2,YES,2,YES,1
DB1020,DB,YES,2,YES,2,YES,2,YES,2,YES,2,YES,2,YES,1
DB1021,DB,YES,2,NO,0,NO,0,NO,0,NO,0,NO,0,NO,0
DB1022,DB,YES,2,YES,2,YES,2,YES,2,YES,2,YES,2,YES,1
DB1023,DB,YES,2,YES,2,YES,2,YES,2,YES,2,YES,2,YES,1
DB1024,DB,YES,2,YES,2,YES,2,YES,2,YES,2,YES,2,YES,1
DB1025,DB,YES,2,YES,2,YES,2,YES,2,YES,2,YES,2,YES,1
DB1026,DB,YES,2,YES,2,YES,2,YES,2,YES,2,YES,2,YES,1
DB1027,DB,YES,2,YES,2,YES,2,NO,0,NO,0,NO,0,NO,0
DB1028,DB,YES,2,YES,2,YES,2,YES,2,YES,2,YES,2,YES,1
DB1029,DB,YES,2,YES,2,YES,2,YES,2,YES,2,YES,2,YES,1
DB1030,DB,YES,2,YES,2,YES,2,YES,2,YES,2,YES,2,YES,1
DB1031,DB,YES,2,YES,2,YES,2,YES,2,YES,2,YES,2,YES,1
DB1032,DB,YES,2,YES,2,YES,2,YES,2,YES,2,YES,2,YES,1
DB1033,DB,YES,2,YES,2,YES,2,YES,2,YES,2,YES,2,YES,1
DB1034,DB,YES,2,YES,2,YES,2,YES,2,YES,2,YES,2,YES,1
DB1036,DB,YES,2,YES,2,YES,2,YES,2,YES,2,NO,0,NO,0
DB1037,DB,YES,2,YES,2,YES,2,YES,2,YES,2,YES,2,YES,1
DB1038,DB,YES,2,YES,2,YES,2,YES,2,YES,2,YES,2,YES,1
DB1039,DB,YES,2,YES,2,YES,2,YES,2,YES,2,YES,2,YES,1
DB1040,DB,YES,2,YES,2,YES,2,YES,2,YES,2,YES,2,YES,1
DB1041,DB,YES,2,YES,2,YES,2,YES,2,YES,2,YES,2,YES,1
DB1042,DB,YES,2,YES,2,YES,2,YES,2,YES,2,YES,2,YES,1
DB1043,DB,YES,2,YES,2,YES,2,YES,2,YES,2,YES,2,YES,1
DB1044,DB,YES,2,YES,2,YES,2,YES,2,YES,2,YES,2,YES,1
DB1045,DB,YES,2,YES,2,YES,2,YES,2,YES,2,YES,2,YES,1
DB1046,DB,YES,2,YES,2,YES,2,YES,2,YES,2,YES,2,YES,1
DB1047,DB,YES,2,YES,2,YES,2,YES,2,YES,2,YES,2,YES,1
DB1048,DB,YES,2,YES,2,YES,2,YES,2,YES,2,YES,2,YES,1
DB1051,DB,YES,2,NO,0,NO,0,NO,0,NO,0,NO,0,NO,0
DB1052,DB,YES,2,NO,0,NO,0,NO,0,NO,0,NO,0,NO,0
DB1053,DB,YES,2,YES,2,YES,2,YES,2,YES,2,YES,2,YES,1
DB1054,DB,YES,2,YES,2,YES,2,YES,2,YES,2,YES,2,YES,1
DB1055,DB,YES,2,YES,2,YES,2,YES,2,YES,2,YES,2,YES,1
DB1058,DB,YES,2,YES,2,YES,2,YES,2,YES,2,YES,2,YES,1
DB1059,DB,YES,2,YES,2,YES,2,YES,2,YES,2,NO,0,NO,0
DB1065,DB,YES,2,YES,2,YES,2,YES,2,YES,2,YES,2,YES,1
DB1073,DB,YES,2,YES,2,YES,2,YES,2,YES,2,YES,2,YES,1
DB1074,DB,YES,2,YES,2,YES,2,YES,2,YES,2,YES,2,YES,1
DB1077,DB,YES,2,YES,2,YES,2,YES,2,YES,2,YES,2,YES,1
DB1078,DB,YES,2,YES,2,YES,2,YES,2,YES,2,YES,2,YES,1
DB1079,DB,YES,2,YES,2,YES,2,YES,2,YES,2,YES,2,YES,1
DB1080,DB,YES,2,YES,2,YES,2,YES,2,YES,2,YES,2,YES,1
DB1081,DB,YES,2,YES,2,YES,2,YES,2,YES,2,YES,2,YES,1
DB1082,DB,YES,2,YES,2,YES,2,YES,2,YES,2,NO,0,NO,0
DB1083,DB,YES,2,YES,2,YES,2,YES,2,YES,2,YES,2,YES,1
DB1084,DB,YES,2,YES,2,YES,2,YES,2,YES,2,YES,2,YES,1
DB1085,DB,YES,2,YES,2,YES,2,YES,2,YES,2,YES,2,YES,1
DB1086,DB,YES,2,YES,2,YES,2,YES,2,YES,2,YES,2,YES,1
DB1087,DB,YES,2,YES,2,YES,2,YES,2,YES,2,YES,2,YES,1
DB1088,DB,YES,2,YES,2,YES,2,YES,2,YES,2,NO,0,NO,0
DB1089,DB,YES,2,YES,2,YES,2,YES,2,YES,2,NO,0,NO,0
DB1090,DB,YES,2,YES,2,YES,2,YES,2,YES,2,YES,2,YES,1
DB1091,DB,YES,2,YES,2,YES,2,YES,2,YES,2,YES,2,YES,1
DB1092,DB,YES,2,YES,2,YES,2,NO,0,NO,0,NO,0,NO,0
DB1094,DB,NO,0,NO,0,YES,2,YES,2,YES,2,NO,0,NO,0
DB1100,DB,NO,0,NO,0,NO,0,YES,2,YES,2,YES,2,YES,1
DB1101,DB,NO,0,NO,0,NO,0,YES,2,YES,2,YES,2,YES,1
DB1103,DB,NO,0,NO,0,NO,0,YES,2,YES,2,YES,2,YES,1
DB1105,DB,NO,0,NO,0,NO,0,YES,2,YES,2,YES,2,YES,1
DB1106,DB,NO,0,NO,0,NO,0,NO,0,NO,0,YES,2,YES,1
DB1107,DB,NO,0,NO,0,NO,0,NO,0,NO,0,YES,2,YES,1
DB1108,DB,NO,0,NO,0,NO,0,NO,0,NO,0,YES,2,YES,1
DB1109,DB,NO,0,NO,0,NO,0,NO,0,NO,0,NO,0,YES,1
DB1110,DB,NO,0,NO,0,NO,0,NO,0,NO,0,YES,2,YES,1
DB1111,DB,NO,0,NO,0,NO,0,NO,0,NO,0,YES,2,YES,1
DB1112,DB,NO,0,NO,0,NO,0,NO,0,NO,0,YES,2,YES,1
DB1113,DB,NO,0,NO,0,NO,0,NO,0,NO,0,YES,2,YES,1
DB1114,DB,NO,0,NO,0,NO,0,NO,0,NO,0,YES,2,YES,1
DB1115,DB,NO,0,NO,0,NO,0,NO,0,NO,0,YES,2,YES,1
DB1116,DB,NO,0,NO,0,NO,0,NO,0,NO,0,YES,2,YES,1
DB1119,DB,NO,0,NO,0,NO,0,NO,0,NO,0,YES,2,YES,1
DB1120,DB,NO,0,NO,0,NO,0,NO,0,NO,0,YES,2,YES,1
DB1121,DB,NO,0,NO,0,NO,0,NO,0,NO,0,NO,0,YES,1
DB1200,DB,YES,2,YES,2,YES,2,YES,2,YES,2,YES,2,YES,1
DB1201,DB,YES,2,YES,2,YES,2,YES,2,YES,2,YES,2,YES,1
DB1202,DB,YES,2,YES,2,YES,2,YES,2,YES,2,YES,2,YES,1
DB1203,DB,YES,2,YES,2,YES,2,YES,2,YES,2,YES,2,YES,1
DB1204,DB,YES,2,YES,2,YES,2,YES,2,YES,2,YES,2,YES,1
DB1205,DB,YES,2,YES,2,YES,2,YES,2,YES,2,YES,2,YES,1
DB1206,DB,YES,2,YES,2,YES,2,YES,2,YES,2,YES,2,YES,1
DB1207,DB,YES,2,YES,2,YES,2,YES,2,YES,2,YES,2,YES,1
DB1208,DB,YES,2,NO,0,NO,0,YES,2,YES,2,YES,2,YES,1
DB1209,DB,YES,2,YES,2,YES,2,YES,2,YES,2,YES,2,YES,1
DB1210,DB,YES,2,YES,2,NO,0,NO,0,NO,0,NO,0,NO,0
DB1211,DB,YES,2,YES,2,YES,2,YES,2,YES,2,YES,2,YES,1
DB1212,DB,YES,2,YES,2,YES,2,YES,2,YES,2,YES,2,YES,1
DB1213,DB,YES,2,YES,2,YES,2,YES,2,YES,2,YES,2,YES,1
DB1215,DB,YES,2,YES,2,YES,2,YES,2,YES,2,YES,2,YES,1
DB1216,DB,YES,2,YES,2,YES,2,YES,2,NO,0,YES,2,YES,1
DB1217,DB,YES,2,YES,2,YES,2,YES,2,YES,2,YES,2,YES,1
DB1219,DB,YES,2,YES,2,YES,2,YES,2,YES,2,YES,2,YES,1
DB1221,DB,YES,2,NO,0,NO,0,NO,0,NO,0,NO,0,NO,0
DB1222,DB,YES,2,YES,2,YES,2,YES,2,YES,2,YES,2,YES,1
DB1223,DB,YES,2,YES,2,YES,2,YES,2,NO,0,NO,0,NO,0
DB1224,DB,YES,2,YES,2,YES,2,YES,2,YES,2,YES,2,YES,1
DB1225,DB,YES,2,NO,0,NO,0,NO,0,NO,0,NO,0,NO,0
DB1227,DB,YES,2,YES,2,YES,2,YES,2,YES,2,YES,2,YES,1
DB1228,DB,YES,2,YES,2,YES,2,YES,2,YES,2,YES,2,YES,1
DB1229,DB,YES,2,YES,2,YES,2,YES,2,YES,2,YES,2,YES,1
DB1230,DB,YES,2,YES,2,YES,2,YES,2,YES,2,YES,2,YES,1
DB1231,DB,YES,2,YES,2,YES,2,YES,2,YES,2,YES,2,YES,1
DB1232,DB,YES,2,YES,2,YES,2,YES,2,YES,2,YES,2,YES,1
DB1233,DB,YES,2,YES,2,YES,2,YES,2,YES,2,YES,2,YES,1
DB1234,DB,YES,2,YES,2,YES,2,YES,2,YES,2,YES,2,YES,1
DB1236,DB,YES,2,YES,2,YES,2,YES,2,YES,2,YES,2,YES,1
DB1237,DB,YES,2,YES,2,YES,2,YES,2,YES,2,YES,2,YES,1
DB1238,DB,YES,2,YES,2,YES,2,YES,2,YES,2,YES,2,YES,1
DB1239,DB,NO,0,NO,0,NO,0,YES,2,YES,2,YES,2,YES,1
DB1240,DB,YES,2,YES,2,YES,2,YES,2,YES,2,YES,2,YES,1
DB1241,DB,YES,2,YES,2,YES,2,YES,2,YES,2,YES,2,YES,1
DB1242,DB,YES,2,YES,2,YES,2,YES,2,YES,2,YES,2,YES,1
DB1243,DB,YES,2,YES,2,YES,2,YES,2,YES,2,YES,2,YES,1
DB1244,DB,YES,2,YES,2,YES,2,YES,2,YES,2,YES,2,YES,1
DB1245,DB,YES,2,YES,2,YES,2,YES,2,YES,2,YES,2,YES,1
DB1246,DB,YES,2,YES,2,YES,2,YES,2,YES,2,YES,2,YES,1
DB1248,DB,YES,2,YES,2,YES,2,YES,2,YES,2,YES,2,YES,1
DB1249,DB,YES,2,YES,2,YES,2,YES,2,YES,2,YES,2,YES,1
DB1250,DB,YES,2,YES,2,YES,2,YES,2,YES,2,YES,2,YES,1
DB1251,DB,YES,2,YES,2,YES,2,YES,2,YES,2,YES,2,YES,1
DB1252,DB,YES,2,YES,2,YES,2,YES,2,YES,2,YES,2,YES,1
DB1253,DB,YES,2,YES,2,YES,2,YES,2,YES,2,YES,2,YES,1
DB1255,DB,YES,2,YES,2,YES,2,YES,2,YES,2,YES,2,YES,1
DB1256,DB,YES,2,YES,2,YES,2,YES,2,YES,2,YES,2,YES,1
DB1257,DB,YES,2,YES,2,YES,2,NO,0,NO,0,NO,0,NO,0
DB1258,DB,YES,2,YES,2,YES,2,YES,2,NO,0,YES,2,YES,1
DB1259,DB,YES,2,YES,2,NO,0,NO,0,YES,2,YES,2,YES,1
DB1260,DB,YES,2,YES,2,YES,2,YES,2,YES,2,YES,2,YES,1
DB1261,DB,YES,2,YES,2,YES,2,YES,2,YES,2,YES,2,YES,1
DB1263,DB,YES,2,YES,2,YES,2,YES,2,YES,2,YES,2,YES,1
DB1264,DB,YES,2,YES,2,YES,2,YES,2,YES,2,YES,2,YES,1
DB1265,DB,YES,2,YES,2,YES,2,YES,2,YES,2,YES,2,YES,1
DB1266,DB,YES,2,YES,2,YES,2,YES,2,YES,2,YES,2,YES,1
DB1267,DB,YES,2,YES,2,YES,2,NO,0,NO,0,NO,0,NO,0
DB1269,DB,YES,2,YES,2,YES,2,YES,2,YES,2,YES,2,YES,1
DB1270,DB,YES,2,YES,2,YES,2,YES,2,YES,2,YES,2,YES,1
DB1271,DB,YES,2,YES,2,YES,2,YES,2,YES,2,YES,2,YES,1
DB1272,DB,YES,2,YES,2,YES,2,YES,2,YES,2,YES,2,YES,1
DB1273,DB,YES,2,YES,2,YES,2,YES,2,YES,2,YES,2,YES,1
DB1274,DB,YES,2,YES,2,YES,2,YES,2,YES,2,YES,2,YES,1
DB1275,DB,YES,2,YES,2,YES,2,YES,2,YES,2,YES,2,YES,1
DB1276,DB,YES,2,YES,2,YES,2,YES,2,YES,2,NO,0,NO,0
DB1277,DB,YES,2,YES,2,YES,2,YES,2,YES,2,YES,2,YES,1
DB1278,DB,YES,2,YES,2,YES,2,YES,2,NO,0,NO,0,NO,0
DB1279,DB,YES,2,YES,2,YES,2,YES,2,YES,2,YES,2,YES,1
DB1280,DB,YES,2,YES,2,YES,2,YES,2,YES,2,YES,2,YES,1
DB1281,DB,YES,2,YES,2,YES,2,YES,2,YES,2,YES,2,YES,1
DB1282,DB,YES,2,YES,2,YES,2,YES,2,YES,2,YES,2,YES,1
DB1283,DB,YES,2,YES,2,YES,2,YES,2,YES,2,YES,2,YES,1
DB1285,DB,YES,2,YES,2,YES,2,YES,2,YES,2,YES,2,YES,1
DB1286,DB,YES,2,YES,2,YES,2,YES,2,YES,2,YES,2,YES,1
DB1287,DB,YES,2,YES,2,YES,2,YES,2,YES,2,YES,2,YES,1
DB1288,DB,YES,2,YES,2,YES,2,YES,2,YES,2,YES,2,YES,1
DB1289,DB,YES,2,YES,2,YES,2,YES,2,YES,2,YES,2,YES,1
DB1290,DB,YES,2,YES,2,YES,2,YES,2,YES,2,YES,2,YES,1
DB1291,DB,YES,2,YES,2,YES,2,YES,2,YES,2,YES,2,YES,1
DB1292,DB,YES,2,YES,2,YES,2,YES,2,YES,2,YES,2,YES,1
DB1293,DB,YES,2,YES,2,YES,2,YES,2,YES,2,YES,2,YES,1
DB1294,DB,YES,2,YES,2,YES,2,YES,2,YES,2,YES,2,YES,1
DB1295,DB,YES,2,YES,2,YES,2,YES,2,YES,2,YES,2,YES,1
DB1297,DB,YES,2,YES,2,YES,2,YES,2,NO,0,NO,0,NO,0
DB1298,DB,YES,2,YES,2,YES,2,YES,2,YES,2,YES,2,YES,1
DB1299,DB,YES,2,NO,0,YES,2,YES,2,YES,2,YES,2,YES,1
DB1300,DB,YES,2,YES,2,YES,2,YES,2,YES,2,YES,2,YES,1
DB1301,DB,YES,2,YES,2,YES,2,YES,2,YES,2,YES,2,YES,1
DB1302,DB,YES,2,YES,2,NO,0,NO,0,NO,0,NO,0,NO,0
DB1303,DB,YES,2,YES,2,YES,2,YES,2,YES,2,YES,2,YES,1
DB1304,DB,YES,2,YES,2,YES,2,YES,2,YES,2,YES,2,YES,1
DB1305,DB,YES,2,YES,2,YES,2,YES,2,YES,2,YES,2,YES,1
DB1306,DB,YES,2,YES,2,YES,2,YES,2,YES,2,YES,2,YES,1
DB1307,DB,YES,2,YES,2,YES,2,YES,2,NO,0,NO,0,NO,0
DB1308,DB,YES,2,NO,0,YES,2,YES,2,YES,2,YES,2,YES,1
DB1309,DB,YES,2,YES,2,YES,2,YES,2,YES,2,YES,2,YES,1
DB1310,DB,YES,2,YES,2,YES,2,YES,2,YES,2,YES,2,YES,1
DB1312,DB,NO,0,NO,0,YES,2,YES,2,YES,2,YES,2,YES,1
DB1317,DB,YES,2,YES,2,YES,2,YES,2,YES,2,YES,2,YES,1
DB1320,DB,YES,2,YES,2,YES,2,YES,2,YES,2,YES,2,NO,0
DB1321,DB,YES,2,YES,2,YES,2,NO,0,NO,0,NO,0,NO,0
DB1322,DB,YES,2,YES,2,YES,2,YES,2,YES,2,YES,2,YES,1
DB1323,DB,YES,2,YES,2,YES,2,NO,0,NO,0,YES,2,YES,1
DB1324,DB,YES,2,YES,2,YES,2,YES,2,YES,2,YES,2,NO,0
DB1325,DB,YES,2,YES,2,YES,2,YES,2,YES,2,YES,2,YES,1
DB1326,DB,YES,2,YES,2,YES,2,YES,2,YES,2,YES,2,YES,1
DB1327,DB,YES,2,YES,2,YES,2,YES,2,YES,2,YES,2,YES,1
DB1328,DB,NO,0,YES,2,YES,2,YES,2,YES,2,YES,2,YES,1
DB1329,DB,NO,0,YES,2,YES,2,NO,0,NO,0,NO,0,NO,0
DB1330,DB,NO,0,YES,2,YES,2,YES,2,YES,2,YES,2,YES,1
DB1331,DB,NO,0,YES,2,YES,2,YES,2,YES,2,YES,2,YES,1
DB1332,DB,NO,0,YES,2,YES,2,YES,2,YES,2,YES,2,YES,1
DB1333,DB,NO,0,YES,2,YES,2,YES,2,YES,2,YES,2,YES,1
DB1334,DB,NO,0,YES,2,YES,2,YES,2,YES,2,YES,2,YES,1
DB1335,DB,NO,0,NO,0,YES,2,YES,2,YES,2,YES,2,YES,1
DB1336,DB,NO,0,NO,0,YES,2,YES,2,YES,2,YES,2,YES,1
DB1337,DB,NO,0,NO,0,YES,2,YES,2,YES,2,YES,2,YES,1
DB1338,DB,NO,0,NO,0,YES,2,YES,2,YES,2,NO,0,NO,0
DB1339,DB,NO,0,NO,0,YES,2,YES,2,NO,0,NO,0,NO,0
DB1340,DB,NO,0,NO,0,YES,2,YES,2,NO,0,NO,0,NO,0
DB1341,DB,NO,0,NO,0,NO,0,YES,2,YES,2,YES,2,YES,1
DB1342,DB,NO,0,NO,0,NO,0,YES,2,YES,2,YES,2,YES,1
DB1343,DB,NO,0,NO,0,NO,0,YES,2,YES,2,YES,2,NO,0
DB1344,DB,NO,0,NO,0,NO,0,NO,0,YES,2,YES,2,NO,0
DB1345,DB,NO,0,NO,0,NO,0,NO,0,YES,2,YES,2,NO,0
DB1347,DB,NO,0,NO,0,NO,0,NO,0,YES,2,YES,2,YES,1
DB1348,DB,NO,0,NO,0,NO,0,NO,0,YES,2,YES,2,NO,0
DB1349,DB,NO,0,NO,0,NO,0,NO,0,YES,2,YES,2,YES,1
DB1351,DB,NO,0,NO,0,NO,0,NO,0,NO,0,NO,0,YES,1
DB1500,DB,YES,3,YES,3,YES,3,YES,3,YES,3,NO,0,NO,0
DB1501,DB,YES,3,YES,3,YES,3,YES,3,YES,3,YES,3,YES,1
DB1502,DB,YES,3,YES,3,YES,3,YES,3,YES,3,YES,3,YES,1
DB1503,DB,YES,3,YES,3,YES,3,YES,3,YES,3,YES,3,YES,1
DB1504,DB,YES,3,YES,3,YES,3,YES,3,YES,3,YES,3,YES,1
DB1505,DB,YES,3,YES,3,YES,3,NO,0,NO,0,NO,0,NO,0
DB1506,DB,YES,3,YES,3,YES,3,YES,3,YES,3,YES,3,YES,1
DB1508,DB,YES,3,YES,3,YES,3,YES,3,YES,3,YES,3,YES,1
DB1509,DB,YES,3,YES,3,YES,3,YES,3,YES,3,YES,3,YES,1
DB1510,DB,YES,3,YES,3,YES,3,YES,3,YES,3,YES,3,YES,1
DB1511,DB,YES,3,YES,2,YES,3,YES,2,YES,3,YES,2,YES,1
DB1512,DB,YES,3,YES,3,YES,2,YES,3,YES,3,YES,3,YES,1
DB1513,DB,YES,3,YES,3,YES,3,YES,3,YES,3,YES,3,YES,1
DB1514,DB,YES,3,YES,3,YES,3,YES,3,YES,3,YES,3,YES,1
DB1515,DB,YES,3,YES,3,YES,3,YES,3,YES,3,NO,0,NO,0
DB1516,DB,YES,3,YES,3,YES,3,YES,3,YES,3,YES,3,YES,1
DB1517,DB,YES,3,YES,3,YES,3,YES,3,YES,3,YES,3,YES,1
DB1518,DB,YES,3,YES,3,YES,3,YES,3,YES,3,YES,3,YES,1
DB1519,DB,YES,3,YES,3,YES,3,YES,3,YES,3,YES,3,YES,1
DB1520,DB,YES,3,YES,2,YES,3,YES,3,YES,3,NO,0,NO,0
DB1521,DB,YES,3,YES,3,YES,3,YES,3,YES,3,YES,3,YES,1
DB1522,DB,YES,3,YES,3,YES,3,YES,3,YES,3,YES,3,YES,1
DB1523,DB,YES,3,YES,3,YES,3,YES,3,YES,3,YES,3,YES,1
DB1524,DB,YES,3,YES,3,YES,3,YES,3,YES,3,YES,3,YES,1
DB1525,DB,YES,3,YES,3,YES,3,YES,3,YES,3,YES,3,YES,1
DB1526,DB,YES,3,YES,3,YES,3,YES,3,YES,3,YES,3,YES,1
DB1527,DB,YES,3,YES,3,YES,3,YES,3,YES,3,NO,0,NO,0
DB1528,DB,YES,2,YES,1,YES,3,YES,2,YES,3,NO,0,NO,0
DB1529,DB,YES,3,YES,3,YES,3,YES,3,YES,3,YES,3,YES,1
DB1530,DB,YES,3,YES,3,YES,3,YES,3,YES,3,NO,0,NO,0
DB1531,DB,YES,3,YES,3,YES,3,YES,3,YES,3,YES,3,YES,1
DB1532,DB,YES,3,YES,3,YES,3,YES,3,YES,3,NO,0,NO,0
DB1533,DB,YES,3,YES,3,YES,3,YES,3,YES,3,YES,3,YES,1
DB1534,DB,YES,3,YES,3,YES,3,YES,3,YES,3,YES,3,YES,1
DB1535,DB,YES,3,YES,3,YES,3,NO,0,NO,0,NO,0,NO,0
DB1536,DB,YES,3,YES,3,YES,3,YES,3,YES,3,YES,3,YES,1
DB1538,DB,YES,3,YES,3,YES,3,YES,3,YES,3,YES,3,YES,1
DB1539,DB,YES,3,YES,3,YES,3,YES,3,YES,3,YES,3,YES,1
DB1540,DB,YES,3,YES,3,YES,3,YES,3,YES,3,YES,3,YES,1
DB1541,DB,YES,3,YES,3,YES,3,YES,3,YES,3,YES,3,YES,1
DB1542,DB,YES,3,YES,3,YES,3,YES,3,YES,3,YES,3,YES,1
DB1543,DB,YES,3,YES,3,YES,3,YES,3,YES,3,YES,3,YES,1
DB1544,DB,YES,3,YES,3,YES,3,YES,3,YES,3,YES,3,YES,1
DB1545,DB,YES,3,YES,3,YES,3,YES,3,YES,3,NO,0,NO,0
DB1546,DB,YES,3,YES,3,YES,3,YES,3,YES,3,YES,3,YES,1
DB1547,DB,YES,3,YES,3,YES,3,YES,3,YES,3,YES,3,YES,1
DB1548,DB,YES,3,YES,3,YES,3,YES,3,YES,3,NO,0,NO,0
DB1549,DB,YES,3,YES,3,YES,3,YES,3,YES,3,YES,3,YES,1
DB1550,DB,YES,3,YES,3,YES,3,YES,3,YES,3,NO,0,NO,0
DB1551,DB,YES,3,YES,3,YES,3,YES,3,YES,3,YES,3,YES,1
DB1552,DB,YES,3,YES,3,YES,3,YES,3,YES,3,YES,3,YES,1
DB1553,DB,YES,3,YES,3,YES,3,YES,3,YES,3,YES,3,YES,1
DB1554,DB,YES,3,YES,3,YES,3,YES,3,YES,3,YES,3,YES,1
DB1555,DB,YES,3,YES,3,YES,3,YES,3,YES,3,YES,3,YES,1
DB1556,DB,YES,3,YES,3,YES,3,YES,3,YES,3,YES,3,YES,1
DB1557,DB,YES,3,YES,3,YES,3,YES,3,YES,3,NO,0,NO,0
DB1558,DB,YES,3,YES,3,YES,3,YES,3,YES,3,NO,0,NO,0
DB1559,DB,YES,3,YES,3,YES,3,YES,3,YES,3,YES,3,YES,1
DB1560,DB,YES,3,YES,3,YES,3,YES,3,YES,3,NO,0,NO,0
DB1561,DB,YES,3,YES,3,YES,3,YES,3,YES,3,YES,3,YES,1
DB1562,DB,YES,3,YES,3,YES,3,YES,3,YES,3,NO,0,NO,0
DB1563,DB,YES,3,YES,3,YES,3,YES,3,YES,3,YES,3,YES,1
DB1564,DB,YES,3,YES,3,YES,3,YES,3,YES,3,YES,3,YES,1
DB1565,DB,YES,3,YES,3,YES,3,NO,0,NO,0,NO,0,NO,0
DB1566,DB,YES,3,YES,3,YES,3,YES,3,YES,3,YES,3,YES,1
DB1568,DB,YES,3,YES,3,YES,3,YES,3,YES,3,YES,3,YES,1
DB1569,DB,YES,3,YES,3,YES,3,YES,3,YES,3,YES,3,YES,1
DB1570,DB,YES,3,YES,3,YES,3,YES,3,YES,3,YES,3,YES,1
DB1571,DB,YES,3,YES,3,YES,3,YES,3,YES,3,YES,3,YES,1
DB1572,DB,YES,3,YES,3,YES,3,YES,3,YES,3,YES,3,YES,1
DB1573,DB,YES,3,YES,3,YES,3,YES,3,YES,3,YES,3,YES,1
DB1574,DB,YES,3,YES,3,YES,3,YES,3,YES,3,YES,3,YES,1
DB1575,DB,YES,3,YES,3,YES,3,YES,3,YES,3,NO,0,NO,0
DB1576,DB,YES,3,YES,3,YES,3,YES,3,YES,3,YES,3,YES,1
DB1577,DB,YES,3,YES,3,YES,3,YES,3,YES,3,YES,3,YES,1
DB1578,DB,YES,3,YES,3,YES,3,YES,3,YES,3,NO,0,NO,0
DB1579,DB,YES,3,YES,3,YES,3,YES,3,YES,3,YES,3,YES,1
DB1580,DB,YES,3,YES,3,YES,3,YES,3,YES,3,NO,0,NO,0
DB1581,DB,YES,3,YES,3,YES,3,YES,3,YES,3,YES,3,YES,1
DB1582,DB,YES,3,YES,3,YES,3,YES,3,YES,3,YES,3,YES,1
DB1583,DB,YES,3,YES,3,YES,3,YES,3,YES,3,YES,3,YES,1
DB1584,DB,YES,3,YES,3,YES,3,YES,3,YES,3,YES,3,YES,1
DB1585,DB,YES,3,YES,3,YES,3,YES,3,YES,3,YES,3,YES,1
DB1586,DB,YES,3,YES,3,YES,3,YES,3,YES,3,YES,3,YES,1
DB1587,DB,YES,3,YES,3,YES,3,YES,3,YES,3,NO,0,NO,0
DB1588,DB,YES,3,YES,3,YES,3,YES,3,YES,3,NO,0,NO,0
DB1589,DB,YES,3,YES,3,YES,3,YES,3,YES,3,YES,3,YES,1
DB1590,DB,YES,3,YES,3,YES,3,NO,0,NO,0,NO,0,NO,0
DB1591,DB,YES,3,YES,3,YES,3,YES,3,YES,3,YES,3,YES,1
DB1592,DB,YES,3,YES,3,YES,3,YES,3,YES,3,YES,3,YES,1
DB1593,DB,YES,3,YES,3,YES,3,YES,3,YES,3,YES,3,YES,1
DB1594,DB,YES,3,YES,3,YES,3,YES,3,YES,3,YES,3,YES,1
DB1595,DB,YES,3,YES,3,YES,3,YES,3,YES,3,YES,3,YES,1
DB1596,DB,YES,3,YES,3,YES,3,YES,3,YES,3,YES,3,YES,1
DB1597,DB,YES,3,YES,3,YES,3,YES,3,YES,3,YES,3,YES,1
DB1598,DB,NO,0,YES,3,YES,3,YES,3,YES,3,YES,3,YES,1
DB1599,DB,NO,0,NO,0,NO,0,YES,3,YES,3,YES,3,YES,1
DB1600,DB,NO,0,NO,0,NO,0,YES,3,YES,3,YES,3,YES,1
DB1601,DB,NO,0,NO,0,NO,0,YES,3,YES,3,YES,3,YES,1
DB1602,DB,NO,0,NO,0,NO,0,YES,3,YES,3,YES,3,YES,1
DB1603,DB,NO,0,NO,0,NO,0,YES,3,YES,3,YES,3,YES,1
DB1604,DB,NO,0,NO,0,NO,0,YES,3,YES,3,YES,3,YES,1
DB1605,DB,NO,0,NO,0,NO,0,YES,3,YES,3,YES,3,YES,1
DB1606,DB,NO,0,NO,0,NO,0,YES,3,YES,3,YES,3,YES,1
DB1607,DB,NO,0,NO,0,NO,0,YES,3,YES,3,YES,3,YES,1
DB1608,DB,NO,0,NO,0,NO,0,YES,3,YES,3,YES,3,YES,1
DB1609,DB,NO,0,NO,0,NO,0,YES,3,YES,3,YES,3,YES,1
DB1610,DB,NO,0,NO,0,NO,0,YES,3,YES,2,YES,3,YES,1
DB1611,DB,NO,0,NO,0,NO,0,NO,0,NO,0,YES,3,YES,1
DB1612,DB,NO,0,NO,0,NO,0,NO,0,NO,0,YES,3,YES,1
DB1613,DB,NO,0,NO,0,NO,0,NO,0,NO,0,YES,3,YES,1
DB1614,DB,NO,0,NO,0,NO,0,NO,0,NO,0,YES,2,YES,1
DB1615,DB,NO,0,NO,0,NO,0,NO,0,NO,0,YES,3,YES,1
DB1616,DB,NO,0,NO,0,NO,0,NO,0,NO,0,YES,3,YES,1
DB1617,DB,NO,0,NO,0,NO,0,NO,0,NO,0,YES,2,YES,1
DB1618,DB,NO,0,NO,0,NO,0,NO,0,NO,0,YES,3,YES,1
DB1619,DB,NO,0,NO,0,NO,0,NO,0,NO,0,YES,3,YES,1
DB1620,DB,NO,0,NO,0,NO,0,NO,0,NO,0,YES,3,YES,1
DB1621,DB,NO,0,NO,0,NO,0,NO,0,NO,0,YES,3,YES,1
DB1622,DB,NO,0,NO,0,NO,0,NO,0,NO,0,YES,3,YES,1
DB1623,DB,NO,0,NO,0,NO,0,NO,0,NO,0,YES,3,YES,1
DB1624,DB,NO,0,NO,0,NO,0,NO,0,NO,0,YES,3,YES,1
DB1625,DB,NO,0,NO,0,NO,0,NO,0,NO,0,YES,3,YES,1
DB1627,DB,NO,0,NO,0,NO,0,NO,0,NO,0,YES,3,YES,1
DB1628,DB,NO,0,NO,0,NO,0,NO,0,NO,0,YES,3,YES,1
DB1629,DB,NO,0,NO,0,NO,0,NO,0,NO,0,YES,3,YES,1
DB1630,DB,NO,0,NO,0,NO,0,NO,0,NO,0,YES,3,YES,1
DB1631,DB,NO,0,NO,0,NO,0,NO,0,NO,0,YES,3,YES,1
DB1769,DB,YES,2,YES,2,YES,2,YES,2,YES,2,NO,0,NO,0
DB1770,DB,YES,1,YES,1,YES,1,YES,1,YES,1,YES,2,YES,1
DB1771,DB,YES,2,YES,2,YES,2,YES,2,YES,2,YES,2,YES,1
DB1772,DB,YES,2,YES,2,YES,2,YES,2,YES,2,YES,2,YES,1
DB1773,DB,YES,2,YES,2,YES,2,YES,2,YES,2,YES,2,YES,1
DB1774,DB,YES,2,YES,1,YES,1,NO,0,NO,0,NO,0,NO,0
DB1775,DB,YES,2,YES,2,YES,2,YES,2,YES,2,YES,2,YES,1
DB1777,DB,YES,1,YES,1,YES,1,YES,1,YES,2,YES,1,YES,1
DB1778,DB,YES,1,YES,1,YES,1,YES,1,YES,2,YES,1,YES,1
DB1779,DB,YES,2,YES,2,YES,2,YES,2,YES,2,YES,2,YES,1
DB1780,DB,YES,2,YES,2,YES,2,YES,2,YES,2,YES,2,YES,1
DB1781,DB,YES,1,YES,1,YES,1,YES,1,YES,2,YES,2,YES,1
DB1782,DB,YES,1,YES,1,YES,1,YES,1,YES,1,YES,1,YES,1
DB1783,DB,YES,2,YES,1,YES,1,YES,2,YES,1,YES,2,YES,1
DB1784,DB,YES,2,YES,2,YES,2,YES,2,YES,2,NO,0,NO,0
DB1785,DB,YES,2,YES,2,YES,2,YES,2,YES,2,YES,2,YES,1
DB1786,DB,YES,2,YES,2,YES,2,YES,2,YES,2,YES,2,YES,1
DB1787,DB,YES,2,YES,2,YES,2,YES,2,YES,2,YES,2,YES,1
DB1788,DB,YES,2,YES,2,YES,2,YES,2,YES,2,YES,2,YES,1
DB1789,DB,YES,2,YES,2,YES,2,YES,1,YES,1,NO,0,NO,0
DB1790,DB,YES,2,YES,1,YES,1,YES,1,YES,2,YES,1,YES,1
DB1791,DB,YES,2,YES,2,YES,2,YES,2,YES,2,YES,2,YES,1
DB1792,DB,YES,2,YES,2,YES,2,YES,2,YES,2,YES,2,YES,1
DB1793,DB,YES,2,YES,2,YES,2,YES,2,YES,2,YES,1,YES,1
DB1794,DB,YES,2,YES,2,YES,2,YES,2,YES,2,YES,2,YES,1
DB1795,DB,YES,2,YES,2,YES,2,YES,2,YES,2,YES,2,YES,1
DB1796,DB,YES,2,YES,1,YES,2,YES,2,YES,2,NO,0,NO,0
DB1797,DB,YES,1,YES,1,YES,2,YES,1,YES,1,NO,0,NO,0
DB1798,DB,YES,2,YES,2,YES,2,YES,2,YES,2,YES,2,YES,1
DB1799,DB,NO,0,NO,0,NO,0,YES,1,YES,1,YES,1,YES,1
DB1800,DB,NO,0,NO,0,NO,0,YES,2,YES,2,YES,2,YES,1
DB1801,DB,NO,0,NO,0,NO,0,YES,2,YES,2,YES,2,YES,1
DB1802,DB,NO,0,NO,0,NO,0,NO,0,NO,0,YES,2,YES,1
DB1803,DB,NO,0,NO,0,NO,0,NO,0,NO,0,YES,1,YES,1
DB1804,DB,NO,0,NO,0,NO,0,NO,0,NO,0,YES,2,YES,1
DB1805,DB,NO,0,NO,0,NO,0,NO,0,NO,0,YES,2,YES,1
DB1806,DB,NO,0,NO,0,NO,0,NO,0,NO,0,YES,1,YES,1
DS1000,DS,YES,1,YES,1,YES,1,NO,0,NO,0,NO,0,YES,1
DS6600,DS,YES,2,YES,2,YES,2,YES,2,YES,2,YES,3,YES,1
DS6601,DS,YES,2,YES,2,YES,2,YES,2,YES,2,YES,3,YES,1
DS6602,DS,YES,2,YES,2,YES,2,YES,2,YES,2,NO,0,NO,0
DS6603,DS,YES,2,YES,2,YES,2,YES,2,YES,2,YES,3,YES,1
DS6604,DS,YES,2,YES,2,YES,2,YES,2,YES,2,YES,3,YES,1
DS6606,DS,YES,2,YES,2,YES,2,YES,2,YES,2,YES,3,YES,1
DS6607,DS,YES,2,YES,2,YES,2,YES,2,YES,2,YES,3,YES,1
DS6608,DS,YES,2,YES,2,YES,2,YES,2,YES,2,YES,3,YES,1
DS6609,DS,YES,2,YES,2,YES,2,YES,2,YES,2,YES,3,YES,1
DS6610,DS,YES,2,YES,2,YES,2,YES,2,YES,2,YES,3,YES,1
DS6611,DS,YES,2,YES,2,YES,2,YES,2,YES,2,YES,3,YES,1
DS6612,DS,YES,2,YES,2,NO,0,NO,0,NO,0,NO,0,NO,0
DS6619,DS,YES,2,NO,0,NO,0,NO,0,NO,0,NO,0,NO,0
DS6620,DS,YES,2,YES,2,YES,2,YES,2,YES,2,YES,3,YES,1
DS6621,DS,YES,2,YES,2,YES,2,YES,2,YES,2,YES,3,YES,1
DS6622,DS,YES,2,YES,2,YES,2,YES,2,YES,2,YES,3,YES,1
DS6623,DS,YES,2,YES,2,YES,2,YES,2,YES,2,YES,3,YES,1
DS6624,DS,NO,0,YES,2,YES,2,YES,2,YES,2,YES,3,YES,1
DS6625,DS,NO,0,NO,0,NO,0,NO,0,YES,2,YES,3,YES,1
DS6626,DS,NO,0,NO,0,NO,0,NO,0,NO,0,YES,3,YES,1
DS6627,DS,NO,0,NO,0,NO,0,NO,0,NO,0,YES,3,YES,1
EA1004,EA,YES,2,YES,2,YES,2,NO,0,NO,0,NO,0,NO,0
EA1007,EA,YES,2,YES,2,YES,2,NO,0,NO,0,NO,0,NO,0
EA1008,EA,YES,2,YES,2,YES,2,NO,0,NO,0,NO,0,NO,0
EA1009,EA,YES,2,YES,2,YES,2,YES,2,NO,0,NO,0,NO,0
EA1010,EA,YES,2,YES,2,YES,2,YES,2,YES,2,YES,2,NO,0
EA1011,EA,YES,2,YES,2,YES,2,YES,2,YES,2,YES,2,NO,0
EA1012,EA,YES,2,YES,2,YES,2,YES,2,YES,2,YES,2,NO,0
EA1013,EA,YES,2,YES,2,YES,2,YES,2,YES,2,YES,2,NO,0
EA1015,EA,YES,2,YES,2,YES,2,YES,2,YES,2,YES,2,NO,0
EA1017,EA,YES,2,YES,2,YES,2,YES,2,YES,2,YES,2,NO,0
EA1018,EA,YES,2,YES,2,YES,2,YES,2,YES,2,YES,2,NO,0
EA1020,EA,YES,2,YES,2,YES,2,YES,2,YES,2,YES,2,NO,0
EA1021,EA,YES,2,YES,2,YES,2,YES,2,YES,2,YES,2,NO,0
EA1022,EA,YES,2,YES,2,YES,2,YES,2,YES,2,YES,2,NO,0
EA1023,EA,YES,2,YES,2,YES,2,YES,2,YES,2,YES,2,NO,0
EA1024,EA,YES,2,YES,2,YES,2,YES,2,YES,2,YES,2,NO,0
EA1025,EA,YES,2,YES,2,YES,2,YES,2,YES,2,YES,2,NO,0
EA1026,EA,YES,2,YES,2,YES,2,YES,2,YES,2,YES,2,NO,0
EA1027,EA,YES,2,NO,0,NO,0,NO,0,NO,0,NO,0,NO,0
EA1028,EA,YES,2,NO,0,NO,0,NO,0,NO,0,NO,0,NO,0
EA1029,EA,YES,2,NO,0,NO,0,NO,0,NO,0,NO,0,NO,0
EA1030,EA,YES,2,YES,2,YES,2,YES,2,YES,2,YES,2,NO,0
EA1031,EA,YES,2,YES,2,YES,2,YES,2,YES,2,YES,2,NO,0
EA1033,EA,YES,2,YES,2,YES,2,YES,2,YES,2,YES,2,NO,0
EA1034,EA,YES,2,YES,1,YES,2,NO,0,NO,0,NO,0,NO,0
EA1035,EA,YES,2,YES,2,YES,2,YES,2,YES,2,YES,2,NO,0
EA1037,EA,YES,2,NO,0,YES,2,YES,2,YES,2,YES,2,NO,0
EA1038,EA,YES,2,YES,2,YES,2,YES,2,YES,2,YES,2,NO,0
EA1039,EA,YES,2,YES,2,YES,2,YES,2,YES,2,YES,2,NO,0
EA1040,EA,YES,2,YES,2,YES,2,YES,2,YES,2,NO,0,NO,0
EA1044,EA,YES,2,YES,2,YES,2,YES,2,YES,2,YES,2,NO,0
EA1049,EA,YES,2,YES,2,YES,2,YES,2,YES,2,YES,2,NO,0
EA1052,EA,YES,2,YES,2,YES,2,YES,2,NO,0,NO,0,NO,0
EA1054,EA,YES,2,YES,2,YES,2,YES,2,YES,2,YES,2,NO,0
EA1055,EA,YES,2,YES,2,NO,0,NO,0,NO,0,NO,0,NO,0
EA1056,EA,YES,2,YES,2,YES,2,YES,2,YES,2,YES,2,NO,0
EA1058,EA,YES,2,YES,2,YES,2,YES,2,YES,2,YES,2,NO,0
EA1060,EA,YES,2,YES,2,YES,2,YES,2,YES,2,YES,2,NO,0
EA1061,EA,YES,2,YES,2,YES,2,YES,2,YES,2,YES,2,NO,0
EA1063,EA,YES,2,YES,2,YES,2,YES,2,YES,2,YES,2,NO,0
EA1064,EA,YES,2,YES,2,YES,2,YES,2,YES,1,YES,2,NO,0
EA1066,EA,YES,2,YES,2,NO,0,NO,0,NO,0,NO,0,NO,0
EA1067,EA,YES,2,YES,2,NO,0,NO,0,NO,0,NO,0,NO,0
EA1068,EA,YES,2,YES,2,NO,0,NO,0,NO,0,NO,0,NO,0
EA1069,EA,YES,2,YES,2,YES,2,YES,2,YES,2,YES,2,NO,0
EA1073,EA,YES,2,YES,2,YES,2,YES,2,YES,2,YES,2,NO,0
EA1074,EA,YES,2,YES,2,YES,2,YES,2,YES,2,NO,0,NO,0
EA1075,EA,YES,2,YES,2,YES,2,YES,2,YES,2,YES,2,NO,0
EA1076,EA,YES,2,YES,2,YES,2,YES,2,YES,2,YES,2,NO,0
EA1077,EA,YES,2,YES,2,YES,2,YES,2,YES,2,YES,2,NO,0
EA1078,EA,YES,2,YES,2,YES,2,YES,2,YES,2,YES,2,NO,0
EA1079,EA,YES,2,YES,2,YES,2,YES,2,YES,2,YES,2,NO,0
EA1080,EA,YES,2,YES,2,YES,2,YES,2,YES,2,YES,2,NO,0
EA1081,EA,YES,2,YES,2,YES,2,YES,2,YES,2,YES,2,NO,0
EA1082,EA,NO,0,YES,2,YES,2,YES,2,YES,2,YES,2,NO,0
EA1084,EA,YES,2,YES,1,YES,2,YES,1,YES,2,YES,1,NO,0
EA1085,EA,YES,2,YES,2,YES,2,YES,2,YES,2,YES,2,NO,0
EA1087,EA,YES,2,YES,2,YES,2,YES,2,YES,2,YES,2,NO,0
EA1089,EA,YES,2,YES,2,YES,2,YES,2,YES,2,YES,2,NO,0
EA1090,EA,YES,2,YES,2,YES,2,YES,2,YES,2,YES,2,NO,0
EA1091,EA,YES,2,YES,2,YES,2,YES,2,NO,0,NO,0,NO,0
EA1092,EA,YES,2,NO,0,NO,0,NO,0,NO,0,NO,0,NO,0
EA1093,EA,YES,2,NO,0,NO,0,NO,0,NO,0,NO,0,NO,0
EA1094,EA,YES,2,YES,2,YES,2,YES,2,YES,2,YES,2,NO,0
EA1098,EA,YES,2,YES,2,YES,2,YES,2,NO,0,NO,0,NO,0
EA1099,EA,YES,2,YES,2,YES,2,YES,2,NO,0,NO,0,NO,0
EA1100,EA,YES,2,YES,2,YES,2,YES,2,NO,0,NO,0,NO,0
EA1101,EA,YES,2,YES,2,YES,2,YES,2,YES,2,YES,2,NO,0
EA1102,EA,YES,2,NO,0,NO,0,NO,0,NO,0,NO,0,NO,0
EA1103,EA,YES,2,NO,0,NO,0,NO,0,NO,0,NO,0,NO,0
EA1104,EA,YES,2,NO,0,NO,0,NO,0,NO,0,NO,0,NO,0
EA1106,EA,NO,0,NO,0,NO,0,NO,0,YES,2,YES,2,NO,0
EA1110,EA,YES,2,YES,2,YES,2,YES,2,YES,2,YES,2,NO,0
EA1111,EA,YES,2,YES,2,YES,2,YES,2,YES,2,YES,2,NO,0
EA1112,EA,YES,2,YES,2,YES,2,YES,2,YES,2,YES,2,NO,0
EA1113,EA,YES,2,YES,2,YES,2,YES,2,YES,2,YES,2,NO,0
EA1114,EA,YES,2,YES,2,YES,2,YES,2,YES,2,YES,2,NO,0
EA1116,EA,YES,2,YES,2,YES,2,YES,2,YES,2,NO,0,NO,0
EA1117,EA,YES,2,YES,2,YES,2,YES,2,YES,2,YES,2,NO,0
EA1118,EA,YES,2,YES,2,YES,2,YES,2,YES,2,YES,2,NO,0
EA1119,EA,YES,2,YES,2,YES,2,YES,2,YES,2,YES,2,NO,0
EA1120,EA,YES,2,YES,2,YES,2,YES,2,YES,2,YES,2,NO,0
EA1121,EA,YES,2,YES,2,YES,2,YES,2,YES,2,YES,2,NO,0
EA1122,EA,YES,2,YES,2,YES,2,YES,2,YES,2,YES,2,NO,0
EA1124,EA,YES,2,YES,2,YES,2,YES,2,YES,2,YES,2,NO,0
EA1125,EA,YES,2,YES,2,YES,2,YES,2,YES,2,YES,2,NO,0
EA1126,EA,YES,1,YES,1,YES,1,YES,1,YES,1,NO,0,NO,0
EA1127,EA,YES,2,NO,0,NO,0,NO,0,NO,0,NO,0,NO,0
EA1129,EA,YES,2,YES,2,YES,2,YES,2,YES,2,YES,2,NO,0
EA1130,EA,YES,2,YES,2,YES,2,YES,1,YES,2,YES,2,NO,0
EA1131,EA,YES,2,YES,2,YES,2,YES,2,YES,2,YES,2,NO,0
EA1132,EA,YES,2,YES,2,YES,2,YES,2,YES,2,YES,2,NO,0
EA1134,EA,YES,2,YES,2,YES,2,YES,2,YES,2,YES,2,NO,0
EA1135,EA,YES,2,YES,2,YES,2,YES,2,YES,2,YES,2,NO,0
EA1136,EA,YES,2,YES,2,YES,2,YES,2,YES,2,YES,2,NO,0
EA1137,EA,YES,2,YES,2,YES,2,YES,2,YES,2,YES,2,NO,0
EA1138,EA,YES,2,YES,2,YES,2,YES,2,YES,2,YES,2,NO,0
EA1139,EA,YES,2,YES,2,YES,2,YES,2,YES,2,YES,2,NO,0
EA1140,EA,YES,2,YES,2,YES,2,YES,2,YES,2,YES,2,NO,0
EA1141,EA,YES,2,YES,2,YES,2,YES,2,YES,2,YES,2,NO,0
EA1142,EA,YES,1,YES,2,YES,2,YES,2,YES,2,YES,2,NO,0
EA1143,EA,YES,2,YES,2,YES,2,YES,2,YES,2,YES,2,NO,0
EA1144,EA,NO,0,NO,0,NO,0,YES,1,NO,0,NO,0,NO,0
EA1145,EA,YES,2,YES,2,YES,2,YES,2,YES,2,YES,2,NO,0
EA1146,EA,YES,2,YES,2,YES,2,YES,2,YES,2,YES,2,NO,0
EA1147,EA,YES,2,YES,2,YES,2,YES,2,YES,2,YES,2,NO,0
EA1149,EA,YES,2,YES,2,YES,2,YES,2,YES,2,YES,2,NO,0
EA1151,EA,YES,2,YES,2,YES,2,YES,2,YES,2,YES,2,NO,0
EA1153,EA,YES,2,YES,2,YES,2,YES,2,YES,2,YES,2,NO,0
EA1155,EA,YES,2,YES,1,YES,1,YES,1,NO,0,NO,0,NO,0
EA1156,EA,YES,2,YES,2,YES,2,YES,2,YES,2,YES,2,NO,0
EA1157,EA,YES,2,YES,2,YES,2,YES,2,YES,2,YES,2,NO,0
EA1158,EA,YES,1,YES,2,YES,2,YES,2,YES,2,YES,2,NO,0
EA1159,EA,YES,2,YES,2,YES,1,YES,2,YES,2,YES,2,NO,0
EA1160,EA,YES,2,YES,2,YES,2,YES,2,YES,2,YES,2,NO,0
EA1161,EA,YES,2,YES,2,YES,2,YES,2,YES,2,YES,2,NO,0
EA1162,EA,YES,2,YES,2,YES,2,YES,2,YES,2,YES,2,NO,0
EA1163,EA,YES,2,YES,2,YES,2,YES,2,YES,2,YES,2,NO,0
EA1164,EA,YES,2,YES,2,YES,2,YES,2,YES,2,YES,1,NO,0
EA1165,EA,YES,2,YES,2,YES,2,YES,2,YES,2,YES,2,NO,0
EA1166,EA,YES,2,YES,2,YES,2,YES,2,YES,2,YES,2,NO,0
EA1167,EA,YES,2,YES,2,YES,2,YES,2,YES,2,YES,2,NO,0
EA1168,EA,YES,2,YES,2,YES,2,YES,2,YES,2,YES,2,NO,0
EA1170,EA,YES,2,YES,2,YES,2,YES,2,YES,2,YES,2,NO,0
EA1171,EA,NO,0,NO,0,NO,0,YES,1,YES,1,YES,2,NO,0
EA1172,EA,YES,2,YES,2,YES,2,YES,2,YES,2,YES,2,NO,0
EA1174,EA,YES,2,YES,2,YES,2,YES,2,YES,2,YES,2,NO,0
EA1175,EA,YES,2,YES,2,YES,1,YES,2,YES,2,YES,2,NO,0
EA1176,EA,YES,2,YES,2,YES,2,YES,2,YES,2,NO,0,NO,0
EA1177,EA,NO,0,NO,0,YES,1,YES,2,YES,2,YES,2,NO,0
EA1185,EA,YES,2,NO,0,NO,0,NO,0,NO,0,NO,0,NO,0
EA1186,EA,YES,2,YES,2,YES,2,NO,0,NO,0,NO,0,NO,0
EA1187,EA,YES,2,YES,2,YES,2,YES,1,YES,1,YES,1,NO,0
EA1189,EA,YES,2,YES,2,YES,2,YES,2,YES,2,YES,2,NO,0
EA1190,EA,YES,2,YES,2,NO,0,NO,0,NO,0,NO,0,NO,0
EA1192,EA,YES,2,YES,2,YES,2,YES,2,YES,2,YES,2,NO,0
EA1193,EA,YES,2,YES,2,YES,2,YES,2,YES,2,YES,2,NO,0
EA1194,EA,YES,2,YES,2,YES,2,YES,2,NO,0,NO,0,NO,0
EA1196,EA,YES,2,YES,2,YES,2,YES,2,YES,2,YES,2,NO,0
EA1197,EA,YES,2,NO,0,NO,0,NO,0,NO,0,NO,0,NO,0
EA1198,EA,YES,1,YES,1,YES,2,YES,2,YES,1,YES,1,NO,0
EA1200,EA,NO,0,NO,0,NO,0,NO,0,YES,2,YES,2,NO,0
EA1201,EA,YES,2,YES,2,YES,2,YES,2,YES,2,YES,2,NO,0
EA1203,EA,YES,2,YES,2,YES,2,YES,2,YES,2,YES,2,NO,0
EA1204,EA,YES,2,YES,2,YES,2,YES,2,YES,2,YES,2,NO,0
EA1205,EA,YES,1,YES,2,YES,1,YES,2,NO,0,NO,0,NO,0
EA1206,EA,YES,2,YES,2,YES,2,YES,2,YES,2,YES,2,NO,0
EA1207,EA,YES,1,YES,2,YES,2,YES,2,YES,2,YES,2,NO,0
EA1208,EA,YES,2,YES,2,YES,2,YES,2,YES,2,YES,2,NO,0
EA1209,EA,YES,2,YES,2,YES,2,YES,2,YES,2,YES,2,NO,0
EA1210,EA,YES,1,NO,0,NO,0,NO,0,NO,0,NO,0,NO,0
EA1211,EA,YES,2,NO,0,NO,0,NO,0,NO,0,NO,0,NO,0
EA1214,EA,YES,2,NO,0,NO,0,NO,0,NO,0,NO,0,NO,0
EA1217,EA,YES,2,YES,2,YES,2,YES,2,YES,2,YES,2,NO,0
EA1219,EA,YES,2,NO,0,NO,0,NO,0,NO,0,NO,0,NO,0
EA1222,EA,YES,2,YES,2,YES,2,YES,2,YES,2,YES,2,NO,0
EA1223,EA,YES,2,YES,2,YES,2,YES,2,YES,2,YES,2,NO,0
EA1224,EA,YES,2,YES,2,YES,2,YES,2,YES,2,YES,2,NO,0
EA1225,EA,YES,2,YES,2,YES,2,YES,2,YES,2,YES,2,NO,0
EA1226,EA,YES,2,YES,2,YES,1,YES,2,YES,1,YES,1,NO,0
EA1227,EA,YES,2,YES,2,YES,2,YES,2,NO,0,NO,0,NO,0
EA1228,EA,YES,2,YES,2,YES,2,YES,2,YES,2,YES,2,NO,0
EA1229,EA,YES,2,YES,2,YES,2,YES,2,YES,2,YES,2,NO,0
EA1230,EA,YES,2,NO,0,NO,0,NO,0,NO,0,NO,0,NO,0
EA1231,EA,YES,2,YES,2,YES,2,YES,2,YES,2,YES,2,NO,0
EA1233,EA,NO,0,YES,1,YES,2,YES,2,YES,2,YES,1,NO,0
EA1234,EA,NO,0,YES,2,YES,2,YES,2,YES,2,YES,2,NO,0
EA1235,EA,NO,0,YES,1,YES,2,YES,2,YES,2,YES,2,NO,0
EA1236,EA,NO,0,YES,2,YES,2,YES,2,YES,2,YES,2,NO,0
EA1237,EA,NO,0,YES,2,YES,1,YES,2,YES,2,YES,2,NO,0
EA1238,EA,NO,0,YES,2,YES,2,NO,0,NO,0,NO,0,NO,0
EA1239,EA,NO,0,YES,1,YES,2,YES,2,YES,2,YES,2,NO,0
EA1240,EA,NO,0,YES,2,YES,2,YES,2,YES,2,YES,2,NO,0
EA1241,EA,NO,0,YES,2,NO,0,NO,0,NO,0,NO,0,NO,0
EA1242,EA,NO,0,YES,2,YES,2,YES,2,YES,2,YES,2,NO,0
EA1243,EA,NO,0,YES,2,YES,2,YES,2,YES,2,YES,2,NO,0
EA1244,EA,NO,0,YES,2,YES,2,YES,2,YES,2,YES,2,NO,0
EA1245,EA,NO,0,YES,2,YES,2,YES,1,YES,2,YES,2,NO,0
EA1250,EA,NO,0,NO,0,YES,2,YES,2,YES,2,YES,2,NO,0
EA1251,EA,NO,0,NO,0,YES,2,YES,2,YES,2,YES,2,NO,0
EA1252,EA,NO,0,NO,0,YES,2,YES,2,YES,2,NO,0,NO,0
EA1253,EA,NO,0,NO,0,YES,2,YES,2,NO,0,NO,0,NO,0
EA1254,EA,NO,0,NO,0,YES,2,YES,2,YES,2,YES,2,NO,0
EA1255,EA,NO,0,NO,0,YES,1,YES,2,NO,0,NO,0,NO,0
EA1256,EA,NO,0,NO,0,YES,2,YES,2,YES,2,YES,2,NO,0
EA1257,EA,NO,0,NO,0,YES,2,YES,2,NO,0,YES,2,NO,0
EA1259,EA,NO,0,NO,0,NO,0,NO,0,YES,1,YES,2,NO,0
EA1260,EA,NO,0,NO,0,NO,0,NO,0,YES,1,YES,1,NO,0
EA1261,EA,NO,0,NO,0,NO,0,NO,0,YES,2,YES,2,NO,0
EA1263,EA,NO,0,NO,0,NO,0,NO,0,NO,0,YES,2,NO,0
EA1264,EA,NO,0,NO,0,NO,0,NO,0,YES,2,YES,2,NO,0
EA1265,EA,NO,0,NO,0,NO,0,NO,0,YES,2,YES,2,NO,0
EA1266,EA,NO,0,NO,0,NO,0,NO,0,YES,2,YES,2,NO,0
EA1267,EA,NO,0,NO,0,NO,0,NO,0,YES,2,YES,2,NO,0
EA1268,EA,NO,0,NO,0,NO,0,NO,0,YES,1,YES,2,NO,0
EA1269,EA,NO,0,NO,0,NO,0,NO,0,YES,2,YES,2,NO,0
EA1272,EA,NO,0,NO,0,NO,0,NO,0,NO,0,YES,2,NO,0
EA1273,EA,NO,0,NO,0,NO,0,NO,0,NO,0,YES,2,NO,0
EA1274,EA,NO,0,NO,0,NO,0,NO,0,NO,0,YES,2,NO,0
EA1276,EA,NO,0,NO,0,NO,0,NO,0,NO,0,YES,2,NO,0
EA1277,EA,NO,0,NO,0,NO,0,NO,0,NO,0,YES,2,NO,0
EA1278,EA,NO,0,NO,0,NO,0,NO,0,NO,0,YES,2,NO,0
EA1279,EA,NO,0,NO,0,NO,0,NO,0,NO,0,YES,2,NO,0
EA1280,EA,NO,0,NO,0,NO,0,NO,0,NO,0,YES,2,NO,0
EA1281,EA,NO,0,NO,0,NO,0,NO,0,NO,0,YES,2,NO,0
EA1282,EA,NO,0,NO,0,NO,0,NO,0,NO,0,YES,1,NO,0
EA1283,EA,NO,0,NO,0,NO,0,NO,0,NO,0,YES,1,NO,0
EA1284,EA,NO,0,NO,0,NO,0,NO,0,NO,0,YES,2,NO,0
EA1285,EA,NO,0,NO,0,NO,0,NO,0,NO,0,YES,2,NO,0
EA1286,EA,NO,0,NO,0,NO,0,NO,0,NO,0,YES,2,NO,0
EA2033,EA,NO,0,NO,0,NO,0,YES,1,YES,1,YES,1,NO,0
EA2034,EA,NO,0,NO,0,NO,0,YES,1,YES,1,YES,1,NO,0
EA2035,EA,NO,0,NO,0,NO,0,YES,2,NO,0,NO,0,NO,0
EA2036,EA,NO,0,NO,0,NO,0,YES,2,YES,2,YES,2,NO,0
EA2037,EA,NO,0,NO,0,NO,0,YES,2,YES,2,YES,2,NO,0
EA2038,EA,NO,0,NO,0,NO,0,YES,2,YES,2,YES,2,NO,0
EB1000,EB,YES,1,YES,1,YES,1,NO,0,NO,0,NO,0,YES,1
EB1007,EB,YES,1,YES,1,YES,2,YES,1,YES,1,YES,1,YES,1
EB3000,EB,YES,2,YES,2,YES,2,YES,2,YES,2,YES,2,YES,1
EB3001,EB,YES,2,YES,2,YES,2,NO,0,NO,0,NO,0,NO,0
EB3002,EB,YES,2,YES,2,YES,2,YES,2,YES,2,YES,2,YES,1
EB3003,EB,YES,2,YES,2,YES,2,YES,2,YES,2,YES,2,YES,1
EB3004,EB,YES,2,NO,0,NO,0,NO,0,NO,0,NO,0,NO,0
EB3005,EB,YES,2,YES,2,YES,2,YES,2,YES,2,YES,2,YES,1
EB3006,EB,YES,2,YES,2,YES,2,YES,2,YES,2,YES,2,YES,1
EB3007,EB,YES,2,YES,2,YES,2,NO,0,NO,0,NO,0,NO,0
EB3008,EB,YES,2,YES,2,YES,2,YES,2,YES,2,YES,2,YES,1
EB3009,EB,YES,2,YES,2,YES,2,YES,2,YES,2,YES,2,YES,1
EB3010,EB,YES,2,YES,2,YES,2,YES,2,YES,2,YES,2,YES,1
EB3011,EB,YES,2,YES,2,YES,2,YES,2,YES,2,YES,2,YES,1
EB3012,EB,YES,2,NO,0,NO,0,NO,0,NO,0,NO,0,NO,0
EB3013,EB,YES,2,YES,2,YES,2,YES,2,YES,2,YES,2,YES,1
EB3014,EB,YES,2,NO,0,NO,0,NO,0,NO,0,NO,0,NO,0
EB3015,EB,YES,2,YES,2,YES,2,YES,2,YES,2,YES,2,YES,1
EB3016,EB,YES,2,YES,2,YES,2,NO,0,NO,0,NO,0,NO,0
EB3017,EB,YES,2,NO,0,NO,0,NO,0,NO,0,NO,0,NO,0
EB3018,EB,YES,2,YES,2,YES,2,YES,2,YES,2,YES,2,YES,1
EB3019,EB,YES,2,YES,2,YES,2,YES,2,YES,2,YES,2,YES,1
EB3020,EB,YES,2,YES,2,YES,2,YES,2,YES,2,YES,2,YES,1
EB3021,EB,YES,2,NO,0,NO,0,NO,0,NO,0,NO,0,NO,0
EB3022,EB,YES,2,YES,2,YES,2,YES,2,YES,2,YES,2,YES,1
EB3023,EB,YES,2,NO,0,NO,0,NO,0,NO,0,NO,0,NO,0
EB3024,EB,YES,2,YES,2,YES,2,YES,2,YES,2,YES,2,YES,1
EB3025,EB,YES,2,YES,2,YES,2,YES,2,YES,2,YES,2,YES,1
EB3026,EB,YES,2,YES,2,YES,2,NO,0,NO,0,NO,0,NO,0
EB3027,EB,YES,2,YES,2,YES,2,NO,0,NO,0,NO,0,NO,0
EB3028,EB,YES,2,YES,2,YES,2,YES,2,YES,2,YES,2,YES,1
EB3029,EB,YES,2,NO,0,NO,0,NO,0,NO,0,NO,0,NO,0
EB3030,EB,YES,2,NO,0,NO,0,NO,0,NO,0,NO,0,NO,0
EB3031,EB,YES,2,YES,2,YES,2,YES,2,YES,2,YES,2,YES,1
EB3032,EB,YES,2,YES,2,YES,2,YES,2,YES,2,YES,2,YES,1
EB3033,EB,YES,2,YES,2,YES,2,YES,2,YES,2,YES,2,YES,1
EB3034,EB,YES,2,NO,0,NO,0,NO,0,NO,0,NO,0,NO,0
EB3035,EB,YES,2,NO,0,NO,0,NO,0,NO,0,NO,0,NO,0
EB3036,EB,YES,2,YES,2,YES,2,YES,2,YES,2,YES,2,YES,1
EB3037,EB,YES,2,YES,2,YES,2,YES,2,YES,2,YES,2,YES,1
EB3038,EB,YES,2,YES,2,YES,2,YES,2,YES,2,YES,2,YES,1
EB3039,EB,YES,2,YES,2,YES,2,YES,2,YES,2,YES,2,YES,1
EB3040,EB,YES,2,YES,2,YES,2,NO,0,NO,0,NO,0,NO,0
EB3041,EB,YES,2,YES,2,YES,2,NO,0,NO,0,NO,0,NO,0
EB3042,EB,YES,2,YES,2,YES,2,YES,2,YES,2,YES,2,YES,1
EB3043,EB,YES,2,YES,2,YES,2,YES,2,YES,2,YES,2,YES,1
EB3044,EB,YES,2,YES,2,YES,2,YES,2,YES,2,YES,2,YES,1
EB3045,EB,YES,2,YES,2,YES,2,YES,2,YES,2,YES,2,YES,1
EB3046,EB,YES,2,YES,2,YES,2,YES,2,YES,2,YES,2,YES,1
EB3047,EB,YES,2,YES,2,YES,2,YES,2,YES,2,YES,2,YES,1
EB3048,EB,YES,2,YES,2,YES,2,YES,2,YES,2,YES,2,YES,1
EB3049,EB,YES,2,YES,2,YES,2,YES,2,YES,2,YES,2,YES,1
EB3050,EB,YES,2,YES,2,YES,2,YES,2,YES,2,YES,2,YES,1
EB3051,EB,YES,2,NO,0,NO,0,NO,0,NO,0,NO,0,NO,0
EB3052,EB,YES,2,NO,0,NO,0,NO,0,NO,0,NO,0,NO,0
EB3053,EB,YES,2,YES,2,YES,2,YES,2,YES,2,YES,2,YES,1
EB3054,EB,YES,2,NO,0,NO,0,NO,0,NO,0,NO,0,NO,0
EB3055,EB,YES,2,NO,0,NO,0,NO,0,NO,0,NO,0,NO,0
EB3056,EB,YES,2,YES,2,YES,2,YES,2,YES,2,YES,2,YES,1
EB3057,EB,YES,2,YES,2,YES,2,YES,2,YES,2,YES,2,YES,1
EB3058,EB,YES,2,YES,2,YES,2,NO,0,NO,0,NO,0,NO,0
EB3059,EB,YES,2,YES,2,YES,2,NO,0,NO,0,NO,0,NO,0
EB3060,EB,YES,2,YES,2,YES,2,NO,0,NO,0,NO,0,NO,0
EB3061,EB,YES,2,NO,0,NO,0,NO,0,NO,0,NO,0,NO,0
EB3062,EB,YES,2,NO,0,NO,0,NO,0,NO,0,NO,0,NO,0
EB3063,EB,YES,2,YES,2,YES,2,YES,2,YES,2,YES,2,YES,1
EB3064,EB,YES,2,YES,2,YES,2,YES,2,YES,2,YES,2,YES,1
EB3065,EB,YES,2,YES,2,YES,2,YES,2,YES,2,YES,2,YES,1
EB3066,EB,YES,2,YES,2,YES,2,YES,2,YES,2,YES,2,YES,1
EB3067,EB,YES,2,YES,2,YES,2,YES,2,YES,2,YES,2,YES,1
EB3068,EB,YES,2,YES,2,YES,2,YES,2,YES,2,YES,2,YES,1
EB3069,EB,YES,2,YES,2,YES,2,YES,2,YES,2,YES,2,YES,1
EB3070,EB,YES,2,NO,0,NO,0,NO,0,NO,0,NO,0,NO,0
EB3071,EB,YES,2,NO,0,NO,0,NO,0,NO,0,NO,0,NO,0
EB3072,EB,YES,2,YES,2,YES,2,YES,2,YES,2,YES,2,YES,1
EB3073,EB,YES,2,YES,2,YES,2,YES,2,YES,2,YES,2,YES,1
EB3074,EB,YES,2,NO,0,NO,0,NO,0,NO,0,NO,0,NO,0
EB3075,EB,YES,2,NO,0,NO,0,NO,0,NO,0,NO,0,NO,0
EB3076,EB,YES,2,NO,0,NO,0,NO,0,NO,0,NO,0,NO,0
EB3077,EB,YES,2,YES,2,YES,2,YES,2,YES,2,YES,2,YES,1
EB3078,EB,YES,2,YES,2,YES,2,NO,0,NO,0,NO,0,NO,0
EB3079,EB,YES,2,YES,2,YES,2,YES,2,YES,2,YES,2,YES,1
EB3080,EB,YES,2,NO,0,NO,0,NO,0,NO,0,NO,0,NO,0
EB3081,EB,YES,2,YES,2,YES,2,YES,2,YES,2,YES,2,YES,1
EB3082,EB,YES,2,NO,0,NO,0,NO,0,NO,0,NO,0,NO,0
EB3083,EB,YES,2,YES,2,YES,2,YES,2,YES,2,YES,2,YES,1
EB3084,EB,YES,2,YES,2,YES,2,YES,2,YES,2,YES,2,YES,1
EB3085,EB,YES,2,YES,2,YES,2,NO,0,NO,0,NO,0,NO,0
EB3086,EB,YES,2,YES,2,YES,2,YES,2,YES,2,YES,2,YES,1
EB3087,EB,YES,2,YES,2,YES,2,YES,2,YES,2,YES,2,YES,1
EB3088,EB,YES,2,YES,2,YES,2,YES,2,YES,2,YES,2,YES,1
EB3089,EB,YES,2,YES,2,YES,2,YES,2,YES,2,YES,2,YES,1
EB3090,EB,YES,2,NO,0,NO,0,NO,0,NO,0,NO,0,NO,0
EB3091,EB,YES,2,YES,2,YES,2,YES,2,YES,2,YES,2,YES,1
EB3092,EB,YES,2,NO,0,NO,0,NO,0,NO,0,NO,0,NO,0
EB3093,EB,YES,2,YES,2,YES,2,YES,2,YES,2,YES,2,YES,1
EB3094,EB,YES,2,YES,2,YES,2,NO,0,NO,0,NO,0,NO,0
EB3095,EB,YES,2,NO,0,NO,0,NO,0,NO,0,NO,0,NO,0
EB3096,EB,YES,2,YES,2,YES,2,YES,2,YES,2,YES,2,YES,1
EB3097,EB,YES,2,YES,2,YES,2,YES,2,YES,2,YES,2,YES,1
EB3098,EB,YES,2,YES,2,YES,2,YES,2,YES,2,YES,2,YES,1
EB3099,EB,YES,2,NO,0,NO,0,NO,0,NO,0,NO,0,NO,0
EB3100,EB,YES,2,YES,2,YES,2,YES,2,YES,2,YES,2,YES,1
EB3101,EB,YES,2,NO,0,NO,0,NO,0,NO,0,NO,0,NO,0
EB3102,EB,YES,2,YES,2,YES,2,YES,2,YES,2,YES,2,YES,1
EB3103,EB,YES,2,YES,2,YES,2,NO,0,NO,0,NO,0,NO,0
EB3104,EB,YES,2,YES,2,YES,2,YES,2,YES,2,YES,2,YES,1
EB3105,EB,YES,2,YES,2,YES,2,YES,2,YES,2,YES,2,YES,1
EB3106,EB,YES,2,NO,0,NO,0,NO,0,NO,0,NO,0,NO,0
EB3107,EB,YES,2,YES,2,YES,2,YES,2,YES,2,YES,2,YES,1
EB3108,EB,YES,2,YES,2,YES,2,YES,2,YES,2,YES,2,YES,1
EB3109,EB,YES,2,YES,2,YES,2,NO,0,NO,0,NO,0,NO,0
EB3110,EB,YES,2,YES,2,YES,2,YES,2,YES,2,YES,2,YES,1
EB3111,EB,YES,2,YES,2,YES,2,YES,2,YES,2,YES,2,YES,1
EB3112,EB,YES,2,YES,2,YES,2,YES,2,YES,2,YES,2,YES,1
EB3113,EB,YES,2,YES,2,YES,2,YES,2,YES,2,YES,2,YES,1
EB3114,EB,YES,2,NO,0,NO,0,NO,0,NO,0,NO,0,NO,0
EB3115,EB,YES,2,YES,2,YES,2,YES,2,YES,2,YES,2,YES,1
EB3116,EB,YES,2,NO,0,NO,0,NO,0,NO,0,NO,0,NO,0
EB3117,EB,YES,2,YES,2,YES,2,YES,2,YES,2,YES,2,YES,1
EB3118,EB,YES,2,YES,2,YES,2,NO,0,NO,0,NO,0,NO,0
EB3119,EB,YES,2,NO,0,NO,0,NO,0,NO,0,NO,0,NO,0
EB3120,EB,YES,2,YES,2,YES,2,YES,2,YES,2,YES,2,YES,1
EB3121,EB,YES,2,YES,2,YES,2,YES,2,YES,2,YES,2,YES,1
EB3122,EB,YES,2,YES,2,YES,2,YES,2,YES,2,YES,2,YES,1
EB3123,EB,YES,2,NO,0,NO,0,NO,0,NO,0,NO,0,NO,0
EB3124,EB,YES,2,YES,2,YES,2,YES,2,YES,2,YES,2,YES,1
EB3125,EB,YES,2,NO,0,NO,0,NO,0,NO,0,NO,0,NO,0
EB3126,EB,YES,2,YES,2,YES,2,YES,2,YES,2,YES,2,YES,1
EB3127,EB,YES,2,YES,2,YES,2,YES,2,YES,2,YES,2,YES,1
EB3130,EB,NO,0,YES,2,YES,2,YES,2,YES,2,YES,2,YES,1
EB3131,EB,NO,0,YES,2,YES,2,NO,0,NO,0,NO,0,NO,0
EB3132,EB,NO,0,YES,2,YES,2,YES,2,YES,2,YES,2,YES,1
EB3133,EB,NO,0,YES,2,YES,2,NO,0,NO,0,NO,0,NO,0
EB3134,EB,NO,0,YES,2,YES,2,NO,0,NO,0,NO,0,NO,0
EB3135,EB,NO,0,YES,2,YES,2,YES,2,YES,2,YES,2,YES,1
EB3136,EB,NO,0,YES,2,YES,2,YES,2,YES,2,YES,2,YES,1
EB3137,EB,NO,0,YES,2,YES,2,YES,2,YES,2,YES,2,YES,1
EB3138,EB,NO,0,YES,2,YES,2,NO,0,NO,0,NO,0,NO,0
EB3139,EB,NO,0,YES,2,YES,2,YES,2,YES,2,YES,2,YES,1
EB3140,EB,NO,0,YES,2,YES,2,NO,0,NO,0,NO,0,NO,0
EB3141,EB,NO,0,YES,2,YES,2,NO,0,NO,0,NO,0,NO,0
EB3142,EB,NO,0,YES,2,YES,2,YES,2,YES,2,YES,2,YES,1
EB3143,EB,NO,0,YES,2,YES,2,YES,2,YES,2,YES,2,YES,1
EB3144,EB,NO,0,YES,2,YES,2,YES,2,YES,2,YES,2,YES,1
EB3145,EB,NO,0,YES,2,YES,2,YES,2,YES,2,YES,2,YES,1
EB3146,EB,NO,0,YES,2,YES,2,YES,2,YES,2,YES,2,YES,1
EB3147,EB,NO,0,YES,2,YES,2,YES,2,YES,2,YES,2,YES,1
EB3148,EB,NO,0,YES,2,YES,2,YES,2,YES,2,YES,2,YES,1
EB3149,EB,NO,0,YES,2,YES,2,YES,2,YES,2,YES,2,YES,1
EB3150,EB,NO,0,YES,2,YES,2,YES,2,YES,2,YES,2,YES,1
EB3151,EB,NO,0,YES,2,YES,2,YES,2,YES,2,YES,2,YES,1
EB3152,EB,NO,0,YES,2,YES,2,YES,2,YES,2,YES,2,YES,1
EB3153,EB,NO,0,YES,2,YES,2,YES,2,YES,2,YES,2,YES,1
EB3154,EB,NO,0,YES,2,YES,2,YES,2,YES,2,YES,2,YES,1
EB3155,EB,NO,0,YES,2,YES,2,YES,2,YES,2,YES,2,YES,1
EB3156,EB,NO,0,YES,2,YES,2,YES,2,YES,2,YES,2,YES,1
EB3157,EB,NO,0,YES,2,YES,2,YES,2,YES,2,YES,2,YES,1
EB3158,EB,NO,0,NO,0,NO,0,YES,2,YES,2,YES,2,YES,1
EB3159,EB,NO,0,NO,0,NO,0,YES,2,YES,2,YES,2,YES,1
EB3160,EB,NO,0,NO,0,NO,0,YES,2,YES,2,YES,2,YES,1
EB3161,EB,NO,0,NO,0,NO,0,YES,2,YES,2,YES,2,YES,1
EB3162,EB,NO,0,NO,0,NO,0,YES,2,YES,2,YES,2,YES,1
EB3163,EB,NO,0,NO,0,NO,0,YES,2,YES,2,YES,2,YES,1
EB3164,EB,NO,0,NO,0,NO,0,YES,2,YES,2,YES,2,YES,1
EB3165,EB,NO,0,NO,0,NO,0,YES,2,YES,2,YES,2,YES,1
EB3166,EB,NO,0,NO,0,NO,0,YES,2,YES,2,YES,2,YES,1
EB3167,EB,NO,0,NO,0,NO,0,YES,2,YES,2,YES,2,YES,1
EB3168,EB,NO,0,NO,0,NO,0,YES,2,YES,2,NO,0,YES,1
EB3169,EB,NO,0,NO,0,NO,0,YES,2,YES,2,YES,2,YES,1
EB3170,EB,NO,0,NO,0,NO,0,YES,2,YES,2,YES,2,YES,1
EB3171,EB,NO,0,NO,0,NO,0,YES,2,YES,2,YES,2,YES,1
EB3172,EB,NO,0,NO,0,NO,0,YES,2,YES,2,YES,2,YES,1
EB3173,EB,NO,0,NO,0,NO,0,YES,2,YES,2,YES,2,YES,1
EB3174,EB,NO,0,NO,0,NO,0,YES,2,YES,2,YES,2,YES,1
EB3175,EB,NO,0,NO,0,NO,0,YES,2,YES,2,YES,2,YES,1
EB3176,EB,NO,0,NO,0,NO,0,YES,2,YES,2,YES,2,YES,1
EB3177,EB,NO,0,NO,0,NO,0,YES,2,YES,2,YES,2,YES,1
EB3178,EB,NO,0,NO,0,NO,0,YES,2,YES,2,YES,2,YES,1
EB3179,EB,NO,0,NO,0,NO,0,YES,2,YES,2,YES,2,YES,1
EB3180,EB,NO,0,NO,0,NO,0,YES,2,YES,2,YES,2,YES,1
EB3181,EB,NO,0,NO,0,NO,0,YES,2,YES,2,YES,2,YES,1
EB3182,EB,NO,0,NO,0,NO,0,YES,2,YES,2,YES,2,YES,1
EB3183,EB,NO,0,NO,0,NO,0,YES,2,YES,2,YES,2,YES,1
EB3184,EB,NO,0,NO,0,NO,0,YES,2,YES,2,YES,2,YES,1
EB3185,EB,NO,0,NO,0,NO,0,YES,2,YES,2,YES,2,YES,1
EB3186,EB,NO,0,NO,0,NO,0,YES,2,YES,2,YES,2,YES,1
EB3187,EB,NO,0,NO,0,NO,0,YES,2,YES,2,YES,2,YES,1
EB3188,EB,NO,0,NO,0,NO,0,YES,2,YES,2,YES,2,YES,1
EB3189,EB,NO,0,NO,0,NO,0,YES,2,YES,2,YES,2,YES,1
EB3190,EB,NO,0,NO,0,NO,0,YES,2,YES,2,YES,2,YES,1
EB3191,EB,NO,0,NO,0,NO,0,YES,2,YES,2,YES,2,YES,1
EB3192,EB,NO,0,NO,0,NO,0,YES,2,YES,2,YES,2,YES,1
EB3193,EB,NO,0,NO,0,NO,0,YES,2,YES,2,YES,2,YES,1
EB3194,EB,NO,0,NO,0,NO,0,YES,2,YES,2,YES,2,YES,1
EB3195,EB,NO,0,NO,0,NO,0,YES,2,YES,2,YES,2,YES,1
EB3196,EB,NO,0,NO,0,NO,0,YES,2,YES,2,YES,2,YES,1
EB3197,EB,NO,0,NO,0,NO,0,YES,2,YES,2,YES,2,YES,1
EB3198,EB,NO,0,NO,0,NO,0,YES,2,YES,2,YES,2,YES,1
EB3199,EB,NO,0,NO,0,NO,0,YES,2,YES,2,YES,2,YES,1
EB3205,EB,NO,0,NO,0,NO,0,NO,0,NO,0,YES,2,YES,1
EB3208,EB,NO,0,NO,0,NO,0,NO,0,NO,0,YES,2,YES,1
EB3210,EB,NO,0,NO,0,NO,0,NO,0,NO,0,YES,2,YES,1
EB3500,EB,YES,2,YES,2,YES,2,YES,2,YES,2,YES,2,YES,1
EB3501,EB,YES,2,YES,2,YES,2,YES,2,YES,2,YES,2,YES,1
EB3502,EB,YES,2,YES,2,YES,2,YES,2,YES,2,YES,2,YES,1
EB3503,EB,YES,2,YES,2,YES,2,YES,2,YES,2,YES,2,YES,1
EB3504,EB,YES,2,YES,2,YES,2,YES,2,YES,2,YES,2,YES,1
EB3505,EB,YES,2,YES,2,YES,2,YES,2,YES,2,YES,2,YES,1
EB3506,EB,YES,2,YES,2,YES,2,YES,2,YES,2,YES,2,YES,1
EB3508,EB,YES,2,YES,2,YES,2,YES,2,YES,2,YES,2,YES,1
EB3509,EB,YES,2,YES,2,YES,2,YES,2,YES,2,YES,2,YES,1
EB3510,EB,YES,2,YES,2,YES,2,YES,2,NO,0,NO,0,NO,0
EB3511,EB,YES,2,YES,2,YES,2,YES,2,YES,2,YES,2,YES,1
EB3512,EB,YES,2,NO,0,NO,0,NO,0,NO,0,NO,0,NO,0
EB3514,EB,YES,2,YES,2,YES,2,YES,2,YES,2,YES,2,YES,1
EB3515,EB,YES,2,YES,2,YES,2,YES,2,YES,2,YES,2,YES,1
EB3516,EB,YES,2,YES,2,YES,2,YES,2,YES,2,YES,2,YES,1
EB3517,EB,YES,2,YES,2,YES,2,YES,2,YES,2,YES,2,YES,1
EB3519,EB,YES,2,YES,2,YES,2,YES,2,YES,2,YES,2,YES,1
EB3520,EB,YES,2,YES,2,YES,2,YES,2,YES,2,YES,2,YES,1
EB3521,EB,YES,2,YES,2,YES,2,YES,2,YES,2,YES,2,YES,1
EB3522,EB,YES,2,YES,2,YES,2,YES,2,YES,2,YES,2,YES,1
EB3523,EB,YES,2,YES,2,YES,2,YES,2,YES,2,YES,2,YES,1
EB3524,EB,YES,2,YES,2,YES,2,YES,2,YES,2,YES,2,YES,1
EB3525,EB,YES,2,YES,2,YES,2,YES,2,YES,2,YES,2,YES,1
EB3526,EB,YES,2,YES,2,YES,2,YES,2,YES,2,YES,2,YES,1
EB3527,EB,YES,2,YES,2,YES,2,YES,2,YES,2,YES,2,YES,1
EB3528,EB,YES,2,YES,2,NO,0,YES,2,YES,2,YES,2,YES,1
EB3529,EB,YES,2,YES,2,YES,2,YES,2,YES,2,YES,2,YES,1
EB3530,EB,YES,2,YES,2,YES,2,YES,2,YES,2,YES,2,YES,1
EB3531,EB,YES,2,YES,2,YES,2,YES,2,YES,2,YES,2,YES,1
EB3532,EB,YES,2,YES,2,YES,2,YES,2,YES,2,YES,2,YES,1
EB3533,EB,YES,2,YES,2,YES,2,YES,2,YES,2,YES,2,YES,1
EB3534,EB,YES,2,YES,2,YES,2,YES,2,YES,2,YES,2,YES,1
EB3535,EB,YES,2,YES,2,NO,0,NO,0,NO,0,NO,0,NO,0
EB3536,EB,YES,2,YES,2,YES,2,YES,2,YES,2,YES,2,YES,1
EB3538,EB,YES,2,YES,2,NO,0,YES,2,YES,2,YES,2,YES,1
EB3540,EB,YES,2,YES,2,YES,2,YES,2,YES,2,YES,2,YES,1
EB3541,EB,YES,2,YES,2,YES,2,YES,2,YES,2,YES,2,YES,1
EB3542,EB,YES,2,YES,2,YES,2,YES,2,NO,0,NO,0,NO,0
EB3543,EB,YES,2,YES,2,YES,2,YES,2,YES,2,YES,2,YES,1
EB3544,EB,YES,2,YES,2,YES,2,YES,2,YES,2,YES,2,YES,1
EB3545,EB,YES,2,YES,2,YES,2,YES,2,YES,2,YES,2,YES,1
EB3546,EB,YES,2,YES,2,YES,2,YES,2,YES,2,YES,2,YES,1
EB3547,EB,YES,2,YES,2,YES,2,YES,2,YES,2,YES,2,YES,1
EB3548,EB,YES,2,YES,2,YES,2,YES,2,YES,2,YES,2,YES,1
EB3549,EB,YES,2,YES,2,YES,2,YES,2,YES,2,YES,2,YES,1
EB3550,EB,YES,2,YES,2,YES,2,YES,2,YES,2,YES,2,YES,1
EB3551,EB,YES,2,YES,2,YES,2,YES,2,YES,2,YES,2,YES,1
EB3552,EB,YES,2,YES,2,YES,2,YES,2,YES,2,YES,2,YES,1
EB3553,EB,YES,2,YES,2,YES,2,YES,2,YES,2,YES,2,YES,1
EB3554,EB,YES,2,YES,2,YES,2,YES,2,YES,2,YES,2,YES,1
EB3555,EB,YES,2,YES,2,YES,2,YES,2,YES,2,YES,2,YES,1
EB3557,EB,YES,2,YES,2,YES,2,YES,2,YES,2,YES,2,YES,1
EB3558,EB,YES,2,NO,0,YES,2,YES,2,YES,2,YES,2,YES,1
EB3559,EB,YES,2,YES,2,YES,2,YES,2,YES,2,YES,2,YES,1
EB3561,EB,YES,2,YES,2,YES,2,YES,2,YES,2,YES,2,NO,0
EB3562,EB,YES,2,YES,2,YES,2,YES,2,YES,2,YES,2,YES,1
EB3563,EB,YES,2,YES,2,YES,2,YES,2,NO,0,NO,0,NO,0
EB3564,EB,NO,0,NO,0,YES,2,YES,2,YES,2,YES,2,YES,1
EB3565,EB,YES,2,YES,2,YES,2,YES,2,YES,2,YES,2,YES,1
EB3603,EB,YES,2,YES,2,YES,2,YES,2,YES,2,YES,2,YES,1
EB3604,EB,YES,2,YES,2,YES,2,YES,2,YES,2,YES,2,YES,1
EB3606,EB,YES,2,YES,2,YES,2,YES,2,YES,2,YES,2,YES,1
EB3607,EB,YES,2,YES,2,YES,2,YES,2,YES,2,YES,2,YES,1
EB3608,EB,NO,0,YES,2,YES,2,YES,2,YES,2,YES,2,YES,1
EB3609,EB,NO,0,YES,2,YES,2,YES,2,YES,2,YES,2,NO,0
EB3610,EB,NO,0,YES,2,YES,2,YES,2,YES,2,YES,2,YES,1
EB3611,EB,NO,0,NO,0,YES,2,YES,2,YES,2,YES,2,YES,1
EB3612,EB,NO,0,NO,0,YES,2,YES,2,NO,0,NO,0,NO,0
EB3613,EB,NO,0,NO,0,YES,2,YES,2,YES,2,YES,2,YES,1
EB3614,EB,NO,0,NO,0,YES,2,YES,2,YES,2,YES,2,YES,1
EB3616,EB,NO,0,NO,0,NO,0,YES,2,YES,2,NO,0,NO,0
EB3617,EB,NO,0,NO,0,NO,0,NO,0,YES,2,YES,2,NO,0
EB3619,EB,NO,0,NO,0,NO,0,NO,0,YES,2,YES,2,YES,1
EB3620,EB,NO,0,NO,0,NO,0,NO,0,NO,0,NO,0,YES,1
GO1000,GO,YES,1,YES,1,YES,1,NO,0,NO,0,NO,0,YES,1
GO6800,GO,YES,2,YES,2,YES,2,YES,2,YES,2,YES,3,YES,1
GO6801,GO,YES,2,YES,2,YES,2,YES,2,YES,2,YES,3,YES,1
GO6803,GO,YES,2,YES,2,YES,2,YES,2,YES,2,YES,3,YES,1
GO6804,GO,YES,2,YES,2,YES,2,YES,2,YES,2,YES,3,YES,1
GO6805,GO,YES,2,YES,2,YES,2,YES,2,YES,2,YES,3,YES,1
GO6806,GO,YES,2,YES,2,YES,2,YES,2,YES,2,YES,3,YES,1
GO6807,GO,YES,2,YES,2,YES,2,YES,2,YES,2,YES,3,YES,1
GO6808,GO,YES,2,YES,2,YES,2,YES,2,YES,2,YES,3,YES,1
GO6810,GO,YES,2,YES,2,YES,2,YES,2,YES,2,YES,3,YES,1
GO6813,GO,YES,2,YES,2,YES,2,YES,2,YES,2,YES,3,YES,1
GO6814,GO,YES,2,YES,2,YES,2,YES,2,YES,2,YES,3,YES,1
GO6815,GO,YES,2,YES,2,YES,2,NO,0,NO,0,NO,0,NO,0
GO6817,GO,YES,2,YES,2,YES,2,YES,2,YES,2,YES,3,YES,1
GO6818,GO,YES,2,YES,2,YES,2,YES,2,YES,2,YES,3,YES,1
GO6819,GO,YES,2,YES,2,YES,2,YES,2,YES,2,YES,3,YES,1
GO6820,GO,YES,2,YES,2,YES,2,YES,2,YES,2,YES,3,YES,1
GO6821,GO,YES,2,YES,2,YES,2,YES,2,YES,2,YES,3,YES,1
GO6822,GO,NO,0,NO,0,NO,0,YES,2,YES,2,YES,3,YES,1
MA1000,MA,YES,1,YES,1,YES,1,YES,1,NO,0,NO,0,NO,0
MA1001,MA,YES,1,YES,1,NO,0,NO,0,NO,0,NO,0,NO,0
MA1003,MA,YES,1,YES,1,NO,0,NO,0,NO,0,NO,0,NO,0
MA1004,MA,YES,1,NO,0,NO,0,NO,0,NO,0,NO,0,NO,0
MA1005,MA,YES,1,YES,1,YES,1,YES,1,YES,1,YES,1,NO,0
MA1006,MA,NO,0,NO,0,YES,1,YES,1,YES,1,NO,0,NO,0
MA1007,MA,NO,0,NO,0,NO,0,NO,0,NO,0,YES,1,NO,0
MA1008,MA,NO,0,NO,0,NO,0,NO,0,NO,0,YES,1,NO,0
MA1009,MA,NO,0,NO,0,NO,0,NO,0,NO,0,YES,1,NO,0
MA1010,MA,NO,0,NO,0,NO,0,NO,0,NO,0,YES,1,NO,0
MB1000,MB,YES,1,YES,1,YES,1,NO,0,NO,0,NO,0,YES,1
MB6000,MB,YES,3,YES,2,YES,2,YES,2,YES,2,YES,3,YES,1
MB6001,MB,YES,3,YES,2,YES,2,YES,2,YES,2,YES,3,YES,1
MB6002,MB,YES,3,YES,2,YES,2,YES,2,YES,2,YES,3,YES,1
MB6003,MB,YES,3,YES,2,YES,2,YES,2,YES,2,YES,3,YES,1
MB6004,MB,YES,3,YES,2,YES,2,YES,2,YES,2,YES,3,YES,1
MB6005,MB,YES,3,YES,2,YES,2,YES,2,YES,2,YES,3,YES,1
MB6006,MB,YES,3,YES,2,YES,2,YES,2,YES,2,YES,3,YES,1
MB6007,MB,YES,3,YES,2,YES,2,YES,2,YES,2,YES,3,YES,1
MB6008,MB,YES,3,YES,2,YES,2,YES,2,YES,2,YES,3,YES,1
MB6009,MB,YES,3,YES,2,YES,2,YES,2,YES,2,YES,3,YES,1
MB6010,MB,YES,3,YES,2,YES,2,YES,2,YES,2,YES,3,YES,1
MB6011,MB,YES,3,YES,2,YES,2,YES,2,YES,2,YES,3,YES,1
MB6012,MB,NO,0,NO,0,NO,0,NO,0,NO,0,YES,3,YES,1
MB6200,MB,NO,0,YES,2,YES,2,NO,0,YES,2,YES,3,NO,0
MB6201,MB,YES,3,YES,2,NO,0,NO,0,NO,0,NO,0,YES,1
MB6202,MB,YES,3,YES,2,YES,2,YES,2,YES,2,YES,3,YES,1
MB6205,MB,YES,3,NO,0,NO,0,NO,0,NO,0,NO,0,NO,0
MB6206,MB,YES,3,YES,2,YES,2,YES,2,YES,2,YES,3,YES,1
MB6207,MB,YES,3,YES,2,YES,2,YES,2,YES,2,YES,3,NO,0
MB6208,MB,YES,3,YES,2,YES,2,YES,2,YES,2,YES,3,YES,1
MB6209,MB,YES,3,YES,2,YES,2,NO,0,YES,2,YES,3,NO,0
MB6210,MB,YES,3,YES,2,YES,2,YES,2,NO,0,NO,0,NO,0
MB6211,MB,YES,3,YES,2,YES,2,YES,2,YES,2,YES,3,YES,1
MB6216,MB,NO,0,YES,2,YES,2,NO,0,NO,0,NO,0,NO,0
MB6217,MB,NO,0,YES,2,YES,2,NO,0,YES,2,YES,3,NO,0
MB6219,MB,YES,3,YES,2,YES,2,YES,2,YES,2,YES,3,YES,1
MB6220,MB,NO,0,YES,2,YES,2,NO,0,YES,2,YES,3,NO,0
MB6222,MB,YES,3,YES,2,YES,2,YES,2,YES,2,YES,3,YES,1
MB6223,MB,NO,0,YES,2,YES,2,YES,2,YES,2,YES,3,NO,0
MB6224,MB,YES,3,YES,2,YES,2,YES,2,YES,2,YES,3,NO,0
MB6225,MB,NO,0,YES,2,NO,0,YES,2,NO,0,YES,3,NO,0
MB6226,MB,YES,3,YES,2,YES,2,YES,2,NO,0,NO,0,NO,0
MB6240,MB,NO,0,YES,2,YES,2,NO,0,YES,2,YES,3,NO,0
MB6251,MB,YES,3,YES,2,YES,2,YES,2,YES,2,YES,3,YES,1
MB6252,MB,NO,0,YES,2,NO,0,YES,2,NO,0,NO,0,NO,0
MB6254,MB,YES,3,YES,2,YES,2,NO,0,YES,2,YES,3,NO,0
MB6256,MB,NO,0,NO,0,YES,2,YES,2,YES,2,YES,3,YES,1
MB6257,MB,NO,0,YES,2,NO,0,YES,2,NO,0,YES,3,NO,0
MB6258,MB,YES,3,NO,0,NO,0,NO,0,YES,2,YES,3,YES,1
MB6259,MB,NO,0,NO,0,NO,0,YES,2,YES,2,YES,3,NO,0
MB6262,MB,NO,0,YES,2,YES,2,YES,2,NO,0,YES,3,YES,1
MB6263,MB,NO,0,YES,2,NO,0,NO,0,YES,2,NO,0,NO,0
MB6264,MB,NO,0,YES,2,NO,0,NO,0,YES,2,NO,0,NO,0
MB6265,MB,NO,0,NO,0,YES,2,NO,0,YES,2,NO,0,YES,1
MB6266,MB,NO,0,NO,0,NO,0,NO,0,YES,2,YES,3,YES,1
PB1000,PB,YES,1,YES,1,YES,1,NO,0,NO,0,NO,0,YES,1
PB5000,PB,YES,2,YES,2,YES,2,YES,2,YES,2,YES,3,YES,1
PB5001,PB,YES,2,YES,2,YES,2,YES,2,YES,2,YES,3,YES,1
PB5002,PB,YES,2,YES,2,YES,2,YES,2,YES,2,YES,3,YES,1
PB5003,PB,YES,2,YES,2,YES,2,YES,2,YES,2,YES,3,YES,1
PB5004,PB,YES,2,YES,2,YES,2,YES,2,YES,2,YES,3,YES,1
PB5005,PB,YES,2,YES,2,YES,2,YES,2,YES,2,YES,3,YES,1
PB5006,PB,YES,2,YES,2,YES,2,YES,2,YES,2,YES,3,YES,1
PB5007,PB,YES,2,YES,2,YES,2,NO,0,NO,0,NO,0,NO,0
PB5008,PB,YES,2,YES,2,YES,2,YES,2,YES,2,YES,3,YES,1
PB5009,PB,YES,2,YES,2,YES,2,YES,2,YES,2,YES,3,YES,1
PB5011,PB,YES,2,YES,2,YES,2,YES,2,YES,2,YES,3,YES,1
PB5012,PB,YES,2,YES,2,YES,2,YES,2,YES,2,YES,3,YES,1
PB5013,PB,YES,2,YES,2,YES,2,YES,2,YES,2,YES,3,YES,1
PB5015,PB,YES,2,YES,2,YES,2,YES,2,YES,2,YES,3,YES,1
PB5016,PB,YES,2,YES,2,YES,2,YES,2,YES,2,YES,3,YES,1
PB5017,PB,YES,2,YES,2,YES,2,YES,2,YES,2,YES,3,YES,1
PB5018,PB,YES,2,YES,2,YES,2,YES,2,YES,2,YES,3,YES,1
PB5019,PB,YES,2,YES,2,YES,2,YES,2,YES,2,YES,3,YES,1
PB5020,PB,YES,2,YES,2,YES,2,YES,2,YES,2,YES,3,YES,1
PB5021,PB,YES,2,YES,2,YES,2,YES,2,YES,2,YES,3,YES,1
PB5022,PB,YES,2,YES,2,YES,2,NO,0,NO,0,NO,0,NO,0
PB5024,PB,YES,2,YES,2,YES,2,YES,2,YES,2,YES,3,YES,1
PB5025,PB,YES,2,YES,2,YES,2,YES,2,YES,2,YES,3,YES,1
PB5026,PB,YES,2,YES,2,YES,2,YES,2,YES,2,YES,3,YES,1
PB5027,PB,YES,2,YES,2,YES,2,YES,2,YES,2,YES,3,YES,1
PB5028,PB,YES,2,YES,2,YES,2,YES,2,YES,2,YES,3,YES,1
PB5029,PB,YES,2,YES,2,YES,2,YES,2,YES,2,YES,3,YES,1
PB5030,PB,YES,2,YES,2,YES,2,YES,2,YES,2,YES,3,YES,1
PB5031,PB,YES,2,YES,2,YES,2,YES,2,YES,2,YES,3,YES,1
PB5032,PB,YES,2,YES,2,YES,2,NO,0,NO,0,NO,0,NO,0
PB5033,PB,YES,2,YES,2,YES,2,YES,2,YES,2,YES,3,YES,1
PB5034,PB,YES,2,YES,2,YES,2,YES,2,YES,2,YES,3,YES,1
PB5035,PB,YES,2,YES,2,YES,2,YES,2,YES,2,YES,3,YES,1
PB5037,PB,YES,2,YES,2,YES,2,YES,2,YES,2,YES,3,YES,1
PB5038,PB,YES,2,YES,2,YES,2,YES,2,YES,2,YES,3,YES,1
PB5039,PB,YES,2,YES,2,YES,2,YES,2,YES,2,YES,3,YES,1
PB5040,PB,YES,2,YES,2,YES,2,YES,2,YES,2,YES,3,YES,1
PB5041,PB,YES,2,YES,2,YES,2,YES,2,YES,2,YES,3,YES,1
PB5042,PB,YES,2,YES,2,YES,2,YES,2,YES,2,YES,3,YES,1
PB5044,PB,YES,2,YES,2,YES,2,YES,2,YES,2,YES,3,YES,1
PB5045,PB,YES,2,YES,2,YES,2,YES,2,YES,2,YES,3,YES,1
PB5046,PB,YES,2,YES,2,YES,2,YES,2,YES,2,YES,3,YES,1
PB5047,PB,YES,2,YES,2,YES,2,YES,2,YES,2,YES,3,YES,1
PB5048,PB,YES,2,YES,2,YES,2,YES,2,YES,2,YES,3,YES,1
PB5049,PB,YES,2,YES,2,YES,2,YES,2,YES,2,YES,3,YES,1
PB5050,PB,YES,2,YES,2,YES,2,YES,2,YES,2,YES,3,YES,1
PB5051,PB,YES,2,YES,2,YES,2,YES,2,YES,2,YES,3,YES,1
PB5052,PB,YES,2,YES,2,YES,2,YES,2,YES,2,YES,3,YES,1
PB5053,PB,YES,2,YES,2,YES,2,YES,2,YES,2,YES,3,YES,1
PB5054,PB,YES,2,YES,2,YES,2,YES,2,YES,2,YES,3,YES,1
PB5055,PB,YES,2,YES,2,YES,2,YES,2,YES,2,YES,3,YES,1
PB5056,PB,YES,2,YES,2,YES,2,YES,2,YES,2,YES,3,YES,1
PB5058,PB,YES,2,YES,2,YES,2,NO,0,NO,0,NO,0,NO,0
PB5059,PB,YES,2,YES,2,YES,2,YES,2,YES,2,YES,3,YES,1
PB5060,PB,YES,2,YES,2,YES,2,YES,2,YES,2,YES,3,YES,1
PB5061,PB,YES,2,YES,2,YES,2,YES,2,YES,2,YES,3,YES,1
PB5062,PB,YES,2,YES,2,YES,2,YES,2,YES,2,YES,3,YES,1
PB5063,PB,NO,0,YES,2,YES,2,NO,0,NO,0,NO,0,NO,0
PB5064,PB,NO,0,YES,2,YES,2,NO,0,NO,0,NO,0,NO,0
PB5065,PB,NO,0,YES,2,YES,2,YES,2,YES,2,YES,3,YES,1
PB5066,PB,NO,0,YES,2,YES,2,YES,2,YES,2,YES,3,YES,1
PB5067,PB,NO,0,YES,2,YES,2,NO,0,NO,0,NO,0,NO,0
PB5072,PB,NO,0,NO,0,YES,2,YES,2,YES,2,YES,3,YES,1
PB5073,PB,NO,0,NO,0,NO,0,YES,2,YES,2,YES,3,YES,1
PB5074,PB,NO,0,NO,0,NO,0,YES,2,YES,2,YES,3,YES,1
PB5075,PB,NO,0,NO,0,NO,0,YES,2,YES,2,YES,3,YES,1
PB5076,PB,NO,0,NO,0,NO,0,YES,2,YES,2,YES,3,YES,1
PB5077,PB,NO,0,NO,0,NO,0,YES,2,YES,2,YES,3,YES,1
PB5078,PB,NO,0,NO,0,NO,0,YES,2,YES,2,YES,3,YES,1
PB5079,PB,NO,0,NO,0,NO,0,NO,0,NO,0,YES,3,YES,1
PB5080,PB,NO,0,NO,0,NO,0,NO,0,NO,0,YES,3,YES,1
PB5300,PB,YES,2,YES,2,YES,2,YES,2,YES,2,YES,3,YES,1
PB5302,PB,YES,2,YES,2,YES,2,YES,2,YES,2,YES,3,YES,1
PB5303,PB,YES,2,YES,2,YES,2,YES,2,NO,0,NO,0,NO,0
PB5305,PB,YES,2,YES,2,YES,2,YES,2,YES,2,YES,3,YES,1
PB5306,PB,YES,2,YES,2,YES,2,YES,2,YES,2,YES,3,YES,1
PB5307,PB,YES,2,YES,2,YES,2,YES,2,NO,0,NO,0,NO,0
PB5309,PB,YES,2,YES,2,YES,2,YES,2,YES,2,YES,3,YES,1
PB5311,PB,YES,2,YES,2,YES,2,YES,2,YES,2,YES,3,YES,1
PB5312,PB,YES,2,YES,2,YES,2,YES,2,YES,2,YES,3,YES,1
PB5313,PB,YES,2,YES,2,YES,2,NO,0,YES,2,NO,0,NO,0
PB5314,PB,YES,2,YES,2,YES,2,YES,2,YES,2,YES,3,YES,1
PB5315,PB,YES,2,YES,2,YES,2,YES,2,YES,2,YES,3,YES,1
PB5325,PB,YES,2,YES,2,YES,2,YES,2,YES,2,YES,3,YES,1
PB5326,PB,YES,2,YES,2,YES,2,YES,2,YES,2,YES,3,YES,1
PB5327,PB,YES,2,YES,2,YES,2,YES,2,YES,2,YES,3,YES,1
PB5328,PB,YES,2,YES,2,YES,2,YES,2,YES,2,YES,3,YES,1
PB5329,PB,YES,2,YES,2,YES,2,YES,2,YES,2,YES,3,YES,1
PB5330,PB,YES,2,YES,2,YES,2,YES,2,YES,2,YES,3,YES,1
PB5331,PB,YES,2,YES,2,YES,2,YES,2,YES,2,YES,3,YES,1
PB5332,PB,YES,2,YES,2,YES,2,YES,2,YES,2,YES,3,YES,1
PB5333,PB,YES,2,NO,0,NO,0,NO,0,NO,0,NO,0,NO,0
PB5334,PB,YES,2,NO,0,NO,0,NO,0,NO,0,NO,0,NO,0
PB5335,PB,YES,2,NO,0,NO,0,NO,0,NO,0,NO,0,NO,0
PB5337,PB,YES,2,YES,2,YES,2,YES,2,YES,2,YES,3,YES,1
PB5338,PB,NO,0,YES,2,YES,2,YES,2,NO,0,YES,3,YES,1
PB5339,PB,NO,0,YES,2,YES,2,YES,2,YES,2,YES,3,YES,1
PB5341,PB,NO,0,NO,0,YES,2,YES,2,YES,2,NO,0,NO,0
PB5342,PB,NO,0,NO,0,NO,0,YES,2,YES,2,YES,3,YES,1
PB5343,PB,NO,0,NO,0,NO,0,NO,0,NO,0,YES,3,NO,0
PB5345,PB,NO,0,NO,0,NO,0,NO,0,YES,2,YES,3,YES,1
PB5346,PB,NO,0,NO,0,NO,0,NO,0,NO,0,YES,3,YES,1
PD1000,PD,YES,2,YES,2,YES,2,YES,2,YES,2,YES,2,NO,0
PD1001,PD,YES,2,NO,0,NO,0,NO,0,NO,0,NO,0,NO,0
PD1002,PD,YES,2,YES,2,YES,2,NO,0,NO,0,NO,0,NO,0
PD1003,PD,YES,2,YES,2,YES,2,NO,0,NO,0,NO,0,NO,0
PD1005,PD,YES,2,YES,2,YES,2,YES,2,NO,0,NO,0,NO,0
PD1006,PD,NO,0,NO,0,NO,0,NO,0,YES,2,NO,0,NO,0
PD1007,PD,YES,2,YES,2,YES,2,NO,0,NO,0,NO,0,NO,0
PD1008,PD,YES,2,YES,2,YES,2,NO,0,NO,0,NO,0,NO,0
PD1012,PD,YES,2,YES,2,YES,2,YES,2,YES,2,YES,2,NO,0
PD1013,PD,YES,2,YES,2,NO,0,NO,0,NO,0,NO,0,NO,0
PD1014,PD,YES,2,YES,2,YES,2,YES,2,NO,0,NO,0,NO,0
PD1016,PD,YES,2,YES,1,YES,2,YES,2,YES,2,NO,0,NO,0
PD1017,PD,YES,2,YES,2,YES,2,YES,2,YES,2,YES,2,NO,0
PD1018,PD,YES,2,YES,2,NO,0,NO,0,NO,0,NO,0,NO,0
PD1022,PD,YES,2,YES,2,YES,2,NO,0,NO,0,NO,0,NO,0
PD1023,PD,YES,2,YES,2,NO,0,NO,0,NO,0,NO,0,NO,0
PD1024,PD,YES,2,YES,2,YES,2,NO,0,NO,0,NO,0,NO,0
PD1025,PD,YES,2,YES,2,YES,2,YES,2,YES,2,NO,0,NO,0
PD1026,PD,YES,2,YES,2,YES,2,YES,2,YES,2,NO,0,NO,0
PD1027,PD,YES,2,YES,2,NO,0,NO,0,NO,0,NO,0,NO,0
PD1028,PD,YES,2,NO,0,NO,0,NO,0,NO,0,NO,0,NO,0
PD1029,PD,YES,2,NO,0,NO,0,NO,0,NO,0,NO,0,NO,0
PD1030,PD,YES,2,YES,2,YES,2,NO,0,NO,0,NO,0,NO,0
PD1031,PD,YES,2,YES,2,YES,2,YES,2,YES,2,YES,2,NO,0
PD1032,PD,YES,2,YES,2,YES,2,YES,2,YES,2,NO,0,NO,0
PD1033,PD,YES,2,YES,2,YES,2,YES,2,YES,2,YES,2,NO,0
PD1034,PD,YES,2,YES,2,YES,2,YES,2,YES,2,YES,2,NO,0
PD1035,PD,YES,2,YES,2,YES,2,YES,2,YES,2,YES,2,NO,0
PD1036,PD,YES,2,YES,2,NO,0,NO,0,NO,0,NO,0,NO,0
PD1037,PD,YES,2,YES,2,YES,2,YES,2,NO,0,NO,0,NO,0
PD1038,PD,YES,2,YES,2,YES,2,YES,2,NO,0,NO,0,NO,0
PD1039,PD,YES,2,YES,2,NO,0,NO,0,NO,0,NO,0,NO,0
PD1040,PD,YES,2,NO,0,NO,0,NO,0,NO,0,NO,0,NO,0
PD1041,PD,YES,2,YES,2,YES,2,YES,2,NO,0,NO,0,NO,0
PD1042,PD,YES,2,YES,2,NO,0,NO,0,NO,0,NO,0,NO,0
PD1043,PD,NO,0,YES,2,YES,2,YES,2,YES,2,YES,2,NO,0
PD1044,PD,NO,0,NO,0,YES,2,YES,2,YES,2,YES,2,NO,0
PD1045,PD,NO,0,NO,0,NO,0,NO,0,YES,2,NO,0,NO,0
PD1046,PD,NO,0,NO,0,NO,0,NO,0,YES,2,NO,0,NO,0
PD1047,PD,NO,0,NO,0,NO,0,NO,0,NO,0,YES,2,NO,0
PD1048,PD,NO,0,NO,0,NO,0,NO,0,NO,0,YES,2,NO,0
PD1049,PD,NO,0,NO,0,NO,0,NO,0,NO,0,YES,2,NO,0
PD1050,PD,NO,0,NO,0,NO,0,NO,0,NO,0,YES,2,NO,0
PD1051,PD,NO,0,NO,0,NO,0,NO,0,NO,0,YES,2,NO,0
PD1052,PD,NO,0,NO,0,NO,0,NO,0,NO,0,YES,2,NO,0
PD1053,PD,NO,0,NO,0,NO,0,NO,0,NO,0,YES,2,NO,0
PD1054,PD,NO,0,NO,0,NO,0,NO,0,NO,0,YES,2,NO,0
PD1055,PD,NO,0,NO,0,NO,0,NO,0,NO,0,YES,1,NO,0
PD1056,PD,NO,0,NO,0,NO,0,NO,0,NO,0,YES,2,NO,0
PD1057,PD,NO,0,NO,0,NO,0,NO,0,NO,0,YES,2,NO,0
PD1058,PD,NO,0,NO,0,NO,0,NO,0,NO,0,YES,2,NO,0
PD1059,PD,NO,0,NO,0,NO,0,NO,0,NO,0,YES,2,NO,0
PD1060,PD,NO,0,NO,0,NO,0,NO,0,NO,0,YES,2,NO,0
RE1000,RE,YES,1,YES,1,YES,1,YES,1,YES,1,YES,1,NO,0
RS0001,RS,YES,1,YES,1,YES,1,NO,0,NO,0,NO,0,YES,1
RS6700,RS,NO,0,NO,0,NO,0,NO,0,NO,0,YES,3,YES,1
RS6701,RS,YES,2,YES,2,YES,2,YES,2,YES,2,YES,3,YES,1
RS6702,RS,YES,2,NO,0,NO,0,NO,0,NO,0,NO,0,NO,0
RS6703,RS,YES,2,YES,2,YES,2,YES,2,YES,2,YES,3,YES,1
RS6704,RS,YES,2,YES,2,YES,2,YES,2,YES,2,YES,3,YES,1
RS6708,RS,YES,2,YES,2,YES,2,YES,2,YES,2,YES,3,YES,1
RS6709,RS,YES,2,YES,2,YES,2,YES,2,YES,2,YES,3,YES,1
RS6712,RS,YES,2,YES,2,YES,2,YES,2,YES,2,YES,3,YES,1
RS6713,RS,YES,2,YES,2,YES,2,YES,2,YES,2,YES,3,YES,1
RS6720,RS,YES,2,YES,2,YES,2,YES,2,YES,2,YES,3,YES,1
RS6721,RS,YES,2,YES,2,YES,2,YES,2,YES,2,YES,3,YES,1
RS6722,RS,YES,2,YES,2,YES,2,YES,2,YES,2,YES,3,YES,1
RS6724,RS,YES,2,YES,2,YES,2,YES,2,YES,2,YES,3,YES,1
RS6725,RS,YES,2,YES,2,YES,2,YES,2,YES,2,YES,3,YES,1
RS6726,RS,YES,2,YES,2,YES,2,YES,2,YES,2,YES,3,YES,1
RS6727,RS,NO,0,YES,2,YES,2,YES,2,YES,2,YES,3,YES,1
TK0001,TK,YES,1,YES,1,YES,1,NO,0,NO,0,NO,0,YES,1
TK1003,TK,YES,2,YES,2,YES,2,YES,2,YES,2,YES,2,YES,1
TK1004,TK,YES,2,YES,2,YES,2,YES,2,YES,2,YES,2,YES,1
TK1005,TK,YES,2,YES,2,YES,2,YES,2,YES,2,YES,2,YES,1
TK1006,TK,YES,2,YES,2,YES,2,YES,2,YES,2,YES,2,YES,1
TK1007,TK,YES,2,YES,2,YES,2,YES,2,YES,2,YES,2,YES,1
TK1018,TK,YES,2,YES,2,YES,2,YES,2,YES,2,YES,2,YES,1
TK1021,TK,NO,0,NO,0,YES,2,YES,2,YES,2,YES,2,YES,1
