hunt_code,species_family,hunt_name,source_row_count,source_file,crosswalk_found,crosswalk_match_kind,crosswalk_current_code,xwalk_relationship,xwalk_confidence,xwalk_method,xwalk_recommendation,crosswalk_status,crosswalk_source,crosswalk_notes,retired_in_2026,retired_reason_notes,triage_status,triage_notes,ready_to_address_action
BI6533,Bison,"Bison Muzzleloader (cow Only) - Book Cliffs, Little Creek/south - Muzzleloader 2023 Draw 5, Big Game Bonus Point Draw Results 05/31/2023",62,2023 ELK + OTHER BIG GAME.pdf,NO,,,,,,,,,,NO,,MANUAL_REVIEW,No current/historical crosswalk match found in current_to_historical_hunt_code_crosswalk_2026.csv,MANUAL_CROSSWALK
CG1029,Cougar,20 19 18 17 16 15 13 14 12 11 9 10 9 20 20 23 23 32 37 112 7 6 5 4 3 2 1 0 0 0 0 1 0 1 3 3 11326 0 0 0 0 0 0 0 0 5 0 0 0 0 0 0 0 0 0 0 2 0 1 0 0 1 1 5 Resident A pplicants Non-Resident A pplicants 7 6 5 4 3 2 1 0 0N / A 2 0 1 0 0 1 1 10 1 in 10.0 N/A 1 in 23.0 N/A N/A 1 in 37.0 1 in 112.0 1 in 32.6 Applicants # Permits # Permits # Permits SuccessEligible Bonus Regular Total 0 0 0 0 0 0 0 0 1 0 0 0 0 0 0 0 0 1 N/ A N/A N/A N/A N/A N/A N/A N/A 1 in 11.0 # Permits # Permits # Permits Bonus Regular Total Totals Total Applicants Eligible Total Totals Points PointsRatio Success Ratio 98 100 08 0N / A 1 1 1 in 1.0 71 00 09 0N / A 0 0N / A 80 00 01 0 0N / A 0 0N / A 51 00 01 1 0N / A 0 0N / A Bonus Bonus 000 N / A 12 0000 N / A7 1 0 1 1 in 10.0 13 0000 N / A10 4 0 4 1 in 1.0 14 0000 N / A4 000 N / A 15 0000 N / A0 000 N / A 16 0000 N / A0 000 N / A 17 0000 N / A0 000 N / A 18 0000 N / A0 000 N / A 19 0000 N / A0 000 N / A 20 0000 N / A0,42,2023_cougar_odds_report(1).pdf,NO,,,,,,,,,,NO,,MANUAL_REVIEW,No current/historical crosswalk match found in current_to_historical_hunt_code_crosswalk_2026.csv,MANUAL_CROSSWALK
CG1034,Cougar,20 19 18 17 16 15 13 14 12 11 9 10 5 15 10 10 15 22 19 64 7 6 5 4 3 2 1 0 0 0 0 0 0 0 0 0 0183 0 0 0 0 0 0 0 0 3 0 0 0 0 0 0 0 0 0 0 0 0 1 0 0 0 1 2 Resident A pplicants Non-Resident A pplicants 7 6 5 4 3 2 1 0 0N / A 0 0 1 0 0 0 1 5 N/ A N/A 1 in 10.0 N/A N/A N/A 1 in 64.0 1 in 36.6 Applicants # Permits # Permits # Permits SuccessEligible Bonus Regular Total 0 0 0 0 0 0 0 0 0 0 0 0 0 0 0 0 0 0 N/ A N/A N/A N/A N/A N/A N/A N/A N/A # Permits # Permits # Permits Bonus Regular Total Totals Total Applicants Eligible Total Totals Points PointsRatio Success Ratio 68 000 08 0N / A 00 N / A 30 00 09 0N / A 0 0N / A 60 00 01 0 0N / A 0 0N / A 40 00 01 1 0N / A 0 0N / A Bonus Bonus 2 0 2 1 in 1.5 12 0000 N / A3 1 0 1 1 in 1.0 13 0000 N / A1 000 N / A 14 0000 N / A0 000 N / A 15 0000 N / A0 000 N / A 16 0000 N / A0 000 N / A 17 0000 N / A0 000 N / A 18 0000 N / A0 000 N / A 19 0000 N / A0 000 N / A 20 0000 N / A0,42,2023_cougar_odds_report(1).pdf,NO,,,,,,,,,,NO,,MANUAL_REVIEW,No current/historical crosswalk match found in current_to_historical_hunt_code_crosswalk_2026.csv,MANUAL_CROSSWALK
CG7502,Cougar,20 19 18 17 16 15 13 14 12 11 9 10 10 26 17 21 19 48 49 92 7 6 5 4 3 2 1 0 0 0 3 2 3 2 0 8 25316 0 0 0 0 0 0 0 0 6 0 0 0 0 0 0 0 0 0 0 0 1 0 2 2 0 0 6 Resident A pplicants Non-Resident A pplicants 7 6 5 4 3 2 1 0 0N / A 0 1 0 2 2 0 0 12 N/ A 1 in 17.0 N/A 1 in 9.5 1 in 24.0 N/A N/A 1 in 26.3 Applicants # Permits # Permits # Permits SuccessEligible Bonus Regular Total 0 0 0 0 0 0 0 0 1 0 0 0 0 0 0 0 0 1 N/ A N/A N/A N/A N/A N/A N/A N/A 1 in 25.0 # Permits # Permits # Permits Bonus Regular Total Totals Total Applicants Eligible Total Totals Points PointsRatio Success Ratio 148 100 08 0N / A 00 N / A 60 00 19 1 1 in 6.0 0 0 N/ A 31 00 01 0 0 N/A 1 1 1 in 1.0 72 20 01 1 2 1 in 3.5 0 0 N/ A Bonus Bonus 3 0 3 1 in 1.0 12 0000 N / A3 1 0 1 1 in 1.0 13 2000 N / A1 000 N / A 14 1000 N / A0 000 N / A 15 0000 N / A0 000 N / A 16 0000 N / A0 000 N / A 17 0000 N / A0 000 N / A 18 0000 N / A0 000 N / A 19 0000 N / A0 000 N / A 20 0000 N / A0,42,2023_cougar_odds_report(1).pdf,NO,,,,,,,,,,NO,,MANUAL_REVIEW,No current/historical crosswalk match found in current_to_historical_hunt_code_crosswalk_2026.csv,MANUAL_CROSSWALK
CG7506,Cougar,20 19 18 17 16 15 13 14 12 11 9 10 35 33 43 55 72 105 122 297 7 6 5 4 3 2 1 0 1 1 6 8 3 10 8 24 65851 0 0 0 0 0 0 0 0 7 0 0 0 0 0 0 0 0 0 1 0 0 1 2 0 1 1 7 Resident A pplicants Non-Resident A pplicants 7 6 5 4 3 2 1 0 1 1 in 35.0 0 0 1 2 0 1 1 14 N/ A N/A 1 in 55.0 1 in 36.0 N/A 1 in 122.0 1 in 297.0 1 in 60.8 Applicants # Permits # Permits # Permits SuccessEligible Bonus Regular Total 0 0 0 0 0 0 0 1 1 0 0 0 0 0 0 0 1 1 N/ A N/A N/A N/A N/A N/A N/A 1 in 24.0 1 in 65.0 # Permits # Permits # Permits Bonus Regular Total Totals Total Applicants Eligible Total Totals Points PointsRatio Success Ratio 288 100 18 1 1 in 28.0 00 N / A 23 1 00 09 0N / A 0 0N / A 12 1 00 01 0 0N / A 0 0N / A 90 00 01 1 0N / A 0 0N / A Bonus Bonus 000 N / A 12 0000 N / A7 5 0 5 1 in 1.6 13 1000 N / A8 2 0 2 1 in 1.0 14 0000 N / A2 000 N / A 15 0000 N / A0 000 N / A 16 0000 N / A0 000 N / A 17 0000 N / A0 000 N / A 18 0000 N / A0 000 N / A 19 0000 N / A0 000 N / A 20 0000 N / A0,42,2023_cougar_odds_report(1).pdf,NO,,,,,,,,,,NO,,MANUAL_REVIEW,No current/historical crosswalk match found in current_to_historical_hunt_code_crosswalk_2026.csv,MANUAL_CROSSWALK
CG7602,Cougar,20 19 18 17 16 15 13 14 12 11 9 10 5 5 9 7 19 12 28 89 7 6 5 4 3 2 1 0 0 0 0 3 1 2 4 7 17182 0 0 0 0 0 0 0 0 5 0 0 0 0 0 0 0 0 0 1 1 1 0 1 0 0 1 5 Resident A pplicants Non-Resident A pplicants 7 6 5 4 3 2 1 0 1 1 in 5.0 1 1 0 1 0 0 1 10 1 in 5.0 1 in 9.0 N/A 1 in 19.0 N/A N/A 1 in 89.0 1 in 18.2 Applicants # Permits # Permits # Permits SuccessEligible Bonus Regular Total 0 0 0 1 0 0 0 0 1 0 0 0 1 0 0 0 0 1 N/ A N/A N/A 1 in 3.0 N/A N/A N/A N/A 1 in 17.0 # Permits # Permits # Permits Bonus Regular Total Totals Total Applicants Eligible Total Totals Points PointsRatio Success Ratio 58 020 08 2 1 in 2.5 00 N / A 00 00 09 0N / A 0 0N / A 00 00 01 0 0N / A 0 0N / A 10 10 01 1 1 1 in 1.0 0 0 N/ A Bonus Bonus 2 0 2 1 in 1.0 12 0000 N / A2 000 N / A 13 0000 N / A0 000 N / A 14 0000 N / A0 000 N / A 15 0000 N / A0 000 N / A 16 0000 N / A0 000 N / A 17 0000 N / A0 000 N / A 18 0000 N / A0 000 N / A 19 0000 N / A0 000 N / A 20 0000 N / A0,42,2023_cougar_odds_report(1).pdf,NO,,,,,,,,,,NO,,MANUAL_REVIEW,No current/historical crosswalk match found in current_to_historical_hunt_code_crosswalk_2026.csv,MANUAL_CROSSWALK
CG7603,Cougar,20 19 18 17 16 15 13 14 12 11 9 10 11 8 22 17 16 23 28 70 7 6 5 4 3 2 1 0 0 0 0 0 0 0 0 0 0224 0 0 0 0 0 0 0 0 5 0 0 0 0 0 0 0 0 0 1 0 0 2 0 1 0 0 4 Resident A pplicants Non-Resident A pplicants 7 6 5 4 3 2 1 0 1 1 in 11.0 0 0 2 0 1 0 0 9 N/ A N/A 1 in 8.5 N/A 1 in 23.0 N/A N/A 1 in 24.9 Applicants # Permits # Permits # Permits SuccessEligible Bonus Regular Total 0 0 0 0 0 0 0 0 0 0 0 0 0 0 0 0 0 0 N/ A N/A N/A N/A N/A N/A N/A N/A N/A # Permits # Permits # Permits Bonus Regular Total Totals Total Applicants Eligible Total Totals Points PointsRatio Success Ratio 88 000 08 0N / A 00 N / A 10 0 00 09 0N / A 0 0N / A 50 00 01 0 0N / A 0 0N / A 50 40 01 1 4 1 in 1.3 0 0 N/ A Bonus Bonus 1 0 1 1 in 1.0 12 0000 N / A1 000 N / A 13 0000 N / A0 000 N / A 14 0000 N / A0 000 N / A 15 0000 N / A0 000 N / A 16 0000 N / A0 000 N / A 17 0000 N / A0 000 N / A 18 0000 N / A0 000 N / A 19 0000 N / A0 000 N / A 20 0000 N / A0,42,2023_cougar_odds_report(1).pdf,NO,,,,,,,,,,NO,,MANUAL_REVIEW,No current/historical crosswalk match found in current_to_historical_hunt_code_crosswalk_2026.csv,MANUAL_CROSSWALK
CG7605,Cougar,20 19 18 17 16 15 13 14 12 11 9 10 14 31 33 29 47 64 77 205 7 6 5 4 3 2 1 0 0 1 3 1 6 1 3 15 33525 0 0 0 0 0 0 0 0 7 0 0 0 0 0 0 0 0 0 0 1 0 4 1 1 0 0 7 Resident A pplicants Non-Resident A pplicants 7 6 5 4 3 2 1 0 0N / A 1 0 4 1 1 0 0 14 1 in 31.0 N/A 1 in 7.3 1 in 47.0 1 in 64.0 N/A N/A 1 in 37.5 Applicants # Permits # Permits # Permits SuccessEligible Bonus Regular Total 0 0 0 0 0 0 0 0 1 0 0 0 0 0 0 0 0 1 N/ A N/A N/A N/A N/A N/A N/A N/A 1 in 33.0 # Permits # Permits # Permits Bonus Regular Total Totals Total Applicants Eligible Total Totals Points PointsRatio Success Ratio 128 000 08 0N / A 00 N / A 80 20 09 2 1 in 4.0 0 0 N/ A 11 10 01 0 1 1 in 1.0 1 1 1 in 1.0 10 10 01 1 1 1 in 1.0 0 0 N/ A Bonus Bonus 1 0 1 1 in 1.0 12 1000 N / A1 1 0 1 1 in 1.0 13 0000 N / A1 000 N / A 14 0000 N / A0 1 0 1 1 in 1.0 15 0000 N / A1 000 N / A 16 0000 N / A0 000 N / A 17 0000 N / A0 000 N / A 18 1000 N / A0 000 N / A 19 0000 N / A0 000 N / A 20 0000 N / A0,42,2023_cougar_odds_report(1).pdf,NO,,,,,,,,,,NO,,MANUAL_REVIEW,No current/historical crosswalk match found in current_to_historical_hunt_code_crosswalk_2026.csv,MANUAL_CROSSWALK
CG7610,Cougar,20 19 18 17 16 15 13 14 12 11 9 10 2 3 2 5 3 10 8 26 7 6 5 4 3 2 1 0 0 0 0 0 0 0 0 0 063 0 0 0 0 0 0 0 0 3 0 0 0 0 0 0 0 0 0 0 0 0 1 0 1 0 0 2 Resident A pplicants Non-Resident A pplicants 7 6 5 4 3 2 1 0 0N / A 0 0 1 0 1 0 0 5 N/ A N/A 1 in 5.0 N/A 1 in 10.0 N/A N/A 1 in 12.6 Applicants # Permits # Permits # Permits SuccessEligible Bonus Regular Total 0 0 0 0 0 0 0 0 0 0 0 0 0 0 0 0 0 0 N/ A N/A N/A N/A N/A N/A N/A N/A N/A # Permits # Permits # Permits Bonus Regular Total Totals Total Applicants Eligible Total Totals Points PointsRatio Success Ratio 28 010 08 1 1 in 2.0 00 N / A 00 00 09 0N / A 0 0N / A 10 10 01 0 1 1 in 1.0 0 0 N/ A 00 00 01 1 0N / A 0 0N / A Bonus Bonus 000 N / A 12 0000 N / A0 000 N / A 13 0000 N / A0 000 N / A 14 0000 N / A0 1 0 1 1 in 1.0 15 0000 N / A1 000 N / A 16 0000 N / A0 000 N / A 17 0000 N / A0 000 N / A 18 0000 N / A0 000 N / A 19 0000 N / A0 000 N / A 20 0000 N / A0,42,2023_cougar_odds_report(1).pdf,NO,,,,,,,,,,NO,,MANUAL_REVIEW,No current/historical crosswalk match found in current_to_historical_hunt_code_crosswalk_2026.csv,MANUAL_CROSSWALK
CG7612,Cougar,20 19 18 17 16 15 13 14 12 11 9 10 12 20 23 37 39 48 49 114 7 6 5 4 3 2 1 0 1 6 5 2 4 3 11 21 56350 2 0 0 0 0 0 0 0 10 0 0 0 0 0 0 0 0 1 0 1 1 3 1 1 2 1 10 Resident A pplicants Non-Resident A pplicants 7 6 5 4 3 2 1 0 2 1 in 6.0 1 1 3 1 1 2 1 20 1 in 20.0 1 in 23.0 1 in 12.3 1 in 39.0 1 in 48.0 1 in 24.5 1 in 114.0 1 in 17.5 Applicants # Permits # Permits # Permits SuccessEligible Bonus Regular Total 0 1 0 0 0 0 0 0 1 0 1 0 0 0 0 0 0 2 N/ A 1 in 6.0 N/A N/A N/A N/A N/A N/A 1 in 28.0 # Permits # Permits # Permits Bonus Regular Total Totals Total Applicants Eligible Total Totals Points PointsRatio Success Ratio 18 110 08 1 1 in 1.0 00 N / A 40 40 09 4 1 in 1.0 0 0 N/ A 11 10 01 0 1 1 in 1.0 0 0 N/ A 10 10 01 1 1 1 in 1.0 0 0 N/ A Bonus Bonus 000 N / A 12 0000 N / A0 1 0 1 1 in 1.0 13 0000 N / A1 000 N / A 14 0000 N / A0 000 N / A 15 0000 N / A0 000 N / A 16 0000 N / A0 000 N / A 17 0000 N / A0 000 N / A 18 1 1 0 1 1 in 1.00 000 N / A 19 0000 N / A0 000 N / A 20 0000 N / A0,42,2023_cougar_odds_report(1).pdf,NO,,,,,,,,,,NO,,MANUAL_REVIEW,No current/historical crosswalk match found in current_to_historical_hunt_code_crosswalk_2026.csv,MANUAL_CROSSWALK
DB1223,Deer,"Cwmu Buck Deer - Conover-jensen - Any Legal Weapon 2023 Draw 5, Big Game Bonus Point Draw Results 05/31/2023",62,2023 DEER ODDS(1).pdf,NO,,,,,,,,,,NO,,MANUAL_REVIEW,No current/historical crosswalk match found in current_to_historical_hunt_code_crosswalk_2026.csv,MANUAL_CROSSWALK
DB1278,Deer,"Cwmu Buck Deer - Powder Mountain - Any Legal Weapon 2023 Draw 5, Big Game Bonus Point Draw Results 05/31/2023",62,2023 DEER ODDS(1).pdf,NO,,,,,,,,,,NO,,MANUAL_REVIEW,No current/historical crosswalk match found in current_to_historical_hunt_code_crosswalk_2026.csv,MANUAL_CROSSWALK
DB1297,Deer,"Cwmu Buck Deer - Stillman Creek Ranch - Any Legal Weapon 2023 Draw 5, Big Game Bonus Point Draw Results 05/31/2023",62,2023 DEER ODDS(1).pdf,NO,,,,,,,,,,NO,,MANUAL_REVIEW,No current/historical crosswalk match found in current_to_historical_hunt_code_crosswalk_2026.csv,MANUAL_CROSSWALK
DB1307,Deer,"Cwmu Buck Deer - Weber Florence Creek - Any Legal Weapon 2023 Draw 5, Big Game Bonus Point Draw Results 05/31/2023",62,2023 DEER ODDS(1).pdf,NO,,,,,,,,,,NO,,MANUAL_REVIEW,No current/historical crosswalk match found in current_to_historical_hunt_code_crosswalk_2026.csv,MANUAL_CROSSWALK
DB1339,Deer,"Cwmu Buck Deer - Double J Valley - Any Legal Weapon 2023 Draw 5, Big Game Bonus Point Draw Results 05/31/2023",62,2023 DEER ODDS(1).pdf,NO,,,,,,,,,,NO,,MANUAL_REVIEW,No current/historical crosswalk match found in current_to_historical_hunt_code_crosswalk_2026.csv,MANUAL_CROSSWALK
DB1340,Deer,"Cwmu Buck Deer - Tunnel Hollow - Any Legal Weapon 2023 Draw 5, Big Game Bonus Point Draw Results 05/31/2023",62,2023 DEER ODDS(1).pdf,NO,,,,,,,,,,NO,,MANUAL_REVIEW,No current/historical crosswalk match found in current_to_historical_hunt_code_crosswalk_2026.csv,MANUAL_CROSSWALK
DB1500,Deer,"Beaver - Archery 05/30/2023; Beaver - Archery 2023 Draw 5, Big Game Bonus Point Draw Results 05/30/2023",132,2023 Lifetime general-season deer draw results(1).pdf; 2023 Youth general-season deer draw results(1).pdf; 2023 draw results General Season Deer Draw Odds(1).pdf,NO,,,,,,,,,,NO,,MANUAL_REVIEW,No current/historical crosswalk match found in current_to_historical_hunt_code_crosswalk_2026.csv,MANUAL_CROSSWALK
DB1515,Deer,"Oquirrh-stansbury - Archery 2023 Draw 5, Big Game Bonus Point Draw Results 05/30/2023",132,2023 Lifetime general-season deer draw results(1).pdf; 2023 Youth general-season deer draw results(1).pdf; 2023 draw results General Season Deer Draw Odds(1).pdf,NO,,,,,,,,,,NO,,MANUAL_REVIEW,No current/historical crosswalk match found in current_to_historical_hunt_code_crosswalk_2026.csv,MANUAL_CROSSWALK
DB1520,Deer,"Plateau, Thousand Lakes - Archery 2023 Draw 5, Big Game Bonus Point Draw Results 05/30/2023",132,2023 Lifetime general-season deer draw results(1).pdf; 2023 Youth general-season deer draw results(1).pdf; 2023 draw results General Season Deer Draw Odds(1).pdf,YES,HISTORICAL_TO_CURRENT_MATCH,LD1108,PREFIX_SWAP_LD_TO_DB,MEDIUM,prefix_swap_same_numeric,USE_EXACT_HUNT_CODE_HISTORY,PROMOTED_PREFIX_SWAP_CANDIDATE,data_model/harvest_quality/raw_packages/unknown_for_unknown_full_joined_harvest_backcheck_conservation_annual_per_row_corrected/full_joined_hunt_code_backcheck_2021_2026_conservation_annual_per_row.csv|data_model/harvest_quality/raw_packages/unknown_for_unknown_hunt_code_year_backcheck_outputs/hunt_code_backward_crosscheck_2026_from_harvest_history.csv|pipeline/RAW/hunt_unit_database/2026/csv/DATABASE.csv,mapping_status=; relationship=PREFIX_SWAP_LD_TO_DB; method=prefix_swap_same_numeric; confidence=MEDIUM; recommended_model_behavior=USE_EXACT_HUNT_CODE_HISTORY; crosswalk_status=PROMOTED_PREFIX_SWAP_CANDIDATE; backcheck_reason=POSSIBLE_RENAME_OR_SPLIT_MERGE; data_quality_grade=B.,NO,,CROSSWALK_MATCH,Matched via HISTORICAL_TO_CURRENT_MATCH: PREFIX_SWAP_LD_TO_DB; confidence=MEDIUM,SUPPLEMENT/CROSSWALK
DB1527,Deer,"West Desert, Tintic - Archery 2023 Draw 5, Big Game Bonus Point Draw Results 05/30/2023",132,2023 Lifetime general-season deer draw results(1).pdf; 2023 Youth general-season deer draw results(1).pdf; 2023 draw results General Season Deer Draw Odds(1).pdf,NO,,,,,,,,,,NO,,MANUAL_REVIEW,No current/historical crosswalk match found in current_to_historical_hunt_code_crosswalk_2026.csv,MANUAL_CROSSWALK
DB1528,Deer,"West Desert, West - Archery 2023 Draw 5, Big Game Bonus Point Draw Results 05/30/2023",88,2023 Lifetime general-season deer draw results(1).pdf; 2023 draw results General Season Deer Draw Odds(1).pdf,NO,,,,,,,,,,NO,,MANUAL_REVIEW,No current/historical crosswalk match found in current_to_historical_hunt_code_crosswalk_2026.csv,MANUAL_CROSSWALK
DB1530,Deer,"Beaver - Any Legal Weapon 2023 Draw 5, Big Game Bonus Point Draw Results 05/30/2023",132,2023 Lifetime general-season deer draw results(1).pdf; 2023 Youth general-season deer draw results(1).pdf; 2023 draw results General Season Deer Draw Odds(1).pdf,NO,,,,,,,,,,NO,,MANUAL_REVIEW,No current/historical crosswalk match found in current_to_historical_hunt_code_crosswalk_2026.csv,MANUAL_CROSSWALK
DB1532,Deer,"Cache - Any Legal Weapon 2023 Draw 5, Big Game Bonus Point Draw Results 05/30/2023",132,2023 Lifetime general-season deer draw results(1).pdf; 2023 Youth general-season deer draw results(1).pdf; 2023 draw results General Season Deer Draw Odds(1).pdf,NO,,,,,,,,,,NO,,MANUAL_REVIEW,No current/historical crosswalk match found in current_to_historical_hunt_code_crosswalk_2026.csv,MANUAL_CROSSWALK
DB1545,Deer,"Oquirrh-stansbury - Any Legal Weapon 2023 Draw 5, Big Game Bonus Point Draw Results 05/30/2023",132,2023 Lifetime general-season deer draw results(1).pdf; 2023 Youth general-season deer draw results(1).pdf; 2023 draw results General Season Deer Draw Odds(1).pdf,NO,,,,,,,,,,NO,,MANUAL_REVIEW,No current/historical crosswalk match found in current_to_historical_hunt_code_crosswalk_2026.csv,MANUAL_CROSSWALK
DB1548,Deer,"Plateau, Boulder/kaiparowits - Any Legal Weapon 2023 Draw 5, Big Game Bonus Point Draw Results 05/30/2023",132,2023 Lifetime general-season deer draw results(1).pdf; 2023 Youth general-season deer draw results(1).pdf; 2023 draw results General Season Deer Draw Odds(1).pdf,NO,,,,,,,,,,NO,,MANUAL_REVIEW,No current/historical crosswalk match found in current_to_historical_hunt_code_crosswalk_2026.csv,MANUAL_CROSSWALK
DB1550,Deer,"Plateau, Thousand Lakes - Any Legal Weapon 2023 Draw 5, Big Game Bonus Point Draw Results 05/30/2023",132,2023 Lifetime general-season deer draw results(1).pdf; 2023 Youth general-season deer draw results(1).pdf; 2023 draw results General Season Deer Draw Odds(1).pdf,YES,HISTORICAL_TO_CURRENT_MATCH,LD1108,PREFIX_SWAP_LD_TO_DB,MEDIUM,prefix_swap_same_numeric,USE_EXACT_HUNT_CODE_HISTORY,PROMOTED_PREFIX_SWAP_CANDIDATE,data_model/harvest_quality/raw_packages/unknown_for_unknown_full_joined_harvest_backcheck_conservation_annual_per_row_corrected/full_joined_hunt_code_backcheck_2021_2026_conservation_annual_per_row.csv|data_model/harvest_quality/raw_packages/unknown_for_unknown_hunt_code_year_backcheck_outputs/hunt_code_backward_crosscheck_2026_from_harvest_history.csv|pipeline/RAW/hunt_unit_database/2026/csv/DATABASE.csv,mapping_status=; relationship=PREFIX_SWAP_LD_TO_DB; method=prefix_swap_same_numeric; confidence=MEDIUM; recommended_model_behavior=USE_EXACT_HUNT_CODE_HISTORY; crosswalk_status=PROMOTED_PREFIX_SWAP_CANDIDATE; backcheck_reason=POSSIBLE_RENAME_OR_SPLIT_MERGE; data_quality_grade=B.,NO,,CROSSWALK_MATCH,Matched via HISTORICAL_TO_CURRENT_MATCH: PREFIX_SWAP_LD_TO_DB; confidence=MEDIUM,SUPPLEMENT/CROSSWALK
DB1557,Deer,"West Desert, Tintic - Any Legal Weapon 2023 Draw 5, Big Game Bonus Point Draw Results 05/30/2023",132,2023 Lifetime general-season deer draw results(1).pdf; 2023 Youth general-season deer draw results(1).pdf; 2023 draw results General Season Deer Draw Odds(1).pdf,NO,,,,,,,,,,NO,,MANUAL_REVIEW,No current/historical crosswalk match found in current_to_historical_hunt_code_crosswalk_2026.csv,MANUAL_CROSSWALK
DB1558,Deer,"West Desert, West - Any Legal Weapon 2023 Draw 5, Big Game Bonus Point Draw Results 05/30/2023",132,2023 Lifetime general-season deer draw results(1).pdf; 2023 Youth general-season deer draw results(1).pdf; 2023 draw results General Season Deer Draw Odds(1).pdf,NO,,,,,,,,,,NO,,MANUAL_REVIEW,No current/historical crosswalk match found in current_to_historical_hunt_code_crosswalk_2026.csv,MANUAL_CROSSWALK
DB1560,Deer,"Beaver - Muzzleloader 2023 Draw 5, Big Game Bonus Point Draw Results 05/30/2023",132,2023 Lifetime general-season deer draw results(1).pdf; 2023 Youth general-season deer draw results(1).pdf; 2023 draw results General Season Deer Draw Odds(1).pdf,NO,,,,,,,,,,NO,,MANUAL_REVIEW,No current/historical crosswalk match found in current_to_historical_hunt_code_crosswalk_2026.csv,MANUAL_CROSSWALK
DB1562,Deer,"Cache - Muzzleloader 2023 Draw 5, Big Game Bonus Point Draw Results 05/30/2023",132,2023 Lifetime general-season deer draw results(1).pdf; 2023 Youth general-season deer draw results(1).pdf; 2023 draw results General Season Deer Draw Odds(1).pdf,NO,,,,,,,,,,NO,,MANUAL_REVIEW,No current/historical crosswalk match found in current_to_historical_hunt_code_crosswalk_2026.csv,MANUAL_CROSSWALK
DB1575,Deer,"Oquirrh-stansbury - Muzzleloader 2023 Draw 5, Big Game Bonus Point Draw Results 05/30/2023",132,2023 Lifetime general-season deer draw results(1).pdf; 2023 Youth general-season deer draw results(1).pdf; 2023 draw results General Season Deer Draw Odds(1).pdf,NO,,,,,,,,,,NO,,MANUAL_REVIEW,No current/historical crosswalk match found in current_to_historical_hunt_code_crosswalk_2026.csv,MANUAL_CROSSWALK
DB1578,Deer,"Plateau, Boulder/kaiparowits - Muzzleloader 2023 Draw 5, Big Game Bonus Point Draw Results 05/30/2023",132,2023 Lifetime general-season deer draw results(1).pdf; 2023 Youth general-season deer draw results(1).pdf; 2023 draw results General Season Deer Draw Odds(1).pdf,NO,,,,,,,,,,NO,,MANUAL_REVIEW,No current/historical crosswalk match found in current_to_historical_hunt_code_crosswalk_2026.csv,MANUAL_CROSSWALK
DB1580,Deer,"Plateau, Thousand Lakes - Muzzleloader 2023 Draw 5, Big Game Bonus Point Draw Results 05/30/2023",132,2023 Lifetime general-season deer draw results(1).pdf; 2023 Youth general-season deer draw results(1).pdf; 2023 draw results General Season Deer Draw Odds(1).pdf,YES,HISTORICAL_TO_CURRENT_MATCH,LD1108,PREFIX_SWAP_LD_TO_DB,MEDIUM,prefix_swap_same_numeric,USE_EXACT_HUNT_CODE_HISTORY,PROMOTED_PREFIX_SWAP_CANDIDATE,data_model/harvest_quality/raw_packages/unknown_for_unknown_full_joined_harvest_backcheck_conservation_annual_per_row_corrected/full_joined_hunt_code_backcheck_2021_2026_conservation_annual_per_row.csv|data_model/harvest_quality/raw_packages/unknown_for_unknown_hunt_code_year_backcheck_outputs/hunt_code_backward_crosscheck_2026_from_harvest_history.csv|pipeline/RAW/hunt_unit_database/2026/csv/DATABASE.csv,mapping_status=; relationship=PREFIX_SWAP_LD_TO_DB; method=prefix_swap_same_numeric; confidence=MEDIUM; recommended_model_behavior=USE_EXACT_HUNT_CODE_HISTORY; crosswalk_status=PROMOTED_PREFIX_SWAP_CANDIDATE; backcheck_reason=POSSIBLE_RENAME_OR_SPLIT_MERGE; data_quality_grade=B.,NO,,CROSSWALK_MATCH,Matched via HISTORICAL_TO_CURRENT_MATCH: PREFIX_SWAP_LD_TO_DB; confidence=MEDIUM,SUPPLEMENT/CROSSWALK
DB1587,Deer,"West Desert, Tintic - Muzzleloader 2023 Draw 5, Big Game Bonus Point Draw Results 05/30/2023",132,2023 Lifetime general-season deer draw results(1).pdf; 2023 Youth general-season deer draw results(1).pdf; 2023 draw results General Season Deer Draw Odds(1).pdf,NO,,,,,,,,,,NO,,MANUAL_REVIEW,No current/historical crosswalk match found in current_to_historical_hunt_code_crosswalk_2026.csv,MANUAL_CROSSWALK
DB1588,Deer,"West Desert, West - Muzzleloader 2023 Draw 5, Big Game Bonus Point Draw Results 05/30/2023",132,2023 Lifetime general-season deer draw results(1).pdf; 2023 Youth general-season deer draw results(1).pdf; 2023 draw results General Season Deer Draw Odds(1).pdf,NO,,,,,,,,,,NO,,MANUAL_REVIEW,No current/historical crosswalk match found in current_to_historical_hunt_code_crosswalk_2026.csv,MANUAL_CROSSWALK
DB1769,Deer,"Beaver - Any Legal Weapon 2023 Draw 5, Big Game Bonus Point Draw Results 05/30/2023; Beaver - Any Legal Weapon 2023 Draw 5, Big Game Bonus Point Draw Results 05/31/2023",84,2023 _Dedicated Hunter deer draw results(1).pdf; 23_youth_dh_odds(1).pdf,NO,,,,,,,,,,NO,,MANUAL_REVIEW,No current/historical crosswalk match found in current_to_historical_hunt_code_crosswalk_2026.csv,MANUAL_CROSSWALK
DB1784,Deer,"Oquirrh-stansbury - Any Legal Weapon 2023 Draw 5, Big Game Bonus Point Draw Results 05/30/2023; Oquirrh-stansbury - Any Legal Weapon 2023 Draw 5, Big Game Bonus Point Draw Results 05/31/2023",84,2023 _Dedicated Hunter deer draw results(1).pdf; 23_youth_dh_odds(1).pdf,NO,,,,,,,,,,NO,,MANUAL_REVIEW,No current/historical crosswalk match found in current_to_historical_hunt_code_crosswalk_2026.csv,MANUAL_CROSSWALK
DB1789,Deer,"Plateau, Thousand Lakes - Any Legal Weapon 2023 Draw 5, Big Game Bonus Point Draw Results 05/31/2023",42,2023 _Dedicated Hunter deer draw results(1).pdf,YES,HISTORICAL_TO_CURRENT_MATCH,LD1108,PREFIX_SWAP_LD_TO_DB,MEDIUM,prefix_swap_same_numeric,USE_EXACT_HUNT_CODE_HISTORY,PROMOTED_PREFIX_SWAP_CANDIDATE,data_model/harvest_quality/raw_packages/unknown_for_unknown_full_joined_harvest_backcheck_conservation_annual_per_row_corrected/full_joined_hunt_code_backcheck_2021_2026_conservation_annual_per_row.csv|data_model/harvest_quality/raw_packages/unknown_for_unknown_hunt_code_year_backcheck_outputs/hunt_code_backward_crosscheck_2026_from_harvest_history.csv|pipeline/RAW/hunt_unit_database/2026/csv/DATABASE.csv,mapping_status=; relationship=PREFIX_SWAP_LD_TO_DB; method=prefix_swap_same_numeric; confidence=MEDIUM; recommended_model_behavior=USE_EXACT_HUNT_CODE_HISTORY; crosswalk_status=PROMOTED_PREFIX_SWAP_CANDIDATE; backcheck_reason=POSSIBLE_RENAME_OR_SPLIT_MERGE; data_quality_grade=B.,NO,,CROSSWALK_MATCH,Matched via HISTORICAL_TO_CURRENT_MATCH: PREFIX_SWAP_LD_TO_DB; confidence=MEDIUM,SUPPLEMENT/CROSSWALK
DB1796,Deer,"West Desert, Tintic - Any Legal Weapon 2023 Draw 5, Big Game Bonus Point Draw Results 05/30/2023; West Desert, Tintic - Any Legal Weapon 2023 Draw 5, Big Game Bonus Point Draw Results 05/31/2023",84,2023 _Dedicated Hunter deer draw results(1).pdf; 23_youth_dh_odds(1).pdf,NO,,,,,,,,,,NO,,MANUAL_REVIEW,No current/historical crosswalk match found in current_to_historical_hunt_code_crosswalk_2026.csv,MANUAL_CROSSWALK
DB1797,Deer,"West Desert, West - Any Legal Weapon 2023 Draw 5, Big Game Bonus Point Draw Results 05/31/2023",42,2023 _Dedicated Hunter deer draw results(1).pdf,NO,,,,,,,,,,NO,,MANUAL_REVIEW,No current/historical crosswalk match found in current_to_historical_hunt_code_crosswalk_2026.csv,MANUAL_CROSSWALK
EA1009,Antlerless Elk,15 13 14 12 11 9 10 0 0 0 0 0 3 23 83 7 6 5 4 3 2 1 0 0 0 0 0 0 0 0 0 0109 0 0 0 0 0 0 0 0 0 0 0 0 0 0 0 0 0 0 0 0 0 0 0 3 23 54 80 Resident A pplicants Non-Resident A pplicants 7 6 5 4 3 2 1 0 0N / A 0 0 0 0 3 23 54 80 N/ A N/A N/A N/A 1 in 1.0 1 in 1.0 1 in 1.5 1 in 1.4 Applicants # Permits # Permits # Permits SuccessEligible Bonus Regular Total 0 0 0 0 0 0 0 0 0 0 0 0 0 0 0 0 0 0 N/ A N/A N/A N/A N/A N/A N/A N/A N/A # Permits # Permits # Permits Bonus Regular Total Totals Total Applicants Eligible Total Totals Points PointsRatio Success Ratio 08 000 08 0N / A 00 N / A 00 00 09 0N / A 0 0N / A 00 00 01 0 0N / A 0 0N / A 00 00 01 1 0N / A 0 0N / A Preference Preference 000 N / A 12 0000 N / A0 000 N / A 13 0000 N / A0 000 N / A 14 0000 N / A0 000 N / A 1 50000 N / A0; 17 16 15 13 14 12 11 9 10 0 0 2 10 79 258 342 427 7 6 5 4 3 2 1 0 0 0 0 0 1 0 18 34 531118 0 0 0 0 0 0 0 0 0 0 0 0 0 0 0 0 0 0 0 0 2 10 79 197 0 0 288 Resident A pplicants Non-Resident A pplicants 7 6 5 4 3 2 1 0 0N / A 0 2 10 79 197 0 0 288 N/ A 1 in 1.0 1 in 1.0 1 in 1.0 1 in 1.3 N/A N/A 1 in 3.9 Applicants # Permits # Permits # Permits SuccessEligible Bonus Regular Total 0 0 0 0 1 0 15 16 32 0 0 0 0 1 0 15 16 32 N/ A N/A N/A N/A 1 in 1.0 N/A 1 in 1.2 1 in 2.1 1 in 1.7 # Permits # Permits # Permits Bonus Regular Total Totals Total Applicants Eligible Total Totals Points PointsRatio Success Ratio 08 000 08 0N / A 00 N / A 00 00 09 0N / A 0 0N / A 00 00 01 0 0N / A 0 0N / A 00 00 01 1 0N / A 0 0N / A Preference Preference 000 N / A 12 0000 N / A0 000 N / A 13 0000 N / A0 000 N / A 14 0000 N / A0 000 N / A 1 50000 N / A0 000 N / A 1 60000 N / A0 000 N / A 1 70000 N / A0,68,2023 Antlerless big game draw results(1).pdf; 2023 Youth antlerless big game draw results(1).pdf,NO,,,,,,,,,,NO,,MANUAL_REVIEW,No current/historical crosswalk match found in current_to_historical_hunt_code_crosswalk_2026.csv,MANUAL_CROSSWALK
EA1052,Antlerless Elk,15 13 14 12 11 9 10 0 0 0 0 0 0 2 24 7 6 5 4 3 2 1 0 0 0 0 0 0 0 0 3 326 0 0 0 0 0 0 0 0 0 0 0 0 0 0 0 0 0 0 0 0 0 0 0 0 2 24 26 Resident A pplicants Non-Resident A pplicants 7 6 5 4 3 2 1 0 0N / A 0 0 0 0 0 2 24 26 N/ A N/A N/A N/A N/A 1 in 1.0 1 in 1.0 1 in 1.0 Applicants # Permits # Permits # Permits SuccessEligible Bonus Regular Total 0 0 0 0 0 0 0 3 3 0 0 0 0 0 0 0 3 3 N/ A N/A N/A N/A N/A N/A N/A 1 in 1.0 1 in 1.0 # Permits # Permits # Permits Bonus Regular Total Totals Total Applicants Eligible Total Totals Points PointsRatio Success Ratio 08 000 08 0N / A 00 N / A 00 00 09 0N / A 0 0N / A 00 00 01 0 0N / A 0 0N / A 00 00 01 1 0N / A 0 0N / A Preference Preference 000 N / A 12 0000 N / A0 000 N / A 13 0000 N / A0 000 N / A 14 0000 N / A0 000 N / A 1 50000 N / A0; 17 16 15 13 14 12 11 9 10 0 0 0 2 3 9 68 195 7 6 5 4 3 2 1 0 0 0 0 0 0 1 1 38 40277 0 0 0 0 0 0 0 0 0 0 0 0 0 0 0 0 0 0 0 0 0 2 3 9 68 116 198 Resident A pplicants Non-Resident A pplicants 7 6 5 4 3 2 1 0 0N / A 0 0 2 3 9 68 116 198 N/ A N/A 1 in 1.0 1 in 1.0 1 in 1.0 1 in 1.0 1 in 1.7 1 in 1.4 Applicants # Permits # Permits # Permits SuccessEligible Bonus Regular Total 0 0 0 0 0 1 1 20 22 0 0 0 0 0 1 1 20 22 N/ A N/A N/A N/A N/A 1 in 1.0 1 in 1.0 1 in 1.9 1 in 1.8 # Permits # Permits # Permits Bonus Regular Total Totals Total Applicants Eligible Total Totals Points PointsRatio Success Ratio 08 000 08 0N / A 00 N / A 00 00 09 0N / A 0 0N / A 00 00 01 0 0N / A 0 0N / A 00 00 01 1 0N / A 0 0N / A Preference Preference 000 N / A 12 0000 N / A0 000 N / A 13 0000 N / A0 000 N / A 14 0000 N / A0 000 N / A 1 50000 N / A0 000 N / A 1 60000 N / A0 000 N / A 1 70000 N / A0,68,2023 Antlerless big game draw results(1).pdf; 2023 Youth antlerless big game draw results(1).pdf,NO,,,,,,,,,,NO,,MANUAL_REVIEW,No current/historical crosswalk match found in current_to_historical_hunt_code_crosswalk_2026.csv,MANUAL_CROSSWALK
EA1091,Antlerless Elk,15 13 14 12 11 9 10 0 0 0 0 0 0 0 5 7 6 5 4 3 2 1 0 0 0 0 0 0 0 0 0 05 0 0 0 0 0 0 0 0 0 0 0 0 0 0 0 0 0 0 0 0 0 0 0 0 0 5 5 Resident A pplicants Non-Resident A pplicants 7 6 5 4 3 2 1 0 0N / A 0 0 0 0 0 0 5 5 N/ A N/A N/A N/A N/A N/A 1 in 1.0 1 in 1.0 Applicants # Permits # Permits # Permits SuccessEligible Bonus Regular Total 0 0 0 0 0 0 0 0 0 0 0 0 0 0 0 0 0 0 N/ A N/A N/A N/A N/A N/A N/A N/A N/A # Permits # Permits # Permits Bonus Regular Total Totals Total Applicants Eligible Total Totals Points PointsRatio Success Ratio 08 000 08 0N / A 00 N / A 00 00 09 0N / A 0 0N / A 00 00 01 0 0N / A 0 0N / A 00 00 01 1 0N / A 0 0N / A Preference Preference 000 N / A 12 0000 N / A0 000 N / A 13 0000 N / A0 000 N / A 14 0000 N / A0 000 N / A 1 50000 N / A0; 17 16 15 13 14 12 11 9 10 0 0 0 0 4 8 26 30 7 6 5 4 3 2 1 0 0 0 0 0 0 0 3 0 368 0 0 0 0 0 0 0 0 0 0 0 0 0 0 0 0 0 0 0 0 0 0 4 8 24 0 36 Resident A pplicants Non-Resident A pplicants 7 6 5 4 3 2 1 0 0N / A 0 0 0 4 8 24 0 36 N/ A N/A N/A 1 in 1.0 1 in 1.0 1 in 1.1 N/A 1 in 1.9 Applicants # Permits # Permits # Permits SuccessEligible Bonus Regular Total 0 0 0 0 0 0 3 0 3 0 0 0 0 0 0 3 0 3 N/ A N/A N/A N/A N/A N/A 1 in 1.0 N/A 1 in 1.0 # Permits # Permits # Permits Bonus Regular Total Totals Total Applicants Eligible Total Totals Points PointsRatio Success Ratio 08 000 08 0N / A 00 N / A 00 00 09 0N / A 0 0N / A 00 00 01 0 0N / A 0 0N / A 00 00 01 1 0N / A 0 0N / A Preference Preference 000 N / A 12 0000 N / A0 000 N / A 13 0000 N / A0 000 N / A 14 0000 N / A0 000 N / A 1 50000 N / A0 000 N / A 1 60000 N / A0 000 N / A 1 70000 N / A0,68,2023 Antlerless big game draw results(1).pdf; 2023 Youth antlerless big game draw results(1).pdf,NO,,,,,,,,,,NO,,MANUAL_REVIEW,No current/historical crosswalk match found in current_to_historical_hunt_code_crosswalk_2026.csv,MANUAL_CROSSWALK
EA1098,Antlerless Elk,15 13 14 12 11 9 10 0 0 0 0 0 0 1 12 7 6 5 4 3 2 1 0 0 0 0 0 0 0 0 0 013 0 0 0 0 0 0 0 0 0 0 0 0 0 0 0 0 0 0 0 0 0 0 0 0 1 12 13 Resident A pplicants Non-Resident A pplicants 7 6 5 4 3 2 1 0 0N / A 0 0 0 0 0 1 12 13 N/ A N/A N/A N/A N/A 1 in 1.0 1 in 1.0 1 in 1.0 Applicants # Permits # Permits # Permits SuccessEligible Bonus Regular Total 0 0 0 0 0 0 0 0 0 0 0 0 0 0 0 0 0 0 N/ A N/A N/A N/A N/A N/A N/A N/A N/A # Permits # Permits # Permits Bonus Regular Total Totals Total Applicants Eligible Total Totals Points PointsRatio Success Ratio 08 000 08 0N / A 00 N / A 00 00 09 0N / A 0 0N / A 00 00 01 0 0N / A 0 0N / A 00 00 01 1 0N / A 0 0N / A Preference Preference 000 N / A 12 0000 N / A0 000 N / A 13 0000 N / A0 000 N / A 14 0000 N / A0 000 N / A 1 50000 N / A0; 17 16 15 13 14 12 11 9 10 0 0 1 1 11 16 55 77 7 6 5 4 3 2 1 0 0 0 0 0 0 0 2 14 16161 0 0 0 0 0 0 0 0 0 0 0 0 0 0 0 0 0 0 0 0 1 1 11 16 25 0 54 Resident A pplicants Non-Resident A pplicants 7 6 5 4 3 2 1 0 0N / A 0 1 1 11 16 25 0 54 N/ A 1 in 1.0 1 in 1.0 1 in 1.0 1 in 1.0 1 in 2.2 N/A 1 in 3.0 Applicants # Permits # Permits # Permits SuccessEligible Bonus Regular Total 0 0 0 0 0 0 1 6 7 0 0 0 0 0 0 1 6 7 N/ A N/A N/A N/A N/A N/A 1 in 2.0 1 in 2.3 1 in 2.3 # Permits # Permits # Permits Bonus Regular Total Totals Total Applicants Eligible Total Totals Points PointsRatio Success Ratio 08 000 08 0N / A 00 N / A 00 00 09 0N / A 0 0N / A 00 00 01 0 0N / A 0 0N / A 00 00 01 1 0N / A 0 0N / A Preference Preference 000 N / A 12 0000 N / A0 000 N / A 13 0000 N / A0 000 N / A 14 0000 N / A0 000 N / A 1 50000 N / A0 000 N / A 1 60000 N / A0 000 N / A 1 70000 N / A0,68,2023 Antlerless big game draw results(1).pdf; 2023 Youth antlerless big game draw results(1).pdf,NO,,,,,,,,,,NO,,MANUAL_REVIEW,No current/historical crosswalk match found in current_to_historical_hunt_code_crosswalk_2026.csv,MANUAL_CROSSWALK
EA1099,Antlerless Elk,15 13 14 12 11 9 10 0 0 0 0 0 0 3 12 7 6 5 4 3 2 1 0 0 0 0 0 0 0 0 0 015 0 0 0 0 0 0 0 0 0 0 0 0 0 0 0 0 0 0 0 0 0 0 0 0 3 11 14 Resident A pplicants Non-Resident A pplicants 7 6 5 4 3 2 1 0 0N / A 0 0 0 0 0 3 11 14 N/ A N/A N/A N/A N/A 1 in 1.0 1 in 1.1 1 in 1.1 Applicants # Permits # Permits # Permits SuccessEligible Bonus Regular Total 0 0 0 0 0 0 0 0 0 0 0 0 0 0 0 0 0 0 N/ A N/A N/A N/A N/A N/A N/A N/A N/A # Permits # Permits # Permits Bonus Regular Total Totals Total Applicants Eligible Total Totals Points PointsRatio Success Ratio 08 000 08 0N / A 00 N / A 00 00 09 0N / A 0 0N / A 00 00 01 0 0N / A 0 0N / A 00 00 01 1 0N / A 0 0N / A Preference Preference 000 N / A 12 0000 N / A0 000 N / A 13 0000 N / A0 000 N / A 14 0000 N / A0 000 N / A 1 50000 N / A0; 17 16 15 13 14 12 11 9 10 0 0 0 0 2 19 43 42 7 6 5 4 3 2 1 0 0 0 0 0 0 0 1 7 8106 0 0 0 0 0 0 0 0 0 0 0 0 0 0 0 0 0 0 0 0 0 0 2 19 33 0 54 Resident A pplicants Non-Resident A pplicants 7 6 5 4 3 2 1 0 0N / A 0 0 0 2 19 33 0 54 N/ A N/A N/A 1 in 1.0 1 in 1.0 1 in 1.3 N/A 1 in 2.0 Applicants # Permits # Permits # Permits SuccessEligible Bonus Regular Total 0 0 0 0 0 0 1 6 7 0 0 0 0 0 0 1 6 7 N/ A N/A N/A N/A N/A N/A 1 in 1.0 1 in 1.2 1 in 1.1 # Permits # Permits # Permits Bonus Regular Total Totals Total Applicants Eligible Total Totals Points PointsRatio Success Ratio 08 000 08 0N / A 00 N / A 00 00 09 0N / A 0 0N / A 00 00 01 0 0N / A 0 0N / A 00 00 01 1 0N / A 0 0N / A Preference Preference 000 N / A 12 0000 N / A0 000 N / A 13 0000 N / A0 000 N / A 14 0000 N / A0 000 N / A 1 50000 N / A0 000 N / A 1 60000 N / A0 000 N / A 1 70000 N / A0,68,2023 Antlerless big game draw results(1).pdf; 2023 Youth antlerless big game draw results(1).pdf,NO,,,,,,,,,,NO,,MANUAL_REVIEW,No current/historical crosswalk match found in current_to_historical_hunt_code_crosswalk_2026.csv,MANUAL_CROSSWALK
EA1100,Antlerless Elk,15 13 14 12 11 9 10 0 0 0 0 0 0 0 8 7 6 5 4 3 2 1 0 0 0 0 0 0 0 0 0 08 0 0 0 0 0 0 0 0 0 0 0 0 0 0 0 0 0 0 0 0 0 0 0 0 0 8 8 Resident A pplicants Non-Resident A pplicants 7 6 5 4 3 2 1 0 0N / A 0 0 0 0 0 0 8 8 N/ A N/A N/A N/A N/A N/A 1 in 1.0 1 in 1.0 Applicants # Permits # Permits # Permits SuccessEligible Bonus Regular Total 0 0 0 0 0 0 0 0 0 0 0 0 0 0 0 0 0 0 N/ A N/A N/A N/A N/A N/A N/A N/A N/A # Permits # Permits # Permits Bonus Regular Total Totals Total Applicants Eligible Total Totals Points PointsRatio Success Ratio 08 000 08 0N / A 00 N / A 00 00 09 0N / A 0 0N / A 00 00 01 0 0N / A 0 0N / A 00 00 01 1 0N / A 0 0N / A Preference Preference 000 N / A 12 0000 N / A0 000 N / A 13 0000 N / A0 000 N / A 14 0000 N / A0 000 N / A 1 50000 N / A0; 17 16 15 13 14 12 11 9 10 0 0 0 0 1 1 20 39 7 6 5 4 3 2 1 0 0 0 0 0 0 0 0 4 461 0 0 0 0 0 0 0 0 0 0 0 0 0 0 0 0 0 0 0 0 0 0 1 1 20 35 57 Resident A pplicants Non-Resident A pplicants 7 6 5 4 3 2 1 0 0N / A 0 0 0 1 1 20 35 57 N/ A N/A N/A 1 in 1.0 1 in 1.0 1 in 1.0 1 in 1.1 1 in 1.1 Applicants # Permits # Permits # Permits SuccessEligible Bonus Regular Total 0 0 0 0 0 0 0 4 4 0 0 0 0 0 0 0 4 4 N/ A N/A N/A N/A N/A N/A N/A 1 in 1.0 1 in 1.0 # Permits # Permits # Permits Bonus Regular Total Totals Total Applicants Eligible Total Totals Points PointsRatio Success Ratio 08 000 08 0N / A 00 N / A 00 00 09 0N / A 0 0N / A 00 00 01 0 0N / A 0 0N / A 00 00 01 1 0N / A 0 0N / A Preference Preference 000 N / A 12 0000 N / A0 000 N / A 13 0000 N / A0 000 N / A 14 0000 N / A0 000 N / A 1 50000 N / A0 000 N / A 1 60000 N / A0 000 N / A 1 70000 N / A0,68,2023 Antlerless big game draw results(1).pdf; 2023 Youth antlerless big game draw results(1).pdf,NO,,,,,,,,,,NO,,MANUAL_REVIEW,No current/historical crosswalk match found in current_to_historical_hunt_code_crosswalk_2026.csv,MANUAL_CROSSWALK
EA1144,Antlerless Elk,17 16 15 13 14 12 11 9 10 0 0 0 0 0 0 2 4 7 6 5 4 3 2 1 0 0 0 0 0 0 0 0 0 06 0 0 0 0 0 0 0 0 0 0 0 0 0 0 0 0 0 0 0 0 0 0 0 0 2 4 6 Resident A pplicants Non-Resident A pplicants 7 6 5 4 3 2 1 0 0N / A 0 0 0 0 0 2 4 6 N/ A N/A N/A N/A N/A 1 in 1.0 1 in 1.0 1 in 1.0 Applicants # Permits # Permits # Permits SuccessEligible Bonus Regular Total 0 0 0 0 0 0 0 0 0 0 0 0 0 0 0 0 0 0 N/ A N/A N/A N/A N/A N/A N/A N/A N/A # Permits # Permits # Permits Bonus Regular Total Totals Total Applicants Eligible Total Totals Points PointsRatio Success Ratio 08 000 08 0N / A 00 N / A 00 00 09 0N / A 0 0N / A 00 00 01 0 0N / A 0 0N / A 00 00 01 1 0N / A 0 0N / A Preference Preference 000 N / A 12 0000 N / A0 000 N / A 13 0000 N / A0 000 N / A 14 0000 N / A0 000 N / A 1 50000 N / A0 000 N / A 1 60000 N / A0 000 N / A 1 70000 N / A0,36,2023 Antlerless big game draw results(1).pdf,NO,,,,,,,,,,NO,,MANUAL_REVIEW,No current/historical crosswalk match found in current_to_historical_hunt_code_crosswalk_2026.csv,MANUAL_CROSSWALK
EA1155,Antlerless Elk,17 16 15 13 14 12 11 9 10 0 0 0 0 1 1 2 1 7 6 5 4 3 2 1 0 0 0 0 0 0 0 0 0 05 0 0 0 0 0 0 0 0 0 0 0 0 0 0 0 0 0 0 0 0 0 0 1 0 0 0 1 Resident A pplicants Non-Resident A pplicants 7 6 5 4 3 2 1 0 0N / A 0 0 0 1 0 0 0 1 N/ A N/A N/A 1 in 1.0 N/A N/A N/A 1 in 5.0 Applicants # Permits # Permits # Permits SuccessEligible Bonus Regular Total 0 0 0 0 0 0 0 0 0 0 0 0 0 0 0 0 0 0 N/ A N/A N/A N/A N/A N/A N/A N/A N/A # Permits # Permits # Permits Bonus Regular Total Totals Total Applicants Eligible Total Totals Points PointsRatio Success Ratio 08 000 08 0N / A 00 N / A 00 00 09 0N / A 0 0N / A 00 00 01 0 0N / A 0 0N / A 00 00 01 1 0N / A 0 0N / A Preference Preference 000 N / A 12 0000 N / A0 000 N / A 13 0000 N / A0 000 N / A 14 0000 N / A0 000 N / A 1 50000 N / A0 000 N / A 1 60000 N / A0 000 N / A 1 70000 N / A0,36,2023 Antlerless big game draw results(1).pdf,NO,,,,,,,,,,NO,,MANUAL_REVIEW,No current/historical crosswalk match found in current_to_historical_hunt_code_crosswalk_2026.csv,MANUAL_CROSSWALK
EA1194,Antlerless Elk,15 13 14 12 11 9 10 0 0 0 0 0 0 0 1 7 6 5 4 3 2 1 0 0 0 0 0 0 0 0 0 01 0 0 0 0 0 0 0 0 0 0 0 0 0 0 0 0 0 0 0 0 0 0 0 0 0 0 0 Resident A pplicants Non-Resident A pplicants 7 6 5 4 3 2 1 0 0N / A 0 0 0 0 0 0 0 0 N/ A N/A N/A N/A N/A N/A N/A N/A Applicants # Permits # Permits # Permits SuccessEligible Bonus Regular Total 0 0 0 0 0 0 0 0 0 0 0 0 0 0 0 0 0 0 N/ A N/A N/A N/A N/A N/A N/A N/A N/A # Permits # Permits # Permits Bonus Regular Total Totals Total Applicants Eligible Total Totals Points PointsRatio Success Ratio 08 000 08 0N / A 00 N / A 00 00 09 0N / A 0 0N / A 00 00 01 0 0N / A 0 0N / A 00 00 01 1 0N / A 0 0N / A Preference Preference 000 N / A 12 0000 N / A0 000 N / A 13 0000 N / A0 000 N / A 14 0000 N / A0 000 N / A 1 50000 N / A0; 17 16 15 13 14 12 11 9 10 0 0 0 0 0 4 13 8 7 6 5 4 3 2 1 0 0 0 0 0 0 0 0 0 025 0 0 0 0 0 0 0 0 0 0 0 0 0 0 0 0 0 0 0 0 0 0 0 4 0 0 4 Resident A pplicants Non-Resident A pplicants 7 6 5 4 3 2 1 0 0N / A 0 0 0 0 4 0 0 4 N/ A N/A N/A N/A 1 in 1.0 N/A N/A 1 in 6.3 Applicants # Permits # Permits # Permits SuccessEligible Bonus Regular Total 0 0 0 0 0 0 0 0 0 0 0 0 0 0 0 0 0 0 N/ A N/A N/A N/A N/A N/A N/A N/A N/A # Permits # Permits # Permits Bonus Regular Total Totals Total Applicants Eligible Total Totals Points PointsRatio Success Ratio 08 000 08 0N / A 00 N / A 00 00 09 0N / A 0 0N / A 00 00 01 0 0N / A 0 0N / A 00 00 01 1 0N / A 0 0N / A Preference Preference 000 N / A 12 0000 N / A0 000 N / A 13 0000 N / A0 000 N / A 14 0000 N / A0 000 N / A 1 50000 N / A0 000 N / A 1 60000 N / A0 000 N / A 1 70000 N / A0,68,2023 Antlerless big game draw results(1).pdf; 2023 Youth antlerless big game draw results(1).pdf,NO,,,,,,,,,,NO,,MANUAL_REVIEW,No current/historical crosswalk match found in current_to_historical_hunt_code_crosswalk_2026.csv,MANUAL_CROSSWALK
EA1205,Antlerless Elk,15 13 14 12 11 9 10 0 0 0 0 0 0 0 3 7 6 5 4 3 2 1 0 0 0 0 0 0 0 0 0 03 0 0 0 0 0 0 0 0 0 0 0 0 0 0 0 0 0 0 0 0 0 0 0 0 0 0 0 Resident A pplicants Non-Resident A pplicants 7 6 5 4 3 2 1 0 0N / A 0 0 0 0 0 0 0 0 N/ A N/A N/A N/A N/A N/A N/A N/A Applicants # Permits # Permits # Permits SuccessEligible Bonus Regular Total 0 0 0 0 0 0 0 0 0 0 0 0 0 0 0 0 0 0 N/ A N/A N/A N/A N/A N/A N/A N/A N/A # Permits # Permits # Permits Bonus Regular Total Totals Total Applicants Eligible Total Totals Points PointsRatio Success Ratio 08 000 08 0N / A 00 N / A 00 00 09 0N / A 0 0N / A 00 00 01 0 0N / A 0 0N / A 00 00 01 1 0N / A 0 0N / A Preference Preference 000 N / A 12 0000 N / A0 000 N / A 13 0000 N / A0 000 N / A 14 0000 N / A0 000 N / A 1 50000 N / A0; 17 16 15 13 14 12 11 9 10 0 0 0 0 0 1 5 5 7 6 5 4 3 2 1 0 0 0 0 0 0 0 0 0 011 0 0 0 0 0 0 0 0 0 0 0 0 0 0 0 0 0 0 0 0 0 0 0 1 3 0 4 Resident A pplicants Non-Resident A pplicants 7 6 5 4 3 2 1 0 0N / A 0 0 0 0 1 3 0 4 N/ A N/A N/A N/A 1 in 1.0 1 in 1.7 N/A 1 in 2.8 Applicants # Permits # Permits # Permits SuccessEligible Bonus Regular Total 0 0 0 0 0 0 0 0 0 0 0 0 0 0 0 0 0 0 N/ A N/A N/A N/A N/A N/A N/A N/A N/A # Permits # Permits # Permits Bonus Regular Total Totals Total Applicants Eligible Total Totals Points PointsRatio Success Ratio 08 000 08 0N / A 00 N / A 00 00 09 0N / A 0 0N / A 00 00 01 0 0N / A 0 0N / A 00 00 01 1 0N / A 0 0N / A Preference Preference 000 N / A 12 0000 N / A0 000 N / A 13 0000 N / A0 000 N / A 14 0000 N / A0 000 N / A 1 50000 N / A0 000 N / A 1 60000 N / A0 000 N / A 1 70000 N / A0,68,2023 Antlerless big game draw results(1).pdf; 2023 Youth antlerless big game draw results(1).pdf,NO,,,,,,,,,,NO,,MANUAL_REVIEW,No current/historical crosswalk match found in current_to_historical_hunt_code_crosswalk_2026.csv,MANUAL_CROSSWALK
EA1227,Antlerless Elk,15 13 14 12 11 9 10 0 0 0 0 1 0 0 0 7 6 5 4 3 2 1 0 0 0 0 0 0 0 0 0 01 0 0 0 0 0 0 0 0 0 0 0 0 0 0 0 0 0 0 0 0 0 0 1 0 0 0 1 Resident A pplicants Non-Resident A pplicants 7 6 5 4 3 2 1 0 0N / A 0 0 0 1 0 0 0 1 N/ A N/A N/A 1 in 1.0 N/A N/A N/A 1 in 1.0 Applicants # Permits # Permits # Permits SuccessEligible Bonus Regular Total 0 0 0 0 0 0 0 0 0 0 0 0 0 0 0 0 0 0 N/ A N/A N/A N/A N/A N/A N/A N/A N/A # Permits # Permits # Permits Bonus Regular Total Totals Total Applicants Eligible Total Totals Points PointsRatio Success Ratio 08 000 08 0N / A 00 N / A 00 00 09 0N / A 0 0N / A 00 00 01 0 0N / A 0 0N / A 00 00 01 1 0N / A 0 0N / A Preference Preference 000 N / A 12 0000 N / A0 000 N / A 13 0000 N / A0 000 N / A 14 0000 N / A0 000 N / A 1 50000 N / A0; 17 16 15 13 14 12 11 9 10 0 0 0 0 2 2 8 10 7 6 5 4 3 2 1 0 0 0 0 0 0 0 0 0 022 0 0 0 0 0 0 0 0 0 0 0 0 0 0 0 0 0 0 0 0 0 0 2 2 4 0 8 Resident A pplicants Non-Resident A pplicants 7 6 5 4 3 2 1 0 0N / A 0 0 0 2 2 4 0 8 N/ A N/A N/A 1 in 1.0 1 in 1.0 1 in 2.0 N/A 1 in 2.8 Applicants # Permits # Permits # Permits SuccessEligible Bonus Regular Total 0 0 0 0 0 0 0 0 0 0 0 0 0 0 0 0 0 0 N/ A N/A N/A N/A N/A N/A N/A N/A N/A # Permits # Permits # Permits Bonus Regular Total Totals Total Applicants Eligible Total Totals Points PointsRatio Success Ratio 08 000 08 0N / A 00 N / A 00 00 09 0N / A 0 0N / A 00 00 01 0 0N / A 0 0N / A 00 00 01 1 0N / A 0 0N / A Preference Preference 000 N / A 12 0000 N / A0 000 N / A 13 0000 N / A0 000 N / A 14 0000 N / A0 000 N / A 1 50000 N / A0 000 N / A 1 60000 N / A0 000 N / A 1 70000 N / A0,68,2023 Antlerless big game draw results(1).pdf; 2023 Youth antlerless big game draw results(1).pdf,NO,,,,,,,,,,NO,,MANUAL_REVIEW,No current/historical crosswalk match found in current_to_historical_hunt_code_crosswalk_2026.csv,MANUAL_CROSSWALK
EA1253,Antlerless Elk,15 13 14 12 11 9 10 0 0 0 0 0 2 0 0 7 6 5 4 3 2 1 0 0 0 0 0 0 0 0 0 02 0 0 0 0 0 0 0 0 0 0 0 0 0 0 0 0 0 0 0 0 0 0 0 0 0 0 0 Resident A pplicants Non-Resident A pplicants 7 6 5 4 3 2 1 0 0N / A 0 0 0 0 0 0 0 0 N/ A N/A N/A N/A N/A N/A N/A N/A Applicants # Permits # Permits # Permits SuccessEligible Bonus Regular Total 0 0 0 0 0 0 0 0 0 0 0 0 0 0 0 0 0 0 N/ A N/A N/A N/A N/A N/A N/A N/A N/A # Permits # Permits # Permits Bonus Regular Total Totals Total Applicants Eligible Total Totals Points PointsRatio Success Ratio 08 000 08 0N / A 00 N / A 00 00 09 0N / A 0 0N / A 00 00 01 0 0N / A 0 0N / A 00 00 01 1 0N / A 0 0N / A Preference Preference 000 N / A 12 0000 N / A0 000 N / A 13 0000 N / A0 000 N / A 14 0000 N / A0 000 N / A 1 50000 N / A0; 17 16 15 13 14 12 11 9 10 0 0 1 1 4 9 7 2 7 6 5 4 3 2 1 0 0 0 1 0 0 0 0 1 224 0 0 0 0 0 0 0 0 0 0 0 0 0 0 0 0 0 0 0 0 1 1 2 0 0 0 4 Resident A pplicants Non-Resident A pplicants 7 6 5 4 3 2 1 0 0N / A 0 1 1 2 0 0 0 4 N/ A 1 in 1.0 1 in 1.0 1 in 2.0 N/A N/A N/A 1 in 6.0 Applicants # Permits # Permits # Permits SuccessEligible Bonus Regular Total 0 0 1 0 0 0 0 0 1 0 0 1 0 0 0 0 0 1 N/ A N/A 1 in 1.0 N/A N/A N/A N/A N/A 1 in 2.0 # Permits # Permits # Permits Bonus Regular Total Totals Total Applicants Eligible Total Totals Points PointsRatio Success Ratio 08 000 08 0N / A 00 N / A 00 00 09 0N / A 0 0N / A 00 00 01 0 0N / A 0 0N / A 00 00 01 1 0N / A 0 0N / A Preference Preference 000 N / A 12 0000 N / A0 000 N / A 13 0000 N / A0 000 N / A 14 0000 N / A0 000 N / A 1 50000 N / A0 000 N / A 1 60000 N / A0 000 N / A 1 70000 N / A0,68,2023 Antlerless big game draw results(1).pdf; 2023 Youth antlerless big game draw results(1).pdf,NO,,,,,,,,,,NO,,MANUAL_REVIEW,No current/historical crosswalk match found in current_to_historical_hunt_code_crosswalk_2026.csv,MANUAL_CROSSWALK
EA1255,Antlerless Elk,15 13 14 12 11 9 10 0 0 0 0 0 1 2 2 7 6 5 4 3 2 1 0 0 0 0 0 0 0 0 0 05 0 0 0 0 0 0 0 0 0 0 0 0 0 0 0 0 0 0 0 0 0 0 0 1 0 0 1 Resident A pplicants Non-Resident A pplicants 7 6 5 4 3 2 1 0 0N / A 0 0 0 0 1 0 0 1 N/ A N/A N/A N/A 1 in 1.0 N/A N/A 1 in 5.0 Applicants # Permits # Permits # Permits SuccessEligible Bonus Regular Total 0 0 0 0 0 0 0 0 0 0 0 0 0 0 0 0 0 0 N/ A N/A N/A N/A N/A N/A N/A N/A N/A # Permits # Permits # Permits Bonus Regular Total Totals Total Applicants Eligible Total Totals Points PointsRatio Success Ratio 08 000 08 0N / A 00 N / A 00 00 09 0N / A 0 0N / A 00 00 01 0 0N / A 0 0N / A 00 00 01 1 0N / A 0 0N / A Preference Preference 000 N / A 12 0000 N / A0 000 N / A 13 0000 N / A0 000 N / A 14 0000 N / A0 000 N / A 1 50000 N / A0; 17 16 15 13 14 12 11 9 10 0 0 0 2 3 7 11 8 7 6 5 4 3 2 1 0 0 0 0 0 0 0 0 0 031 0 0 0 0 0 0 0 0 0 0 0 0 0 0 0 0 0 0 0 0 0 2 2 0 0 0 4 Resident A pplicants Non-Resident A pplicants 7 6 5 4 3 2 1 0 0N / A 0 0 2 2 0 0 0 4 N/ A N/A 1 in 1.0 1 in 1.5 N/A N/A N/A 1 in 7.8 Applicants # Permits # Permits # Permits SuccessEligible Bonus Regular Total 0 0 0 0 0 0 0 0 0 0 0 0 0 0 0 0 0 0 N/ A N/A N/A N/A N/A N/A N/A N/A N/A # Permits # Permits # Permits Bonus Regular Total Totals Total Applicants Eligible Total Totals Points PointsRatio Success Ratio 08 000 08 0N / A 00 N / A 00 00 09 0N / A 0 0N / A 00 00 01 0 0N / A 0 0N / A 00 00 01 1 0N / A 0 0N / A Preference Preference 000 N / A 12 0000 N / A0 000 N / A 13 0000 N / A0 000 N / A 14 0000 N / A0 000 N / A 1 50000 N / A0 000 N / A 1 60000 N / A0 000 N / A 1 70000 N / A0,68,2023 Antlerless big game draw results(1).pdf; 2023 Youth antlerless big game draw results(1).pdf,NO,,,,,,,,,,NO,,MANUAL_REVIEW,No current/historical crosswalk match found in current_to_historical_hunt_code_crosswalk_2026.csv,MANUAL_CROSSWALK
EA2035,Antlerless Elk,15 13 14 12 11 9 10 0 0 0 0 1 2 2 12 7 6 5 4 3 2 1 0 0 0 0 0 0 0 1 1 217 0 0 0 0 0 0 0 0 0 0 0 0 0 0 0 0 0 0 0 0 0 0 1 2 2 12 17 Resident A pplicants Non-Resident A pplicants 7 6 5 4 3 2 1 0 0N / A 0 0 0 1 2 2 12 17 N/ A N/A N/A 1 in 1.0 1 in 1.0 1 in 1.0 1 in 1.0 1 in 1.0 Applicants # Permits # Permits # Permits SuccessEligible Bonus Regular Total 0 0 0 0 0 0 1 1 2 0 0 0 0 0 0 1 1 2 N/ A N/A N/A N/A N/A N/A 1 in 1.0 1 in 1.0 1 in 1.0 # Permits # Permits # Permits Bonus Regular Total Totals Total Applicants Eligible Total Totals Points PointsRatio Success Ratio 08 000 08 0N / A 00 N / A 00 00 09 0N / A 0 0N / A 00 00 01 0 0N / A 0 0N / A 00 00 01 1 0N / A 0 0N / A Preference Preference 000 N / A 12 0000 N / A0 000 N / A 13 0000 N / A0 000 N / A 14 0000 N / A0 000 N / A 1 50000 N / A0; 17 16 15 13 14 12 11 9 10 0 0 0 9 17 23 34 54 7 6 5 4 3 2 1 0 0 0 0 0 0 0 2 1 3137 0 0 0 0 0 0 0 0 0 0 0 0 0 0 0 0 0 0 0 0 0 9 17 23 26 0 75 Resident A pplicants Non-Resident A pplicants 7 6 5 4 3 2 1 0 0N / A 0 0 9 17 23 26 0 75 N/ A N/A 1 in 1.0 1 in 1.0 1 in 1.0 1 in 1.3 N/A 1 in 1.8 Applicants # Permits # Permits # Permits SuccessEligible Bonus Regular Total 0 0 0 0 0 0 2 1 3 0 0 0 0 0 0 2 1 3 N/ A N/A N/A N/A N/A N/A 1 in 1.0 1 in 1.0 1 in 1.0 # Permits # Permits # Permits Bonus Regular Total Totals Total Applicants Eligible Total Totals Points PointsRatio Success Ratio 08 000 08 0N / A 00 N / A 00 00 09 0N / A 0 0N / A 00 00 01 0 0N / A 0 0N / A 00 00 01 1 0N / A 0 0N / A Preference Preference 000 N / A 12 0000 N / A0 000 N / A 13 0000 N / A0 000 N / A 14 0000 N / A0 000 N / A 1 50000 N / A0 000 N / A 1 60000 N / A0 000 N / A 1 70000 N / A0,68,2023 Antlerless big game draw results(1).pdf; 2023 Youth antlerless big game draw results(1).pdf,NO,,,,,,,,,,NO,,MANUAL_REVIEW,No current/historical crosswalk match found in current_to_historical_hunt_code_crosswalk_2026.csv,MANUAL_CROSSWALK
EB3510,Elk,"Cwmu Any Bull Elk - Conover-jensen - Any Legal Weapon 2023 Draw 5, Big Game Bonus Point Draw Results 05/31/2023",62,2023 ELK + OTHER BIG GAME.pdf,NO,,,,,,,,,,NO,,MANUAL_REVIEW,No current/historical crosswalk match found in current_to_historical_hunt_code_crosswalk_2026.csv,MANUAL_CROSSWALK
EB3542,Elk,"Cwmu Any Bull Elk - Powder Mountain - Any Legal Weapon 2023 Draw 5, Big Game Bonus Point Draw Results 05/31/2023",62,2023 ELK + OTHER BIG GAME.pdf,NO,,,,,,,,,,NO,,MANUAL_REVIEW,No current/historical crosswalk match found in current_to_historical_hunt_code_crosswalk_2026.csv,MANUAL_CROSSWALK
EB3563,Elk,"Cwmu Any Bull Elk - Weber Florence Creek - Any Legal Weapon 2023 Draw 5, Big Game Bonus Point Draw Results 05/31/2023",62,2023 ELK + OTHER BIG GAME.pdf,NO,,,,,,,,,,NO,,MANUAL_REVIEW,No current/historical crosswalk match found in current_to_historical_hunt_code_crosswalk_2026.csv,MANUAL_CROSSWALK
EB3612,Elk,"Cwmu Any Bull Elk - 5s - Any Legal Weapon 2023 Draw 5, Big Game Bonus Point Draw Results 05/31/2023",62,2023 ELK + OTHER BIG GAME.pdf,NO,,,,,,,,,,NO,,MANUAL_REVIEW,No current/historical crosswalk match found in current_to_historical_hunt_code_crosswalk_2026.csv,MANUAL_CROSSWALK
MA1000,Antlerless Moose,17 16 15 13 14 12 11 9 10 54 48 72 85 108 113 136 192 7 6 5 4 3 2 1 0 0 0 0 0 0 0 0 0 0992 0 0 0 0 0 0 0 0 1 0 0 0 0 0 0 0 0 0 0 0 0 0 0 1 0 0 1 Resident A pplicants Non-Resident A pplicants 7 6 5 4 3 2 1 0 0N / A 0 0 0 0 1 0 0 2 N/ A N/A N/A N/A 1 in 113.0 N/A N/A 1 in 496.0 Applicants # Permits # Permits # Permits SuccessEligible Bonus Regular Total 0 0 0 0 0 0 0 0 0 0 0 0 0 0 0 0 0 0 N/ A N/A N/A N/A N/A N/A N/A N/A N/A # Permits # Permits # Permits Bonus Regular Total Totals Total Applicants Eligible Total Totals Points PointsRatio Success Ratio 308 000 08 0N / A 00 N / A 38 0 00 09 0N / A 0 0N / A 16 0 00 01 0 0N / A 0 0N / A 15 0 00 01 1 0N / A 0 0N / A Bonus Bonus 000 N / A 12 0000 N / A17 000 N / A 13 0000 N / A19 000 N / A 14 0000 N / A19 000 N / A 1 50000 N / A13 000 N / A 1 60000 N / A5 1 0 1 1 in 12.0 17 0 0 0 0 N/ A12,36,2023 Antlerless big game draw results(1).pdf,NO,,,,,,,,,,NO,,MANUAL_REVIEW,No current/historical crosswalk match found in current_to_historical_hunt_code_crosswalk_2026.csv,MANUAL_CROSSWALK
MB6210,Moose,"Cwmu Bull Moose - Folley Ridge - Any Legal Weapon 2023 Draw 5, Big Game Bonus Point Draw Results 05/31/2023",62,2023 ELK + OTHER BIG GAME.pdf,NO,,,,,,,,,,NO,,MANUAL_REVIEW,No current/historical crosswalk match found in current_to_historical_hunt_code_crosswalk_2026.csv,MANUAL_CROSSWALK
MB6226,Moose,"Cwmu Bull Moose - Weber Florence Creek - Any Legal Weapon 2023 Draw 5, Big Game Bonus Point Draw Results 05/31/2023",62,2023 ELK + OTHER BIG GAME.pdf,NO,,,,,,,,,,NO,,MANUAL_REVIEW,No current/historical crosswalk match found in current_to_historical_hunt_code_crosswalk_2026.csv,MANUAL_CROSSWALK
MB6252,Moose,"Cwmu Bull Moose - Jacob's Creek - Any Legal Weapon 2023 Draw 5, Big Game Bonus Point Draw Results 05/31/2023",62,2023 ELK + OTHER BIG GAME.pdf,NO,,,,,,,,,,NO,,MANUAL_REVIEW,No current/historical crosswalk match found in current_to_historical_hunt_code_crosswalk_2026.csv,MANUAL_CROSSWALK
PB5303,Pronghorn,"Cwmu Buck Pronghorn - Ensign Ranches - Any Legal Weapon 2023 Draw 5, Big Game Bonus Point Draw Results 05/31/2023",62,2023 ELK + OTHER BIG GAME.pdf,NO,,,,,,,,,,NO,,MANUAL_REVIEW,No current/historical crosswalk match found in current_to_historical_hunt_code_crosswalk_2026.csv,MANUAL_CROSSWALK
PB5307,Pronghorn,"Cwmu Buck Pronghorn - Rlf Deep Creek - Any Legal Weapon 2023 Draw 5, Big Game Bonus Point Draw Results 05/31/2023",62,2023 ELK + OTHER BIG GAME.pdf,NO,,,,,,,,,,NO,,MANUAL_REVIEW,No current/historical crosswalk match found in current_to_historical_hunt_code_crosswalk_2026.csv,MANUAL_CROSSWALK
PD1005,UNKNOWN,15 13 14 12 11 9 10 0 0 0 0 1 4 1 3 7 6 5 4 3 2 1 0 0 0 0 0 0 0 0 0 09 0 0 0 0 0 0 0 0 0 0 0 0 0 0 0 0 0 0 0 0 0 0 0 0 0 0 0 Resident A pplicants Non-Resident A pplicants 7 6 5 4 3 2 1 0 0N / A 0 0 0 0 0 0 0 0 N/ A N/A N/A N/A N/A N/A N/A N/A Applicants # Permits # Permits # Permits SuccessEligible Bonus Regular Total 0 0 0 0 0 0 0 0 0 0 0 0 0 0 0 0 0 0 N/ A N/A N/A N/A N/A N/A N/A N/A N/A # Permits # Permits # Permits Bonus Regular Total Totals Total Applicants Eligible Total Totals Points PointsRatio Success Ratio 08 000 08 0N / A 00 N / A 00 00 09 0N / A 0 0N / A 00 00 01 0 0N / A 0 0N / A 00 00 01 1 0N / A 0 0N / A Preference Preference 000 N / A 12 0000 N / A0 000 N / A 13 0000 N / A0 000 N / A 14 0000 N / A0 000 N / A 1 50000 N / A0; 17 16 15 13 14 12 11 9 10 1 6 26 7 32 25 29 39 7 6 5 4 3 2 1 0 0 0 1 0 1 0 3 3 8165 0 0 0 0 0 0 0 0 0 0 0 0 0 0 0 0 0 0 1 3 0 0 0 0 0 0 4 Resident A pplicants Non-Resident A pplicants 7 6 5 4 3 2 1 0 1 1 in 1.0 3 0 0 0 0 0 0 4 1 in 2.0 N/A N/A N/A N/A N/A N/A 1 in 41.3 Applicants # Permits # Permits # Permits SuccessEligible Bonus Regular Total 0 0 1 0 0 0 0 0 1 0 0 1 0 0 0 0 0 1 N/ A N/A 1 in 1.0 N/A N/A N/A N/A N/A 1 in 8.0 # Permits # Permits # Permits Bonus Regular Total Totals Total Applicants Eligible Total Totals Points PointsRatio Success Ratio 08 000 08 0N / A 00 N / A 00 00 09 0N / A 0 0N / A 00 00 01 0 0N / A 0 0N / A 00 00 01 1 0N / A 0 0N / A Preference Preference 000 N / A 12 0000 N / A0 000 N / A 13 0000 N / A0 000 N / A 14 0000 N / A0 000 N / A 1 50000 N / A0 000 N / A 1 60000 N / A0 000 N / A 1 70000 N / A0,68,2023 Antlerless big game draw results(1).pdf; 2023 Youth antlerless big game draw results(1).pdf,NO,,,,,,,,,,NO,,MANUAL_REVIEW,No current/historical crosswalk match found in current_to_historical_hunt_code_crosswalk_2026.csv,MANUAL_CROSSWALK
PD1014,UNKNOWN,15 13 14 12 11 9 10 0 1 1 0 4 6 1 3 7 6 5 4 3 2 1 0 0 0 0 0 0 0 0 0 016 0 0 0 0 0 0 0 0 0 0 0 0 0 0 0 0 0 0 0 0 0 0 0 0 0 0 0 Resident A pplicants Non-Resident A pplicants 7 6 5 4 3 2 1 0 0N / A 0 0 0 0 0 0 0 0 N/ A N/A N/A N/A N/A N/A N/A N/A Applicants # Permits # Permits # Permits SuccessEligible Bonus Regular Total 0 0 0 0 0 0 0 0 0 0 0 0 0 0 0 0 0 0 N/ A N/A N/A N/A N/A N/A N/A N/A N/A # Permits # Permits # Permits Bonus Regular Total Totals Total Applicants Eligible Total Totals Points PointsRatio Success Ratio 08 000 08 0N / A 00 N / A 00 00 09 0N / A 0 0N / A 00 00 01 0 0N / A 0 0N / A 00 00 01 1 0N / A 0 0N / A Preference Preference 000 N / A 12 0000 N / A0 000 N / A 13 0000 N / A0 000 N / A 14 0000 N / A0 000 N / A 1 50000 N / A0; 17 16 15 13 14 12 11 9 10 6 4 10 7 9 12 11 11 7 6 5 4 3 2 1 0 0 0 0 0 0 0 0 0 071 0 0 0 0 0 0 0 0 0 0 0 0 0 0 0 0 0 0 1 0 0 0 0 0 0 0 2 Resident A pplicants Non-Resident A pplicants 7 6 5 4 3 2 1 0 1 1 in 6.0 0 0 0 0 0 0 0 2 N/ A N/A N/A N/A N/A N/A N/A 1 in 35.5 Applicants # Permits # Permits # Permits SuccessEligible Bonus Regular Total 0 0 0 0 0 0 0 0 0 0 0 0 0 0 0 0 0 0 N/ A N/A N/A N/A N/A N/A N/A N/A N/A # Permits # Permits # Permits Bonus Regular Total Totals Total Applicants Eligible Total Totals Points PointsRatio Success Ratio 08 000 08 0N / A 00 N / A 10 00 19 1 1 in 1.0 0 0 N/ A 00 00 01 0 0N / A 0 0N / A 00 00 01 1 0N / A 0 0N / A Preference Preference 000 N / A 12 0000 N / A0 000 N / A 13 0000 N / A0 000 N / A 14 0000 N / A0 000 N / A 1 50000 N / A0 000 N / A 1 60000 N / A0 000 N / A 1 70000 N / A0,68,2023 Antlerless big game draw results(1).pdf; 2023 Youth antlerless big game draw results(1).pdf,NO,,,,,,,,,,NO,,MANUAL_REVIEW,No current/historical crosswalk match found in current_to_historical_hunt_code_crosswalk_2026.csv,MANUAL_CROSSWALK
PD1037,UNKNOWN,15 13 14 12 11 9 10 0 0 0 0 0 8 3 5 7 6 5 4 3 2 1 0 0 0 0 0 0 0 0 0 016 0 0 0 0 0 0 0 0 0 0 0 0 0 0 0 0 0 0 0 0 0 0 0 0 0 0 0 Resident A pplicants Non-Resident A pplicants 7 6 5 4 3 2 1 0 0N / A 0 0 0 0 0 0 0 0 N/ A N/A N/A N/A N/A N/A N/A N/A Applicants # Permits # Permits # Permits SuccessEligible Bonus Regular Total 0 0 0 0 0 0 0 0 0 0 0 0 0 0 0 0 0 0 N/ A N/A N/A N/A N/A N/A N/A N/A N/A # Permits # Permits # Permits Bonus Regular Total Totals Total Applicants Eligible Total Totals Points PointsRatio Success Ratio 08 000 08 0N / A 00 N / A 00 00 09 0N / A 0 0N / A 00 00 01 0 0N / A 0 0N / A 00 00 01 1 0N / A 0 0N / A Preference Preference 000 N / A 12 0000 N / A0 000 N / A 13 0000 N / A0 000 N / A 14 0000 N / A0 000 N / A 1 50000 N / A0; 17 16 15 13 14 12 11 9 10 3 16 14 27 39 48 37 41 7 6 5 4 3 2 1 0 0 0 0 1 4 1 2 4 12225 0 0 0 0 0 0 0 0 0 0 0 0 0 0 0 0 0 0 3 1 0 0 0 0 0 0 4 Resident A pplicants Non-Resident A pplicants 7 6 5 4 3 2 1 0 3 1 in 1.0 1 0 0 0 0 0 0 4 1 in 16.0 N/A N/A N/A N/A N/A N/A 1 in 56.3 Applicants # Permits # Permits # Permits SuccessEligible Bonus Regular Total 0 0 0 1 0 0 0 0 1 0 0 0 1 0 0 0 0 1 N/ A N/A N/A 1 in 1.0 N/A N/A N/A N/A 1 in 12.0 # Permits # Permits # Permits Bonus Regular Total Totals Total Applicants Eligible Total Totals Points PointsRatio Success Ratio 08 000 08 0N / A 00 N / A 00 00 09 0N / A 0 0N / A 00 00 01 0 0N / A 0 0N / A 00 00 01 1 0N / A 0 0N / A Preference Preference 000 N / A 12 0000 N / A0 000 N / A 13 0000 N / A0 000 N / A 14 0000 N / A0 000 N / A 1 50000 N / A0 000 N / A 1 60000 N / A0 000 N / A 1 70000 N / A0,68,2023 Antlerless big game draw results(1).pdf; 2023 Youth antlerless big game draw results(1).pdf,NO,,,,,,,,,,NO,,MANUAL_REVIEW,No current/historical crosswalk match found in current_to_historical_hunt_code_crosswalk_2026.csv,MANUAL_CROSSWALK
PD1038,UNKNOWN,15 13 14 12 11 9 10 0 0 0 0 1 0 8 4 7 6 5 4 3 2 1 0 0 0 0 0 0 0 1 0 113 0 0 0 0 0 0 0 0 0 0 0 0 0 0 0 0 0 0 0 0 0 0 0 0 0 0 0 Resident A pplicants Non-Resident A pplicants 7 6 5 4 3 2 1 0 0N / A 0 0 0 0 0 0 0 0 N/ A N/A N/A N/A N/A N/A N/A N/A Applicants # Permits # Permits # Permits SuccessEligible Bonus Regular Total 0 0 0 0 0 0 0 0 0 0 0 0 0 0 0 0 0 0 N/ A N/A N/A N/A N/A N/A N/A N/A N/A # Permits # Permits # Permits Bonus Regular Total Totals Total Applicants Eligible Total Totals Points PointsRatio Success Ratio 08 000 08 0N / A 00 N / A 00 00 09 0N / A 0 0N / A 00 00 01 0 0N / A 0 0N / A 00 00 01 1 0N / A 0 0N / A Preference Preference 000 N / A 12 0000 N / A0 000 N / A 13 0000 N / A0 000 N / A 14 0000 N / A0 000 N / A 1 50000 N / A0; 17 16 15 13 14 12 11 9 10 1 9 14 14 20 20 19 34 7 6 5 4 3 2 1 0 0 2 0 1 0 0 1 1 5131 0 0 0 0 0 0 0 0 0 0 0 0 0 0 0 0 0 0 1 3 0 0 0 0 0 0 4 Resident A pplicants Non-Resident A pplicants 7 6 5 4 3 2 1 0 1 1 in 1.0 3 0 0 0 0 0 0 4 1 in 3.0 N/A N/A N/A N/A N/A N/A 1 in 32.8 Applicants # Permits # Permits # Permits SuccessEligible Bonus Regular Total 0 1 0 0 0 0 0 0 1 0 1 0 0 0 0 0 0 1 N/ A 1 in 2.0 N/A N/A N/A N/A N/A N/A 1 in 5.0 # Permits # Permits # Permits Bonus Regular Total Totals Total Applicants Eligible Total Totals Points PointsRatio Success Ratio 08 000 08 0N / A 00 N / A 00 00 09 0N / A 0 0N / A 00 00 01 0 0N / A 0 0N / A 00 00 01 1 0N / A 0 0N / A Preference Preference 000 N / A 12 0000 N / A0 000 N / A 13 0000 N / A0 000 N / A 14 0000 N / A0 000 N / A 1 50000 N / A0 000 N / A 1 60000 N / A0 000 N / A 1 70000 N / A0,68,2023 Antlerless big game draw results(1).pdf; 2023 Youth antlerless big game draw results(1).pdf,NO,,,,,,,,,,NO,,MANUAL_REVIEW,No current/historical crosswalk match found in current_to_historical_hunt_code_crosswalk_2026.csv,MANUAL_CROSSWALK
PD1041,UNKNOWN,15 13 14 12 11 9 10 0 0 0 0 0 2 2 2 7 6 5 4 3 2 1 0 0 0 0 0 0 0 0 0 06 0 0 0 0 0 0 0 0 0 0 0 0 0 0 0 0 0 0 0 0 0 0 0 0 1 0 1 Resident A pplicants Non-Resident A pplicants 7 6 5 4 3 2 1 0 0N / A 0 0 0 0 0 1 0 1 N/ A N/A N/A N/A N/A 1 in 2.0 N/A 1 in 6.0 Applicants # Permits # Permits # Permits SuccessEligible Bonus Regular Total 0 0 0 0 0 0 0 0 0 0 0 0 0 0 0 0 0 0 N/ A N/A N/A N/A N/A N/A N/A N/A N/A # Permits # Permits # Permits Bonus Regular Total Totals Total Applicants Eligible Total Totals Points PointsRatio Success Ratio 08 000 08 0N / A 00 N / A 00 00 09 0N / A 0 0N / A 00 00 01 0 0N / A 0 0N / A 00 00 01 1 0N / A 0 0N / A Preference Preference 000 N / A 12 0000 N / A0 000 N / A 13 0000 N / A0 000 N / A 14 0000 N / A0 000 N / A 1 50000 N / A0; 17 16 15 13 14 12 11 9 10 1 0 0 1 9 8 1 8 7 6 5 4 3 2 1 0 0 0 0 0 0 0 0 0 028 0 0 0 0 0 0 0 0 0 0 0 0 0 0 0 0 0 0 1 0 0 1 3 0 0 0 5 Resident A pplicants Non-Resident A pplicants 7 6 5 4 3 2 1 0 1 1 in 1.0 0 0 1 3 0 0 0 5 N/ A N/A 1 in 1.0 1 in 3.0 N/A N/A N/A 1 in 5.6 Applicants # Permits # Permits # Permits SuccessEligible Bonus Regular Total 0 0 0 0 0 0 0 0 0 0 0 0 0 0 0 0 0 0 N/ A N/A N/A N/A N/A N/A N/A N/A N/A # Permits # Permits # Permits Bonus Regular Total Totals Total Applicants Eligible Total Totals Points PointsRatio Success Ratio 08 000 08 0N / A 00 N / A 00 00 09 0N / A 0 0N / A 00 00 01 0 0N / A 0 0N / A 00 00 01 1 0N / A 0 0N / A Preference Preference 000 N / A 12 0000 N / A0 000 N / A 13 0000 N / A0 000 N / A 14 0000 N / A0 000 N / A 1 50000 N / A0 000 N / A 1 60000 N / A0 000 N / A 1 70000 N / A0,68,2023 Antlerless big game draw results(1).pdf; 2023 Youth antlerless big game draw results(1).pdf,NO,,,,,,,,,,NO,,MANUAL_REVIEW,No current/historical crosswalk match found in current_to_historical_hunt_code_crosswalk_2026.csv,MANUAL_CROSSWALK
