hunt_code,hunt_name,species,residency,hunt_class,modeled_draw_probability,harvest_success_pct,permits_2026_total,sleeper_score,sleeper_reasons,data_limitations
BR7014,San Juan,Black Bear,Resident,,15.1,33,38,4,better odds than peer median; harvest success above peer median; permit count at or above peer median; not an obvious marquee hunt name,
BR7204,Manti South/San Rafael North,Black Bear,Resident,,5.7,53,20,4,better odds than peer median; harvest success above peer median; permit count at or above peer median; not an obvious marquee hunt name,
BR7304,Manti South/San Rafael North,Black Bear,Resident,,6.4,47,20,4,better odds than peer median; harvest success above peer median; permit count at or above peer median; not an obvious marquee hunt name,
BR7316,Wasatch Mtns West-Central,Black Bear,Resident,,5.4,53,15,4,better odds than peer median; harvest success above peer median; permit count at or above peer median; not an obvious marquee hunt name,
DA1001,"Box Elder, West Bear River",Deer,Resident,Antlerless,100,22.7,30,4,better odds than peer median; permit count at or above peer median; point creep not worse than peer median; not an obvious marquee hunt name,
DA1002,"Box Elder, West Bear River",Deer,Resident,Antlerless,67.7,17.6,30,4,better odds than peer median; permit count at or above peer median; point creep not worse than peer median; not an obvious marquee hunt name,
DA1009,"Pine Valley, Enterprise",Deer,Nonresident,Antlerless,0,100,25,4,harvest success above peer median; permit count at or above peer median; point creep not worse than peer median; not an obvious marquee hunt name,
DA1009,"Pine Valley, Enterprise",Deer,Resident,Antlerless,0,100,25,4,harvest success above peer median; permit count at or above peer median; point creep not worse than peer median; not an obvious marquee hunt name,
DA1012,Junction Valley CWMU,Deer,Resident,CWMU,12.8,100,15,5,better odds than peer median; harvest success above peer median; permit count at or above peer median; point creep not worse than peer median; not an obvious marquee hunt name,
DA1027,"East Canyon, Davis-North Salt Lake",Deer,Nonresident,Antlerless,0,70.4,30,4,harvest success above peer median; permit count at or above peer median; point creep not worse than peer median; not an obvious marquee hunt name,
DA1027,"East Canyon, Davis-North Salt Lake",Deer,Resident,Antlerless,0,70.4,30,4,harvest success above peer median; permit count at or above peer median; point creep not worse than peer median; not an obvious marquee hunt name,
DA1030,"Nine Mile, Price River Valley",Deer,Resident,Antlerless,74.5,14.3,25,4,better odds than peer median; permit count at or above peer median; point creep not worse than peer median; not an obvious marquee hunt name,
DA1041,"Nine Mile, Green River Valley",Deer,Resident,Antlerless,6.1,60,15,4,better odds than peer median; harvest success above peer median; point creep not worse than peer median; not an obvious marquee hunt name,
DA1046,"Nine Mile, Price River Valley",Deer,Resident,Antlerless,71.3,50,25,4,better odds than peer median; permit count at or above peer median; point creep not worse than peer median; not an obvious marquee hunt name,
DA1047,Vernal-Ouray Valley,Deer,Resident,Antlerless,6.9,26.7,25,4,better odds than peer median; permit count at or above peer median; point creep not worse than peer median; not an obvious marquee hunt name,
DA1049,"Vernal, Ashley Valley",Deer,Nonresident,Antlerless,62.5,33.3,35,4,better odds than peer median; permit count at or above peer median; point creep not worse than peer median; not an obvious marquee hunt name,
DA1049,"Vernal, Ashley Valley",Deer,Resident,Antlerless,100,33.3,35,4,better odds than peer median; permit count at or above peer median; point creep not worse than peer median; not an obvious marquee hunt name,
DB1014,"San Juan, Elk Ridge",Deer,Resident,Limited Entry,0.2,100,17,4,harvest success above peer median; permit count at or above peer median; point creep not worse than peer median; not an obvious marquee hunt name,
DB1015,Diamond Mtn,Deer,Resident,Limited Entry,0,86.4,24,4,harvest success above peer median; permit count at or above peer median; point creep not worse than peer median; not an obvious marquee hunt name,
DB1019,"Fillmore, Oak Creek LE",Deer,Resident,Limited Entry,0.2,95,37,4,harvest success above peer median; permit count at or above peer median; point creep not worse than peer median; not an obvious marquee hunt name,
DB1020,Dolores Triangle,Deer,Resident,Limited Entry,0.2,100,15,4,harvest success above peer median; permit count at or above peer median; point creep not worse than peer median; not an obvious marquee hunt name,
DB1022,"San Juan, Elk Ridge",Deer,Nonresident,Limited Entry,0.1,88.9,47,4,harvest success above peer median; permit count at or above peer median; point creep not worse than peer median; not an obvious marquee hunt name,
DB1022,"San Juan, Elk Ridge",Deer,Resident,Limited Entry,0.8,88.9,47,4,harvest success above peer median; permit count at or above peer median; point creep not worse than peer median; not an obvious marquee hunt name,
DB1023,Diamond Mtn,Deer,Resident,Limited Entry,0.9,96.9,68,4,harvest success above peer median; permit count at or above peer median; point creep not worse than peer median; not an obvious marquee hunt name,
DB1024,"West Desert, Vernon",Deer,Nonresident,Limited Entry,0.3,85.4,144,4,harvest success above peer median; permit count at or above peer median; point creep not worse than peer median; not an obvious marquee hunt name,
DB1024,"West Desert, Vernon",Deer,Resident,Limited Entry,1.7,85.4,144,4,harvest success above peer median; permit count at or above peer median; point creep not worse than peer median; not an obvious marquee hunt name,
DB1037,"San Juan, Elk Ridge",Deer,Nonresident,Limited Entry,0.2,87.5,17,4,harvest success above peer median; permit count at or above peer median; point creep not worse than peer median; not an obvious marquee hunt name,
DB1037,"San Juan, Elk Ridge",Deer,Resident,Limited Entry,0.4,87.5,17,4,harvest success above peer median; permit count at or above peer median; point creep not worse than peer median; not an obvious marquee hunt name,
DB1038,Diamond Mtn,Deer,Resident,Limited Entry,0,91.3,24,4,harvest success above peer median; permit count at or above peer median; point creep not worse than peer median; not an obvious marquee hunt name,
DB1042,"West Desert, Vernon",Deer,Nonresident,Limited Entry,0.3,88,51,4,harvest success above peer median; permit count at or above peer median; point creep not worse than peer median; not an obvious marquee hunt name,
DB1042,"West Desert, Vernon",Deer,Resident,Limited Entry,1.5,88,51,4,harvest success above peer median; permit count at or above peer median; point creep not worse than peer median; not an obvious marquee hunt name,
DB1201,Alton - Management Buck CWMU,Deer,Nonresident,CWMU,0,100,1,4,harvest success above peer median; permit count at or above peer median; point creep not worse than peer median; not an obvious marquee hunt name,
DB1203,Avintaquin Canyon CWMU,Deer,Nonresident,CWMU,0,100,1,4,harvest success above peer median; permit count at or above peer median; point creep not worse than peer median; not an obvious marquee hunt name,
DB1203,Avintaquin Canyon CWMU,Deer,Resident,CWMU,95,100,1,4,better odds than peer median; harvest success above peer median; permit count at or above peer median; not an obvious marquee hunt name,
DB1206,Bear Mountain CWMU,Deer,Nonresident,CWMU,0,100,1,4,harvest success above peer median; permit count at or above peer median; point creep not worse than peer median; not an obvious marquee hunt name,
DB1206,Bear Mountain CWMU,Deer,Resident,CWMU,10.8,100,1,4,better odds than peer median; harvest success above peer median; permit count at or above peer median; not an obvious marquee hunt name,
DB1208,Blackhawk CWMU,Deer,Nonresident,CWMU,0,100,2,4,harvest success above peer median; permit count at or above peer median; point creep not worse than peer median; not an obvious marquee hunt name,
DB1211,Blue Spring Hills CWMU,Deer,Nonresident,CWMU,0,100,1,4,harvest success above peer median; permit count at or above peer median; point creep not worse than peer median; not an obvious marquee hunt name,
DB1211,Blue Spring Hills CWMU,Deer,Resident,CWMU,25.9,100,1,4,better odds than peer median; harvest success above peer median; permit count at or above peer median; not an obvious marquee hunt name,
DB1212,Bluebell CWMU,Deer,Nonresident,CWMU,0,100,1,4,harvest success above peer median; permit count at or above peer median; point creep not worse than peer median; not an obvious marquee hunt name,
DB1212,Bluebell CWMU,Deer,Resident,CWMU,17.7,100,1,4,better odds than peer median; harvest success above peer median; permit count at or above peer median; not an obvious marquee hunt name,
DB1216,Castle Valley Outdoors CWMU,Deer,Nonresident,CWMU,0,100,1,4,harvest success above peer median; permit count at or above peer median; point creep not worse than peer median; not an obvious marquee hunt name,
DB1216,Castle Valley Outdoors CWMU,Deer,Resident,CWMU,38.2,100,1,4,better odds than peer median; harvest success above peer median; permit count at or above peer median; not an obvious marquee hunt name,
DB1217,Causey Spring CWMU,Deer,Nonresident,CWMU,0,92.3,1,4,harvest success above peer median; permit count at or above peer median; point creep not worse than peer median; not an obvious marquee hunt name,
DB1217,Causey Spring CWMU,Deer,Resident,CWMU,8,92.3,1,4,better odds than peer median; harvest success above peer median; permit count at or above peer median; not an obvious marquee hunt name,
DB1222,Coldwater Ranch CWMU,Deer,Nonresident,CWMU,0,100,2,4,harvest success above peer median; permit count at or above peer median; point creep not worse than peer median; not an obvious marquee hunt name,
DB1227,Deer Haven CWMU,Deer,Nonresident,CWMU,0,100,2,4,harvest success above peer median; permit count at or above peer median; point creep not worse than peer median; not an obvious marquee hunt name,
DB1236,Engineer Springs CWMU,Deer,Nonresident,CWMU,0,100,1,4,harvest success above peer median; permit count at or above peer median; point creep not worse than peer median; not an obvious marquee hunt name,
DB1236,Engineer Springs CWMU,Deer,Resident,CWMU,20,100,1,4,better odds than peer median; harvest success above peer median; permit count at or above peer median; not an obvious marquee hunt name,
DB1239,Fort Ranch CWMU,Deer,Nonresident,CWMU,0,100,1,4,harvest success above peer median; permit count at or above peer median; point creep not worse than peer median; not an obvious marquee hunt name,
DB1239,Fort Ranch CWMU,Deer,Resident,CWMU,50.3,100,1,4,better odds than peer median; harvest success above peer median; permit count at or above peer median; not an obvious marquee hunt name,
DB1241,Golden Spike CWMU,Deer,Nonresident,CWMU,0,100,1,4,harvest success above peer median; permit count at or above peer median; point creep not worse than peer median; not an obvious marquee hunt name,
DB1241,Golden Spike CWMU,Deer,Resident,CWMU,15.5,100,1,4,better odds than peer median; harvest success above peer median; permit count at or above peer median; not an obvious marquee hunt name,
DB1242,Grass Valley/Clark Canyon CWMU,Deer,Nonresident,CWMU,0,91.2,14,4,harvest success above peer median; permit count at or above peer median; point creep not worse than peer median; not an obvious marquee hunt name,
DB1242,Grass Valley/Clark Canyon CWMU,Deer,Resident,CWMU,0,91.2,14,4,harvest success above peer median; permit count at or above peer median; point creep not worse than peer median; not an obvious marquee hunt name,
DB1252,Ingham Peak CWMU,Deer,Nonresident,CWMU,0,100,3,4,harvest success above peer median; permit count at or above peer median; point creep not worse than peer median; not an obvious marquee hunt name,
DB1253,Circle E Ranch CWMU,Deer,Nonresident,CWMU,0,100,1,4,harvest success above peer median; permit count at or above peer median; point creep not worse than peer median; not an obvious marquee hunt name,
DB1253,Circle E Ranch CWMU,Deer,Resident,CWMU,21,100,1,4,better odds than peer median; harvest success above peer median; permit count at or above peer median; not an obvious marquee hunt name,
DB1263,Moon Ranch CWMU,Deer,Nonresident,CWMU,0,100,1,4,harvest success above peer median; permit count at or above peer median; point creep not worse than peer median; not an obvious marquee hunt name,
DB1263,Moon Ranch CWMU,Deer,Resident,CWMU,14.4,100,1,4,better odds than peer median; harvest success above peer median; permit count at or above peer median; not an obvious marquee hunt name,
DB1264,Mountain Meadow CWMU,Deer,Nonresident,CWMU,0,100,1,4,harvest success above peer median; permit count at or above peer median; point creep not worse than peer median; not an obvious marquee hunt name,
DB1264,Mountain Meadow CWMU,Deer,Resident,CWMU,32.2,100,1,4,better odds than peer median; harvest success above peer median; permit count at or above peer median; not an obvious marquee hunt name,
DB1269,North Promontory CWMU,Deer,Nonresident,CWMU,0,100,1,4,harvest success above peer median; permit count at or above peer median; point creep not worse than peer median; not an obvious marquee hunt name,
DB1270,Nucor West CWMU,Deer,Nonresident,CWMU,0,100,1,4,harvest success above peer median; permit count at or above peer median; point creep not worse than peer median; not an obvious marquee hunt name,
DB1270,Nucor West CWMU,Deer,Resident,CWMU,17.2,100,1,4,better odds than peer median; harvest success above peer median; permit count at or above peer median; not an obvious marquee hunt name,
DB1277,Pocatello Valley CWMU,Deer,Nonresident,CWMU,0,100,1,4,harvest success above peer median; permit count at or above peer median; point creep not worse than peer median; not an obvious marquee hunt name,
DB1277,Pocatello Valley CWMU,Deer,Resident,CWMU,13.2,100,1,4,better odds than peer median; harvest success above peer median; permit count at or above peer median; not an obvious marquee hunt name,
DB1279,Preston Nutter Ranch CWMU,Deer,Nonresident,CWMU,0,100,1,4,harvest success above peer median; permit count at or above peer median; point creep not worse than peer median; not an obvious marquee hunt name,
DB1281,Rattlesnake Pass CWMU,Deer,Nonresident,CWMU,0,100,2,4,harvest success above peer median; permit count at or above peer median; point creep not worse than peer median; not an obvious marquee hunt name,
DB1281,Rattlesnake Pass CWMU,Deer,Resident,CWMU,0,100,2,4,harvest success above peer median; permit count at or above peer median; point creep not worse than peer median; not an obvious marquee hunt name,
DB1282,Redd Ranches CWMU,Deer,Nonresident,CWMU,0,93.3,2,4,harvest success above peer median; permit count at or above peer median; point creep not worse than peer median; not an obvious marquee hunt name,
DB1282,Redd Ranches CWMU,Deer,Resident,CWMU,0,93.3,2,4,harvest success above peer median; permit count at or above peer median; point creep not worse than peer median; not an obvious marquee hunt name,
DB1287,Scofield Canyons CWMU,Deer,Nonresident,CWMU,0,100,1,4,harvest success above peer median; permit count at or above peer median; point creep not worse than peer median; not an obvious marquee hunt name,
DB1287,Scofield Canyons CWMU,Deer,Resident,CWMU,16.4,100,1,4,better odds than peer median; harvest success above peer median; permit count at or above peer median; not an obvious marquee hunt name,
DB1288,Scofield West CWMU,Deer,Nonresident,CWMU,0,100,2,4,harvest success above peer median; permit count at or above peer median; point creep not worse than peer median; not an obvious marquee hunt name,
DB1288,Scofield West CWMU,Deer,Resident,CWMU,0,100,2,4,harvest success above peer median; permit count at or above peer median; point creep not worse than peer median; not an obvious marquee hunt name,
DB1290,Skull Crack CWMU,Deer,Nonresident,CWMU,0,100,1,4,harvest success above peer median; permit count at or above peer median; point creep not worse than peer median; not an obvious marquee hunt name,
DB1292,Soldier Summit CWMU,Deer,Nonresident,CWMU,0,100,2,4,harvest success above peer median; permit count at or above peer median; point creep not worse than peer median; not an obvious marquee hunt name,
DB1293,South Canyon CWMU,Deer,Nonresident,CWMU,0,100,1,4,harvest success above peer median; permit count at or above peer median; point creep not worse than peer median; not an obvious marquee hunt name,
DB1293,South Canyon CWMU,Deer,Resident,CWMU,26.7,100,1,4,better odds than peer median; harvest success above peer median; permit count at or above peer median; not an obvious marquee hunt name,
DB1299,Summit Point CWMU,Deer,Nonresident,CWMU,0,95.7,3,4,harvest success above peer median; permit count at or above peer median; point creep not worse than peer median; not an obvious marquee hunt name,
DB1299,Summit Point CWMU,Deer,Resident,CWMU,0,95.7,3,4,harvest success above peer median; permit count at or above peer median; point creep not worse than peer median; not an obvious marquee hunt name,
DB1304,Two Bear CWMU,Deer,Nonresident,CWMU,0,100,1,4,harvest success above peer median; permit count at or above peer median; point creep not worse than peer median; not an obvious marquee hunt name,
DB1304,Two Bear CWMU,Deer,Resident,CWMU,8.5,100,1,4,better odds than peer median; harvest success above peer median; permit count at or above peer median; not an obvious marquee hunt name,
DB1306,Washakie CWMU,Deer,Nonresident,CWMU,0,100,1,4,harvest success above peer median; permit count at or above peer median; point creep not worse than peer median; not an obvious marquee hunt name,
DB1306,Washakie CWMU,Deer,Resident,CWMU,7.3,100,1,4,better odds than peer median; harvest success above peer median; permit count at or above peer median; not an obvious marquee hunt name,
DB1308,West Hills CWMU,Deer,Nonresident,CWMU,0,92.9,2,4,harvest success above peer median; permit count at or above peer median; point creep not worse than peer median; not an obvious marquee hunt name,
DB1308,West Hills CWMU,Deer,Resident,CWMU,0,92.9,2,4,harvest success above peer median; permit count at or above peer median; point creep not worse than peer median; not an obvious marquee hunt name,
DB1309,West Willow Creek Ranch CWMU,Deer,Nonresident,CWMU,0,95.7,5,4,harvest success above peer median; permit count at or above peer median; point creep not worse than peer median; not an obvious marquee hunt name,
DB1312,Woodruff Creek South CWMU,Deer,Nonresident,CWMU,0,100,1,4,harvest success above peer median; permit count at or above peer median; point creep not worse than peer median; not an obvious marquee hunt name,
DB1312,Woodruff Creek South CWMU,Deer,Resident,CWMU,14.4,100,1,4,better odds than peer median; harvest success above peer median; permit count at or above peer median; not an obvious marquee hunt name,
DB1323,Rock House CWMU,Deer,Nonresident,CWMU,0,100,1,4,harvest success above peer median; permit count at or above peer median; point creep not worse than peer median; not an obvious marquee hunt name,
DB1323,Rock House CWMU,Deer,Resident,CWMU,75.7,100,1,4,better odds than peer median; harvest success above peer median; permit count at or above peer median; not an obvious marquee hunt name,
DB1330,Iron Spring CWMU,Deer,Nonresident,CWMU,0,100,1,4,harvest success above peer median; permit count at or above peer median; point creep not worse than peer median; not an obvious marquee hunt name,
DB1330,Iron Spring CWMU,Deer,Resident,CWMU,16.8,100,1,4,better odds than peer median; harvest success above peer median; permit count at or above peer median; not an obvious marquee hunt name,
DB1334,Alton - Cactus Buck CWMU,Deer,Nonresident,CWMU,0,100,1,4,harvest success above peer median; permit count at or above peer median; point creep not worse than peer median; not an obvious marquee hunt name,
DB1334,Alton - Cactus Buck CWMU,Deer,Resident,CWMU,37.5,100,1,4,better odds than peer median; harvest success above peer median; permit count at or above peer median; not an obvious marquee hunt name,
DB1335,Big Piney Ranch CWMU,Deer,Nonresident,CWMU,0,100,1,4,harvest success above peer median; permit count at or above peer median; point creep not worse than peer median; not an obvious marquee hunt name,
DB1335,Big Piney Ranch CWMU,Deer,Resident,CWMU,13.5,100,1,4,better odds than peer median; harvest success above peer median; permit count at or above peer median; not an obvious marquee hunt name,
DB1342,Faust Valley CWMU,Deer,Nonresident,CWMU,0,100,1,4,harvest success above peer median; permit count at or above peer median; point creep not worse than peer median; not an obvious marquee hunt name,
DB1342,Faust Valley CWMU,Deer,Resident,CWMU,7.6,100,1,4,better odds than peer median; harvest success above peer median; permit count at or above peer median; not an obvious marquee hunt name,
EA1013,"Manti, Central",Elk,Nonresident,Antlerless,80.1,49.2,70,4,better odds than peer median; harvest success above peer median; point creep not worse than peer median; not an obvious marquee hunt name,
EA1015,"Manti, Ferron Canyon",Elk,Nonresident,Antlerless,100,45.6,70,4,better odds than peer median; harvest success above peer median; point creep not worse than peer median; not an obvious marquee hunt name,
EA1017,"Manti, Gordon Creek-Price Canyon",Elk,Nonresident,Antlerless,87.5,33.3,100,4,better odds than peer median; permit count at or above peer median; point creep not worse than peer median; not an obvious marquee hunt name,
EA1017,"Manti, Gordon Creek-Price Canyon",Elk,Resident,Antlerless,74.1,33.3,100,4,better odds than peer median; permit count at or above peer median; point creep not worse than peer median; not an obvious marquee hunt name,
EA1020,"Manti, Mohrland-Stump Flat",Elk,Resident,Antlerless,100,37.2,120,4,better odds than peer median; permit count at or above peer median; point creep not worse than peer median; not an obvious marquee hunt name,
EA1021,Nebo,Elk,Nonresident,Antlerless,100,44.5,280,5,better odds than peer median; harvest success above peer median; permit count at or above peer median; point creep not worse than peer median; not an obvious marquee hunt name,
EA1021,Nebo,Elk,Resident,Antlerless,100,44.5,280,5,better odds than peer median; harvest success above peer median; permit count at or above peer median; point creep not worse than peer median; not an obvious marquee hunt name,
EA1022,"Manti, North",Elk,Nonresident,Antlerless,100,34.9,300,4,better odds than peer median; permit count at or above peer median; point creep not worse than peer median; not an obvious marquee hunt name,
EA1022,"Manti, North",Elk,Resident,Antlerless,100,34.9,300,4,better odds than peer median; permit count at or above peer median; point creep not worse than peer median; not an obvious marquee hunt name,
EA1023,"Manti, South",Elk,Nonresident,Antlerless,76.6,35.5,100,4,better odds than peer median; permit count at or above peer median; point creep not worse than peer median; not an obvious marquee hunt name,
EA1024,"Manti, South",Elk,Nonresident,Antlerless,0,62.8,100,4,harvest success above peer median; permit count at or above peer median; point creep not worse than peer median; not an obvious marquee hunt name,
EA1024,"Manti, South",Elk,Resident,Antlerless,2.9,62.8,100,4,harvest success above peer median; permit count at or above peer median; point creep not worse than peer median; not an obvious marquee hunt name,
EA1025,"Manti, West",Elk,Nonresident,Antlerless,100,38.5,120,5,better odds than peer median; harvest success above peer median; permit count at or above peer median; point creep not worse than peer median; not an obvious marquee hunt name,
EA1025,"Manti, West",Elk,Resident,Antlerless,100,38.5,120,5,better odds than peer median; harvest success above peer median; permit count at or above peer median; point creep not worse than peer median; not an obvious marquee hunt name,
EA1026,Chalk Creek,Elk,Nonresident,Antlerless,100,17.5,350,4,better odds than peer median; permit count at or above peer median; point creep not worse than peer median; not an obvious marquee hunt name,
EA1026,Chalk Creek,Elk,Resident,Antlerless,100,17.5,350,4,better odds than peer median; permit count at or above peer median; point creep not worse than peer median; not an obvious marquee hunt name,
EA1033,Kamas,Elk,Nonresident,Antlerless,83.8,12.1,100,4,better odds than peer median; permit count at or above peer median; point creep not worse than peer median; not an obvious marquee hunt name,
EA1033,Kamas,Elk,Resident,Antlerless,100,12.1,100,4,better odds than peer median; permit count at or above peer median; point creep not worse than peer median; not an obvious marquee hunt name,
EA1035,"Kamas, Oakley",Elk,Nonresident,Antlerless,100,7,100,4,better odds than peer median; permit count at or above peer median; point creep not worse than peer median; not an obvious marquee hunt name,
EA1035,"Kamas, Oakley",Elk,Resident,Antlerless,96.8,7,100,4,better odds than peer median; permit count at or above peer median; point creep not worse than peer median; not an obvious marquee hunt name,
EA1038,"La Sal, La Sal Mtns",Elk,Resident,Antlerless,100,28.9,200,4,better odds than peer median; permit count at or above peer median; point creep not worse than peer median; not an obvious marquee hunt name,
EA1039,"La Sal, La Sal Mtns",Elk,Resident,Antlerless,100,35.2,150,4,better odds than peer median; permit count at or above peer median; point creep not worse than peer median; not an obvious marquee hunt name,
EA1044,"Morgan-South Rich, South Rich",Elk,Nonresident,Antlerless,100,50,35,4,better odds than peer median; harvest success above peer median; point creep not worse than peer median; not an obvious marquee hunt name,
EA1044,"Morgan-South Rich, South Rich",Elk,Resident,Antlerless,93.8,50,35,4,better odds than peer median; harvest success above peer median; point creep not worse than peer median; not an obvious marquee hunt name,
EA1049,"Mt Dutton, Deep Creek",Elk,Nonresident,Antlerless,100,38.1,75,4,better odds than peer median; permit count at or above peer median; point creep not worse than peer median; not an obvious marquee hunt name,
EA1049,"Mt Dutton, Deep Creek",Elk,Resident,Antlerless,100,38.1,75,4,better odds than peer median; permit count at or above peer median; point creep not worse than peer median; not an obvious marquee hunt name,
EA1054,"Nine Mile, West Anthro",Elk,Nonresident,Antlerless,69.1,71.1,100,4,harvest success above peer median; permit count at or above peer median; point creep not worse than peer median; not an obvious marquee hunt name,
EA1054,"Nine Mile, West Anthro",Elk,Resident,Antlerless,100,71.1,100,4,better odds than peer median; harvest success above peer median; permit count at or above peer median; not an obvious marquee hunt name,
EA1063,Ogden,Elk,Resident,Antlerless,100,8.1,100,4,better odds than peer median; permit count at or above peer median; point creep not worse than peer median; not an obvious marquee hunt name,
EA1064,Ogden,Elk,Resident,Antlerless,100,3.6,75,4,better odds than peer median; permit count at or above peer median; point creep not worse than peer median; not an obvious marquee hunt name,
EA1078,Fishlake/Thousand Lakes,Elk,Nonresident,Antlerless,100,36.8,270,4,better odds than peer median; permit count at or above peer median; point creep not worse than peer median; not an obvious marquee hunt name,
EA1078,Fishlake/Thousand Lakes,Elk,Resident,Antlerless,74.1,36.8,270,4,better odds than peer median; permit count at or above peer median; point creep not worse than peer median; not an obvious marquee hunt name,
EA1081,San Juan,Elk,Nonresident,Antlerless,0,39.1,125,4,harvest success above peer median; permit count at or above peer median; point creep not worse than peer median; not an obvious marquee hunt name,
EA1081,San Juan,Elk,Resident,Antlerless,100,39.1,125,5,better odds than peer median; harvest success above peer median; permit count at or above peer median; point creep not worse than peer median; not an obvious marquee hunt name,
EA1082,San Juan,Elk,Nonresident,Antlerless,100,51.4,125,5,better odds than peer median; harvest success above peer median; permit count at or above peer median; point creep not worse than peer median; not an obvious marquee hunt name,
EA1082,San Juan,Elk,Resident,Antlerless,100,51.4,125,5,better odds than peer median; harvest success above peer median; permit count at or above peer median; point creep not worse than peer median; not an obvious marquee hunt name,
EA1085,Vernal/Bonanza,Elk,Nonresident,Antlerless,100,13.2,100,4,better odds than peer median; permit count at or above peer median; point creep not worse than peer median; not an obvious marquee hunt name,
EA1085,Vernal/Bonanza,Elk,Resident,Antlerless,100,13.2,100,4,better odds than peer median; permit count at or above peer median; point creep not worse than peer median; not an obvious marquee hunt name,
EA1087,Bonanza/Vernal,Elk,Resident,Antlerless,87.5,28.9,100,4,better odds than peer median; permit count at or above peer median; point creep not worse than peer median; not an obvious marquee hunt name,
EA1094,"Vernal, Mosby Mtn",Elk,Nonresident,Antlerless,100,47.1,100,5,better odds than peer median; harvest success above peer median; permit count at or above peer median; point creep not worse than peer median; not an obvious marquee hunt name,
EA1094,"Vernal, Mosby Mtn",Elk,Resident,Antlerless,100,47.1,100,5,better odds than peer median; harvest success above peer median; permit count at or above peer median; point creep not worse than peer median; not an obvious marquee hunt name,
EA1106,"Wasatch Mtns, Avintaquin",Elk,Nonresident,Antlerless,100,22,200,4,better odds than peer median; permit count at or above peer median; point creep not worse than peer median; not an obvious marquee hunt name,
EA1106,"Wasatch Mtns, Avintaquin",Elk,Resident,Antlerless,100,22,200,4,better odds than peer median; permit count at or above peer median; point creep not worse than peer median; not an obvious marquee hunt name,
EA1117,Zion,Elk,Nonresident,Antlerless,100,15.9,220,4,better odds than peer median; permit count at or above peer median; point creep not worse than peer median; not an obvious marquee hunt name,
EA1117,Zion,Elk,Resident,Antlerless,100,15.9,220,4,better odds than peer median; permit count at or above peer median; point creep not worse than peer median; not an obvious marquee hunt name,
EA1118,Alton CWMU,Elk,Resident,CWMU,27.4,20,6,4,better odds than peer median; permit count at or above peer median; point creep not worse than peer median; not an obvious marquee hunt name,
EA1119,Bar J Ranch CWMU,Elk,Resident,CWMU,15.7,75,12,4,better odds than peer median; permit count at or above peer median; point creep not worse than peer median; not an obvious marquee hunt name,
EA1120,Bear Mountain CWMU,Elk,Resident,CWMU,99.9,47.4,20,4,better odds than peer median; permit count at or above peer median; point creep not worse than peer median; not an obvious marquee hunt name,
EA1121,Boobe Hole CWMU,Elk,Resident,CWMU,13.3,70,10,4,better odds than peer median; permit count at or above peer median; point creep not worse than peer median; not an obvious marquee hunt name,
EA1124,Chimney Rock CWMU,Elk,Resident,CWMU,31.4,93.3,12,5,better odds than peer median; harvest success above peer median; permit count at or above peer median; point creep not worse than peer median; not an obvious marquee hunt name,
EA1125,Coldwater Ranch CWMU,Elk,Resident,CWMU,18.4,100,25,5,better odds than peer median; harvest success above peer median; permit count at or above peer median; point creep not worse than peer median; not an obvious marquee hunt name,
EA1129,Deseret CWMU,Elk,Resident,CWMU,100,57.2,425,4,better odds than peer median; permit count at or above peer median; point creep not worse than peer median; not an obvious marquee hunt name,
EA1130,Double Cone CWMU,Elk,Resident,CWMU,13.5,66.7,7,4,better odds than peer median; permit count at or above peer median; point creep not worse than peer median; not an obvious marquee hunt name,
EA1131,Durst Mountain CWMU,Elk,Resident,CWMU,19.8,72.7,30,4,better odds than peer median; permit count at or above peer median; point creep not worse than peer median; not an obvious marquee hunt name,
EA1132,East Fork Chalk Creek CWMU,Elk,Resident,CWMU,80.6,26.2,30,4,better odds than peer median; permit count at or above peer median; point creep not worse than peer median; not an obvious marquee hunt name,
EA1134,Ensign Ranches CWMU,Elk,Resident,CWMU,94.3,65.5,60,4,better odds than peer median; permit count at or above peer median; point creep not worse than peer median; not an obvious marquee hunt name,
EA1135,Folley Ridge CWMU,Elk,Resident,CWMU,30.5,63.2,20,4,better odds than peer median; permit count at or above peer median; point creep not worse than peer median; not an obvious marquee hunt name,
EA1136,Grass Valley/Clark Canyon CWMU,Elk,Resident,CWMU,62.5,46.3,50,4,better odds than peer median; permit count at or above peer median; point creep not worse than peer median; not an obvious marquee hunt name,
EA1137,Grazing Pasture CWMU,Elk,Resident,CWMU,10.7,86.7,9,4,better odds than peer median; harvest success above peer median; permit count at or above peer median; not an obvious marquee hunt name,
EA1138,Guildersleeve CWMU,Elk,Resident,CWMU,99.9,60,20,4,better odds than peer median; permit count at or above peer median; point creep not worse than peer median; not an obvious marquee hunt name,
EA1139,Hardscrabble CWMU,Elk,Resident,CWMU,50.7,22.2,10,4,better odds than peer median; permit count at or above peer median; point creep not worse than peer median; not an obvious marquee hunt name,
EA1140,Heaston East CWMU,Elk,Resident,CWMU,16.5,100,24,5,better odds than peer median; harvest success above peer median; permit count at or above peer median; point creep not worse than peer median; not an obvious marquee hunt name,
EA1141,Hiawatha CWMU,Elk,Resident,CWMU,46.3,58.3,12,4,better odds than peer median; permit count at or above peer median; point creep not worse than peer median; not an obvious marquee hunt name,
EA1142,Indian Head CWMU,Elk,Resident,CWMU,99.8,83.3,12,4,better odds than peer median; permit count at or above peer median; point creep not worse than peer median; not an obvious marquee hunt name,
EA1143,Circle E Ranch CWMU,Elk,Resident,CWMU,19.4,97.1,21,5,better odds than peer median; harvest success above peer median; permit count at or above peer median; point creep not worse than peer median; not an obvious marquee hunt name,
EA1145,Johnson Mountain Ranch CWMU,Elk,Resident,CWMU,16.6,81,20,4,better odds than peer median; permit count at or above peer median; point creep not worse than peer median; not an obvious marquee hunt name,
EA1146,Jump Creek CWMU,Elk,Resident,CWMU,52.1,92.3,9,5,better odds than peer median; harvest success above peer median; permit count at or above peer median; point creep not worse than peer median; not an obvious marquee hunt name,
EA1147,Little Red Creek CWMU,Elk,Resident,CWMU,14.8,66.7,15,4,better odds than peer median; permit count at or above peer median; point creep not worse than peer median; not an obvious marquee hunt name,
EA1149,Minnie Maud Ridge CWMU,Elk,Resident,CWMU,66.7,28.6,15,4,better odds than peer median; permit count at or above peer median; point creep not worse than peer median; not an obvious marquee hunt name,
EA1151,Moon Ranch CWMU,Elk,Resident,CWMU,74.5,33.3,6,4,better odds than peer median; permit count at or above peer median; point creep not worse than peer median; not an obvious marquee hunt name,
EA1156,Preston Nutter Ranch CWMU,Elk,Resident,CWMU,99.9,80,21,4,better odds than peer median; permit count at or above peer median; point creep not worse than peer median; not an obvious marquee hunt name,
EA1157,Redd Ranches CWMU,Elk,Resident,CWMU,79.3,61.3,35,4,better odds than peer median; permit count at or above peer median; point creep not worse than peer median; not an obvious marquee hunt name,
EA1158,Cactus Ranch LLC CWMU,Elk,Resident,CWMU,15.9,25,7,4,better odds than peer median; permit count at or above peer median; point creep not worse than peer median; not an obvious marquee hunt name,
EA1159,Roan Cliffs CWMU,Elk,Resident,CWMU,10.7,100,6,5,better odds than peer median; harvest success above peer median; permit count at or above peer median; point creep not worse than peer median; not an obvious marquee hunt name,
EA1161,Scofield Canyons CWMU,Elk,Resident,CWMU,10.9,100,9,5,better odds than peer median; harvest success above peer median; permit count at or above peer median; point creep not worse than peer median; not an obvious marquee hunt name,
EA1163,Scofield West CWMU,Elk,Resident,CWMU,61.1,74.2,19,4,better odds than peer median; permit count at or above peer median; point creep not worse than peer median; not an obvious marquee hunt name,
EA1164,SJ Ranch CWMU,Elk,Resident,CWMU,12.3,83.3,6,4,better odds than peer median; permit count at or above peer median; point creep not worse than peer median; not an obvious marquee hunt name,
EA1165,Skull Crack CWMU,Elk,Resident,CWMU,13,92.9,15,5,better odds than peer median; harvest success above peer median; permit count at or above peer median; point creep not worse than peer median; not an obvious marquee hunt name,
EA1166,Soldier Summit CWMU,Elk,Resident,CWMU,62.2,46.7,16,4,better odds than peer median; permit count at or above peer median; point creep not worse than peer median; not an obvious marquee hunt name,
EA1167,South Canyon CWMU,Elk,Resident,CWMU,15,80,12,4,better odds than peer median; permit count at or above peer median; point creep not worse than peer median; not an obvious marquee hunt name,
EA1168,Spring Creek/Dodge CWMU,Elk,Resident,CWMU,86.5,63.2,15,4,better odds than peer median; permit count at or above peer median; point creep not worse than peer median; not an obvious marquee hunt name,
EA1170,Strawberry Ridge CWMU,Elk,Resident,CWMU,14.2,90,10,5,better odds than peer median; harvest success above peer median; permit count at or above peer median; point creep not worse than peer median; not an obvious marquee hunt name,
EA1171,Summit Point CWMU,Elk,Resident,CWMU,85.4,66.7,5,4,better odds than peer median; permit count at or above peer median; point creep not worse than peer median; not an obvious marquee hunt name,
EA1172,Three C CWMU,Elk,Resident,CWMU,11.5,61.5,9,4,better odds than peer median; permit count at or above peer median; point creep not worse than peer median; not an obvious marquee hunt name,
EA1174,Two Bear CWMU,Elk,Resident,CWMU,71.5,71.4,60,4,better odds than peer median; permit count at or above peer median; point creep not worse than peer median; not an obvious marquee hunt name,
EA1175,Wallsburg CWMU,Elk,Resident,CWMU,100,28.6,10,4,better odds than peer median; permit count at or above peer median; point creep not worse than peer median; not an obvious marquee hunt name,
EA1177,Woodruff Creek South CWMU,Elk,Resident,CWMU,82.2,37.5,8,4,better odds than peer median; permit count at or above peer median; point creep not worse than peer median; not an obvious marquee hunt name,
EA1189,"Wasatch Mtns, West-Central",Elk,Nonresident,Antlerless,100,13.8,425,4,better odds than peer median; permit count at or above peer median; point creep not worse than peer median; not an obvious marquee hunt name,
EA1189,"Wasatch Mtns, West-Central",Elk,Resident,Antlerless,100,13.8,425,4,better odds than peer median; permit count at or above peer median; point creep not worse than peer median; not an obvious marquee hunt name,
EA1192,Pahvant Ensign CWMU,Elk,Resident,CWMU,100,16.7,6,4,better odds than peer median; permit count at or above peer median; point creep not worse than peer median; not an obvious marquee hunt name,
EA1196,"North Slope, Summit",Elk,Resident,Antlerless,100,24.7,75,4,better odds than peer median; permit count at or above peer median; point creep not worse than peer median; not an obvious marquee hunt name,
EA1200,Double R Ranch CWMU,Elk,Resident,CWMU,50,100,10,4,better odds than peer median; harvest success above peer median; permit count at or above peer median; not an obvious marquee hunt name,
EA1201,Mountain Sky Ranch CWMU,Elk,Resident,CWMU,37.6,90,10,5,better odds than peer median; harvest success above peer median; permit count at or above peer median; point creep not worse than peer median; not an obvious marquee hunt name,
EA1208,Nebo,Elk,Nonresident,Antlerless,100,45.9,325,5,better odds than peer median; harvest success above peer median; permit count at or above peer median; point creep not worse than peer median; not an obvious marquee hunt name,
EA1208,Nebo,Elk,Resident,Antlerless,60,45.9,325,4,harvest success above peer median; permit count at or above peer median; point creep not worse than peer median; not an obvious marquee hunt name,
EA1217,"Wasatch Mtns, Avintaquin",Elk,Nonresident,Antlerless,100,26,150,4,better odds than peer median; permit count at or above peer median; point creep not worse than peer median; not an obvious marquee hunt name,
EA1217,"Wasatch Mtns, Avintaquin",Elk,Resident,Antlerless,100,26,150,4,better odds than peer median; permit count at or above peer median; point creep not worse than peer median; not an obvious marquee hunt name,
EA1224,"Book Cliffs, Bitter Creek/South",Elk,Resident,Antlerless,100,57.6,130,4,better odds than peer median; harvest success above peer median; permit count at or above peer median; point creep not worse than peer median,
EA1225,"Book Cliffs, Bitter Creek/South",Elk,Nonresident,Antlerless,76.4,78.1,163,4,better odds than peer median; harvest success above peer median; permit count at or above peer median; point creep not worse than peer median,
EA1225,"Book Cliffs, Bitter Creek/South",Elk,Resident,Antlerless,81.6,78.1,163,4,better odds than peer median; harvest success above peer median; permit count at or above peer median; point creep not worse than peer median,
EA1228,Morgan-South Rich,Elk,Nonresident,Antlerless,100,30.6,75,4,better odds than peer median; permit count at or above peer median; point creep not worse than peer median; not an obvious marquee hunt name,
EA1228,Morgan-South Rich,Elk,Resident,Antlerless,100,30.6,75,4,better odds than peer median; permit count at or above peer median; point creep not worse than peer median; not an obvious marquee hunt name,
EA1229,Morgan-South Rich,Elk,Nonresident,Antlerless,77.8,30,160,4,better odds than peer median; permit count at or above peer median; point creep not worse than peer median; not an obvious marquee hunt name,
EA1229,Morgan-South Rich,Elk,Resident,Antlerless,100,30,160,4,better odds than peer median; permit count at or above peer median; point creep not worse than peer median; not an obvious marquee hunt name,
EA1233,Avintaquin Canyon CWMU,Elk,Resident,CWMU,99.5,0,4,4,better odds than peer median; permit count at or above peer median; point creep not worse than peer median; not an obvious marquee hunt name,
EA1234,Royal Ivory Outfitters CWMU,Elk,Resident,CWMU,85.4,43.8,15,4,better odds than peer median; permit count at or above peer median; point creep not worse than peer median; not an obvious marquee hunt name,
EA1235,Sharp Mountain CWMU,Elk,Resident,CWMU,50.4,30,10,4,better odds than peer median; permit count at or above peer median; point creep not worse than peer median; not an obvious marquee hunt name,
EA1236,East Canyon,Elk,Nonresident,Antlerless,100,6,150,4,better odds than peer median; permit count at or above peer median; point creep not worse than peer median; not an obvious marquee hunt name,
EA1236,East Canyon,Elk,Resident,Antlerless,100,6,150,4,better odds than peer median; permit count at or above peer median; point creep not worse than peer median; not an obvious marquee hunt name,
EA1237,"La Sal, La Sal Mtns-North",Elk,Nonresident,Antlerless,100,8.5,175,4,better odds than peer median; permit count at or above peer median; point creep not worse than peer median; not an obvious marquee hunt name,
EA1237,"La Sal, La Sal Mtns-North",Elk,Resident,Antlerless,100,8.5,175,4,better odds than peer median; permit count at or above peer median; point creep not worse than peer median; not an obvious marquee hunt name,
EA1240,"Nine Mile, Range Creek",Elk,Nonresident,Antlerless,88.5,47.7,150,5,better odds than peer median; harvest success above peer median; permit count at or above peer median; point creep not worse than peer median; not an obvious marquee hunt name,
EA1240,"Nine Mile, Range Creek",Elk,Resident,Antlerless,100,47.7,150,5,better odds than peer median; harvest success above peer median; permit count at or above peer median; point creep not worse than peer median; not an obvious marquee hunt name,
EA1242,"Vernal, Buckskin Hills-Jensen",Elk,Nonresident,Antlerless,91.7,25.6,100,4,better odds than peer median; permit count at or above peer median; point creep not worse than peer median; not an obvious marquee hunt name,
EA1242,"Vernal, Buckskin Hills-Jensen",Elk,Resident,Antlerless,100,25.6,100,4,better odds than peer median; permit count at or above peer median; point creep not worse than peer median; not an obvious marquee hunt name,
EA1243,"Vernal, Buckskin Hills-Jensen",Elk,Nonresident,Antlerless,70.6,40,100,4,harvest success above peer median; permit count at or above peer median; point creep not worse than peer median; not an obvious marquee hunt name,
EA1243,"Vernal, Buckskin Hills-Jensen",Elk,Resident,Antlerless,100,40,100,5,better odds than peer median; harvest success above peer median; permit count at or above peer median; point creep not worse than peer median; not an obvious marquee hunt name,
EA1244,Yellowstone,Elk,Resident,Antlerless,90.9,17.4,100,4,better odds than peer median; permit count at or above peer median; point creep not worse than peer median; not an obvious marquee hunt name,
EA1256,Little Pole Canyon CWMU,Elk,Resident,CWMU,65.7,33.3,9,4,better odds than peer median; permit count at or above peer median; point creep not worse than peer median; not an obvious marquee hunt name,
EA1257,Tunnel Hollow CWMU,Elk,Resident,CWMU,9.9,60,5,4,better odds than peer median; permit count at or above peer median; point creep not worse than peer median; not an obvious marquee hunt name,
EA1260,West Ridge CWMU,Elk,Resident,CWMU,100,20,5,4,better odds than peer median; permit count at or above peer median; point creep not worse than peer median; not an obvious marquee hunt name,
EA1261,Blackhawk CWMU,Elk,Resident,CWMU,50,33.3,5,4,better odds than peer median; permit count at or above peer median; point creep not worse than peer median; not an obvious marquee hunt name,
EA1263,Weber Florence Creek/Stillman Creek CWMU,Elk,Resident,CWMU,100,55.3,35,4,better odds than peer median; permit count at or above peer median; point creep not worse than peer median; not an obvious marquee hunt name,
EA1264,"Wasatch Mtns, Rabbit Gulch",Elk,Nonresident,Antlerless,81.7,40.5,50,4,better odds than peer median; harvest success above peer median; point creep not worse than peer median; not an obvious marquee hunt name,
EA1264,"Wasatch Mtns, Rabbit Gulch",Elk,Resident,Antlerless,100,40.5,50,4,better odds than peer median; harvest success above peer median; point creep not worse than peer median; not an obvious marquee hunt name,
EA1265,"Wasatch Mtns, Tabby Mtn",Elk,Nonresident,Antlerless,96.6,69,100,5,better odds than peer median; harvest success above peer median; permit count at or above peer median; point creep not worse than peer median; not an obvious marquee hunt name,
EA1265,"Wasatch Mtns, Tabby Mtn",Elk,Resident,Antlerless,100,69,100,5,better odds than peer median; harvest success above peer median; permit count at or above peer median; point creep not worse than peer median; not an obvious marquee hunt name,
EA1266,"Box Elder, Hansel Mtn",Elk,Nonresident,Antlerless,78.1,52.6,30,4,better odds than peer median; harvest success above peer median; point creep not worse than peer median; not an obvious marquee hunt name,
EA1268,"North Slope, Summit",Elk,Nonresident,Antlerless,100,8.5,200,4,better odds than peer median; permit count at or above peer median; point creep not worse than peer median; not an obvious marquee hunt name,
EA1268,"North Slope, Summit",Elk,Resident,Antlerless,100,8.5,200,4,better odds than peer median; permit count at or above peer median; point creep not worse than peer median; not an obvious marquee hunt name,
EA1269,Ogden (Excludes Hyrum),Elk,Nonresident,Antlerless,100,30.1,300,4,better odds than peer median; permit count at or above peer median; point creep not worse than peer median; not an obvious marquee hunt name,
EA1269,Ogden (Excludes Hyrum),Elk,Resident,Antlerless,100,30.1,300,4,better odds than peer median; permit count at or above peer median; point creep not worse than peer median; not an obvious marquee hunt name,
EA1272,"East Canyon, East",Elk,Nonresident,Antlerless,100,5.1,150,4,better odds than peer median; permit count at or above peer median; point creep not worse than peer median; not an obvious marquee hunt name,
EA1272,"East Canyon, East",Elk,Resident,Antlerless,100,5.1,150,4,better odds than peer median; permit count at or above peer median; point creep not worse than peer median; not an obvious marquee hunt name,
EA1273,"North Slope, Three Corners",Elk,Nonresident,Antlerless,100,82.6,25,4,better odds than peer median; harvest success above peer median; point creep not worse than peer median; not an obvious marquee hunt name,
EA1273,"North Slope, Three Corners",Elk,Resident,Antlerless,100,82.6,25,4,better odds than peer median; harvest success above peer median; point creep not worse than peer median; not an obvious marquee hunt name,
EA1277,"North Slope, Three Corners",Elk,Nonresident,Antlerless,100,62.5,25,4,better odds than peer median; harvest success above peer median; point creep not worse than peer median; not an obvious marquee hunt name,
EA1278,"Manti, Ferron-Nelson Mtn",Elk,Nonresident,Antlerless,100,48.7,50,4,better odds than peer median; harvest success above peer median; point creep not worse than peer median; not an obvious marquee hunt name,
EA1278,"Manti, Ferron-Nelson Mtn",Elk,Resident,Antlerless,100,48.7,50,4,better odds than peer median; harvest success above peer median; point creep not worse than peer median; not an obvious marquee hunt name,
EA1280,"La Sal, La Sal Mtns-North",Elk,Nonresident,Antlerless,100,30.6,175,4,better odds than peer median; permit count at or above peer median; point creep not worse than peer median; not an obvious marquee hunt name,
EA1280,"La Sal, La Sal Mtns-North",Elk,Resident,Antlerless,100,30.6,175,4,better odds than peer median; permit count at or above peer median; point creep not worse than peer median; not an obvious marquee hunt name,
EA1281,"Mt Dutton, Deep Creek",Elk,Nonresident,Antlerless,100,37.5,75,4,better odds than peer median; permit count at or above peer median; point creep not worse than peer median; not an obvious marquee hunt name,
EA1281,"Mt Dutton, Deep Creek",Elk,Resident,Antlerless,100,37.5,75,4,better odds than peer median; permit count at or above peer median; point creep not worse than peer median; not an obvious marquee hunt name,
EA1282,"Ogden, North",Elk,Nonresident,Antlerless,100,,200,4,better odds than peer median; permit count at or above peer median; point creep not worse than peer median; not an obvious marquee hunt name,
EA1282,"Ogden, North",Elk,Resident,Antlerless,100,,200,4,better odds than peer median; permit count at or above peer median; point creep not worse than peer median; not an obvious marquee hunt name,
EA2033,Kamas,Elk,Nonresident,Antlerless,100,2.1,200,4,better odds than peer median; permit count at or above peer median; point creep not worse than peer median; not an obvious marquee hunt name,
EA2033,Kamas,Elk,Resident,Antlerless,100,2.1,200,4,better odds than peer median; permit count at or above peer median; point creep not worse than peer median; not an obvious marquee hunt name,
EA2034,"Nine Mile, Anthro",Elk,Nonresident,Antlerless,100,0,200,4,better odds than peer median; permit count at or above peer median; point creep not worse than peer median; not an obvious marquee hunt name,
EA2034,"Nine Mile, Anthro",Elk,Resident,Antlerless,100,0,200,4,better odds than peer median; permit count at or above peer median; point creep not worse than peer median; not an obvious marquee hunt name,
EA2037,Yellowstone,Elk,Nonresident,Antlerless,100,17.8,200,4,better odds than peer median; permit count at or above peer median; point creep not worse than peer median; not an obvious marquee hunt name,
EA2037,Yellowstone,Elk,Resident,Antlerless,100,17.8,200,4,better odds than peer median; permit count at or above peer median; point creep not worse than peer median; not an obvious marquee hunt name,
EA2038,Wasatch Mtns,Elk,Nonresident,Antlerless,100,13.4,1200,4,better odds than peer median; permit count at or above peer median; point creep not worse than peer median; not an obvious marquee hunt name,
EA2038,Wasatch Mtns,Elk,Resident,Antlerless,100,13.4,1200,4,better odds than peer median; permit count at or above peer median; point creep not worse than peer median; not an obvious marquee hunt name,
EB3000,"Beaver, East",Elk,Nonresident,Mature Bull,0,76.9,25,5,harvest success above peer median; permit count at or above peer median; point creep not worse than peer median; management objective meeting/above where comparable data exists; not an obvious marquee hunt name,
EB3000,"Beaver, East",Elk,Resident,Mature Bull,0.8,76.9,25,5,harvest success above peer median; permit count at or above peer median; point creep not worse than peer median; management objective meeting/above where comparable data exists; not an obvious marquee hunt name,
EB3006,Manti,Elk,Nonresident,Mature Bull,0.8,30.4,165,4,permit count at or above peer median; point creep not worse than peer median; management objective meeting/above where comparable data exists; not an obvious marquee hunt name,
EB3006,Manti,Elk,Resident,Mature Bull,0,30.4,165,4,permit count at or above peer median; point creep not worse than peer median; management objective meeting/above where comparable data exists; not an obvious marquee hunt name,
EB3008,"Fillmore, Pahvant",Elk,Nonresident,Mature Bull,0.1,31.8,21,4,permit count at or above peer median; point creep not worse than peer median; management objective meeting/above where comparable data exists; not an obvious marquee hunt name,
EB3008,"Fillmore, Pahvant",Elk,Resident,Mature Bull,0,31.8,21,4,permit count at or above peer median; point creep not worse than peer median; management objective meeting/above where comparable data exists; not an obvious marquee hunt name,
EB3009,La Sal Mtns,Elk,Nonresident,Mature Bull,0,41.5,40,4,permit count at or above peer median; point creep not worse than peer median; management objective meeting/above where comparable data exists; not an obvious marquee hunt name,
EB3009,La Sal Mtns,Elk,Resident,Mature Bull,0,41.5,40,4,permit count at or above peer median; point creep not worse than peer median; management objective meeting/above where comparable data exists; not an obvious marquee hunt name,
EB3010,Monroe,Elk,Nonresident,Mature Bull,0.1,100,23,4,harvest success above peer median; permit count at or above peer median; management objective meeting/above where comparable data exists; not an obvious marquee hunt name,
EB3010,Monroe,Elk,Resident,Mature Bull,0.7,100,23,5,harvest success above peer median; permit count at or above peer median; point creep not worse than peer median; management objective meeting/above where comparable data exists; not an obvious marquee hunt name,
EB3011,Mt Dutton,Elk,Nonresident,Mature Bull,0.1,38.1,21,4,permit count at or above peer median; point creep not worse than peer median; management objective meeting/above where comparable data exists; not an obvious marquee hunt name,
EB3011,Mt Dutton,Elk,Resident,Mature Bull,0,38.1,21,4,permit count at or above peer median; point creep not worse than peer median; management objective meeting/above where comparable data exists; not an obvious marquee hunt name,
EB3015,Panguitch Lake,Elk,Resident,Mature Bull,0.5,38.9,19,4,permit count at or above peer median; point creep not worse than peer median; management objective meeting/above where comparable data exists; not an obvious marquee hunt name,
EB3018,Fishlake/Thousand Lakes,Elk,Nonresident,Mature Bull,0.5,33.3,93,4,permit count at or above peer median; point creep not worse than peer median; management objective meeting/above where comparable data exists; not an obvious marquee hunt name,
EB3018,Fishlake/Thousand Lakes,Elk,Resident,Mature Bull,0,33.3,93,4,permit count at or above peer median; point creep not worse than peer median; management objective meeting/above where comparable data exists; not an obvious marquee hunt name,
EB3019,San Juan Bull Elk,Elk,Resident,Mature Bull,2.5,55.2,32,4,permit count at or above peer median; point creep not worse than peer median; management objective meeting/above where comparable data exists; not an obvious marquee hunt name,
EB3020,Diamond Mtn,Elk,Nonresident,Mature Bull,0.1,28,28,4,permit count at or above peer median; point creep not worse than peer median; management objective meeting/above where comparable data exists; not an obvious marquee hunt name,
EB3020,Diamond Mtn,Elk,Resident,Mature Bull,0,28,28,4,permit count at or above peer median; point creep not worse than peer median; management objective meeting/above where comparable data exists; not an obvious marquee hunt name,
EB3024,"Beaver, East",Elk,Resident,Mature Bull,0.1,90.9,10,4,harvest success above peer median; point creep not worse than peer median; management objective meeting/above where comparable data exists; not an obvious marquee hunt name,
EB3025,"Beaver, East",Elk,Nonresident,Mature Bull,0.1,88.2,17,4,harvest success above peer median; permit count at or above peer median; management objective meeting/above where comparable data exists; not an obvious marquee hunt name,
EB3025,"Beaver, East",Elk,Resident,Mature Bull,0.4,88.2,17,5,harvest success above peer median; permit count at or above peer median; point creep not worse than peer median; management objective meeting/above where comparable data exists; not an obvious marquee hunt name,
EB3031,"Box Elder, Pilot Mtn",Elk,Resident,Mature Bull,0.2,75,7,4,harvest success above peer median; point creep not worse than peer median; management objective meeting/above where comparable data exists; not an obvious marquee hunt name,
EB3036,"Cache, South",Elk,Nonresident,Mature Bull,0,100,4,4,harvest success above peer median; point creep not worse than peer median; management objective meeting/above where comparable data exists; not an obvious marquee hunt name,
EB3038,Manti,Elk,Nonresident,Mature Bull,0.1,70.8,68,4,permit count at or above peer median; point creep not worse than peer median; management objective meeting/above where comparable data exists; not an obvious marquee hunt name,
EB3038,Manti,Elk,Resident,Mature Bull,0.6,70.8,68,4,permit count at or above peer median; point creep not worse than peer median; management objective meeting/above where comparable data exists; not an obvious marquee hunt name,
EB3039,Manti,Elk,Nonresident,Mature Bull,0.3,81.1,113,5,harvest success above peer median; permit count at or above peer median; point creep not worse than peer median; management objective meeting/above where comparable data exists; not an obvious marquee hunt name,
EB3039,Manti,Elk,Resident,Mature Bull,2.6,81.1,113,5,harvest success above peer median; permit count at or above peer median; point creep not worse than peer median; management objective meeting/above where comparable data exists; not an obvious marquee hunt name,
EB3043,"Fillmore, Pahvant",Elk,Resident,Mature Bull,0.7,66.7,15,4,permit count at or above peer median; point creep not worse than peer median; management objective meeting/above where comparable data exists; not an obvious marquee hunt name,
EB3044,Dolores Triangle,Elk,Resident,Mature Bull,0,85.7,7,4,harvest success above peer median; point creep not worse than peer median; management objective meeting/above where comparable data exists; not an obvious marquee hunt name,
EB3045,La Sal Mtns,Elk,Resident,Mature Bull,0.2,47.1,16,4,permit count at or above peer median; point creep not worse than peer median; management objective meeting/above where comparable data exists; not an obvious marquee hunt name,
EB3046,La Sal Mtns,Elk,Nonresident,Mature Bull,0.2,42.9,27,4,permit count at or above peer median; point creep not worse than peer median; management objective meeting/above where comparable data exists; not an obvious marquee hunt name,
EB3046,La Sal Mtns,Elk,Resident,Mature Bull,0,42.9,27,4,permit count at or above peer median; point creep not worse than peer median; management objective meeting/above where comparable data exists; not an obvious marquee hunt name,
EB3047,Monroe,Elk,Resident,Mature Bull,0.1,100,9,4,harvest success above peer median; point creep not worse than peer median; management objective meeting/above where comparable data exists; not an obvious marquee hunt name,
EB3048,Monroe,Elk,Nonresident,Mature Bull,0.1,93.3,15,4,harvest success above peer median; permit count at or above peer median; management objective meeting/above where comparable data exists; not an obvious marquee hunt name,
EB3048,Monroe,Elk,Resident,Mature Bull,0.8,93.3,15,5,harvest success above peer median; permit count at or above peer median; point creep not worse than peer median; management objective meeting/above where comparable data exists; not an obvious marquee hunt name,
EB3049,Mt Dutton,Elk,Resident,Mature Bull,0.2,87.5,9,4,harvest success above peer median; point creep not worse than peer median; management objective meeting/above where comparable data exists; not an obvious marquee hunt name,
EB3050,Mt Dutton,Elk,Nonresident,Mature Bull,0.1,93.3,15,4,harvest success above peer median; permit count at or above peer median; management objective meeting/above where comparable data exists; not an obvious marquee hunt name,
EB3050,Mt Dutton,Elk,Resident,Mature Bull,0.4,93.3,15,5,harvest success above peer median; permit count at or above peer median; point creep not worse than peer median; management objective meeting/above where comparable data exists; not an obvious marquee hunt name,
EB3056,Panguitch Lake,Elk,Resident,Mature Bull,0.1,91.7,8,4,harvest success above peer median; point creep not worse than peer median; management objective meeting/above where comparable data exists; not an obvious marquee hunt name,
EB3057,Panguitch Lake,Elk,Resident,Mature Bull,0.5,84.6,13,4,harvest success above peer median; point creep not worse than peer median; management objective meeting/above where comparable data exists; not an obvious marquee hunt name,
EB3063,Fishlake/Thousand Lakes,Elk,Nonresident,Mature Bull,0.1,84.2,38,4,harvest success above peer median; permit count at or above peer median; management objective meeting/above where comparable data exists; not an obvious marquee hunt name,
EB3063,Fishlake/Thousand Lakes,Elk,Resident,Mature Bull,0.9,84.2,38,5,harvest success above peer median; permit count at or above peer median; point creep not worse than peer median; management objective meeting/above where comparable data exists; not an obvious marquee hunt name,
EB3064,Fishlake/Thousand Lakes,Elk,Nonresident,Mature Bull,0.3,57.9,110,4,permit count at or above peer median; point creep not worse than peer median; management objective meeting/above where comparable data exists; not an obvious marquee hunt name,
EB3064,Fishlake/Thousand Lakes,Elk,Resident,Mature Bull,0,57.9,110,4,permit count at or above peer median; point creep not worse than peer median; management objective meeting/above where comparable data exists; not an obvious marquee hunt name,
EB3065,Fishlake/Thousand Lakes,Elk,Nonresident,Mature Bull,0.3,84.4,63,5,harvest success above peer median; permit count at or above peer median; point creep not worse than peer median; management objective meeting/above where comparable data exists; not an obvious marquee hunt name,
EB3065,Fishlake/Thousand Lakes,Elk,Resident,Mature Bull,2.3,84.4,63,5,harvest success above peer median; permit count at or above peer median; point creep not worse than peer median; management objective meeting/above where comparable data exists; not an obvious marquee hunt name,
EB3067,San Juan Bull Elk,Elk,Nonresident,Mature Bull,0.1,70,22,4,permit count at or above peer median; point creep not worse than peer median; management objective meeting/above where comparable data exists; not an obvious marquee hunt name,
EB3067,San Juan Bull Elk,Elk,Resident,Mature Bull,0.6,70,22,4,permit count at or above peer median; point creep not worse than peer median; management objective meeting/above where comparable data exists; not an obvious marquee hunt name,
EB3068,Diamond Mtn,Elk,Resident,Mature Bull,0.1,81.8,11,4,harvest success above peer median; point creep not worse than peer median; management objective meeting/above where comparable data exists; not an obvious marquee hunt name,
EB3069,Diamond Mtn,Elk,Nonresident,Mature Bull,0.1,80,33,5,harvest success above peer median; permit count at or above peer median; point creep not worse than peer median; management objective meeting/above where comparable data exists; not an obvious marquee hunt name,
EB3069,Diamond Mtn,Elk,Resident,Mature Bull,2.6,80,33,5,harvest success above peer median; permit count at or above peer median; point creep not worse than peer median; management objective meeting/above where comparable data exists; not an obvious marquee hunt name,
EB3077,"Beaver, East",Elk,Nonresident,Mature Bull,0.1,92.9,15,4,harvest success above peer median; permit count at or above peer median; management objective meeting/above where comparable data exists; not an obvious marquee hunt name,
EB3077,"Beaver, East",Elk,Resident,Mature Bull,0.8,92.9,15,5,harvest success above peer median; permit count at or above peer median; point creep not worse than peer median; management objective meeting/above where comparable data exists; not an obvious marquee hunt name,
EB3084,Manti,Elk,Nonresident,Mature Bull,0.6,72.1,99,4,permit count at or above peer median; point creep not worse than peer median; management objective meeting/above where comparable data exists; not an obvious marquee hunt name,
EB3084,Manti,Elk,Resident,Mature Bull,5.4,72.1,99,5,better odds than peer median; permit count at or above peer median; point creep not worse than peer median; management objective meeting/above where comparable data exists; not an obvious marquee hunt name,
EB3087,La Sal Mtns,Elk,Resident,Mature Bull,0,58.3,24,4,permit count at or above peer median; point creep not worse than peer median; management objective meeting/above where comparable data exists; not an obvious marquee hunt name,
EB3088,Monroe,Elk,Resident,Mature Bull,1,83.3,14,4,harvest success above peer median; point creep not worse than peer median; management objective meeting/above where comparable data exists; not an obvious marquee hunt name,
EB3093,Panguitch Lake,Elk,Resident,Mature Bull,0.7,75,11,4,harvest success above peer median; point creep not worse than peer median; management objective meeting/above where comparable data exists; not an obvious marquee hunt name,
EB3096,Fishlake/Thousand Lakes,Elk,Nonresident,Mature Bull,0.4,76.4,56,5,harvest success above peer median; permit count at or above peer median; point creep not worse than peer median; management objective meeting/above where comparable data exists; not an obvious marquee hunt name,
EB3096,Fishlake/Thousand Lakes,Elk,Resident,Mature Bull,1.7,76.4,56,5,harvest success above peer median; permit count at or above peer median; point creep not worse than peer median; management objective meeting/above where comparable data exists; not an obvious marquee hunt name,
EB3097,San Juan Bull Elk,Elk,Nonresident,Mature Bull,0.1,76.5,19,4,harvest success above peer median; permit count at or above peer median; management objective meeting/above where comparable data exists; not an obvious marquee hunt name,
EB3097,San Juan Bull Elk,Elk,Resident,Mature Bull,1.3,76.5,19,5,harvest success above peer median; permit count at or above peer median; point creep not worse than peer median; management objective meeting/above where comparable data exists; not an obvious marquee hunt name,
EB3098,Diamond Mtn,Elk,Nonresident,Mature Bull,0.2,66.7,17,4,permit count at or above peer median; point creep not worse than peer median; management objective meeting/above where comparable data exists; not an obvious marquee hunt name,
EB3098,Diamond Mtn,Elk,Resident,Mature Bull,0,66.7,17,4,permit count at or above peer median; point creep not worse than peer median; management objective meeting/above where comparable data exists; not an obvious marquee hunt name,
EB3102,"Beaver, East",Elk,Nonresident,Mature Bull,0,100,3,4,harvest success above peer median; point creep not worse than peer median; management objective meeting/above where comparable data exists; not an obvious marquee hunt name,
EB3102,"Beaver, East",Elk,Resident,Mature Bull,0,100,3,4,harvest success above peer median; point creep not worse than peer median; management objective meeting/above where comparable data exists; not an obvious marquee hunt name,
EB3107,"Cache, South",Elk,Nonresident,Mature Bull,0,100,1,4,harvest success above peer median; point creep not worse than peer median; management objective meeting/above where comparable data exists; not an obvious marquee hunt name,
EB3108,Manti,Elk,Nonresident,Mature Bull,0.2,73.9,20,4,permit count at or above peer median; point creep not worse than peer median; management objective meeting/above where comparable data exists; not an obvious marquee hunt name,
EB3108,Manti,Elk,Resident,Mature Bull,0.5,73.9,20,4,permit count at or above peer median; point creep not worse than peer median; management objective meeting/above where comparable data exists; not an obvious marquee hunt name,
EB3111,La Sal Mtns,Elk,Nonresident,Mature Bull,0,100,5,4,harvest success above peer median; point creep not worse than peer median; management objective meeting/above where comparable data exists; not an obvious marquee hunt name,
EB3111,La Sal Mtns,Elk,Resident,Mature Bull,0.3,100,5,4,harvest success above peer median; point creep not worse than peer median; management objective meeting/above where comparable data exists; not an obvious marquee hunt name,
EB3112,Monroe,Elk,Nonresident,Mature Bull,0,100,3,4,harvest success above peer median; point creep not worse than peer median; management objective meeting/above where comparable data exists; not an obvious marquee hunt name,
EB3112,Monroe,Elk,Resident,Mature Bull,0.1,100,3,4,harvest success above peer median; point creep not worse than peer median; management objective meeting/above where comparable data exists; not an obvious marquee hunt name,
EB3121,San Juan Bull Elk,Elk,Nonresident,Mature Bull,0,100,4,4,harvest success above peer median; point creep not worse than peer median; management objective meeting/above where comparable data exists; not an obvious marquee hunt name,
EB3122,Diamond Mtn,Elk,Nonresident,Mature Bull,0,100,3,4,harvest success above peer median; point creep not worse than peer median; management objective meeting/above where comparable data exists; not an obvious marquee hunt name,
EB3122,Diamond Mtn,Elk,Resident,Mature Bull,0.1,100,3,4,harvest success above peer median; point creep not worse than peer median; management objective meeting/above where comparable data exists; not an obvious marquee hunt name,
EB3126,Manti,Elk,Nonresident,Mature Bull,0.8,69.2,195,4,permit count at or above peer median; point creep not worse than peer median; management objective meeting/above where comparable data exists; not an obvious marquee hunt name,
EB3126,Manti,Elk,Resident,Mature Bull,9.3,69.2,195,5,better odds than peer median; permit count at or above peer median; point creep not worse than peer median; management objective meeting/above where comparable data exists; not an obvious marquee hunt name,
EB3127,Wasatch Mtns,Elk,Resident,Mature Bull,6.2,68.7,172,4,better odds than peer median; permit count at or above peer median; point creep not worse than peer median; not an obvious marquee hunt name,
EB3132,"Cache, North",Elk,Nonresident,Mature Bull,0,37.5,24,4,permit count at or above peer median; point creep not worse than peer median; management objective meeting/above where comparable data exists; not an obvious marquee hunt name,
EB3132,"Cache, North",Elk,Resident,Mature Bull,0,37.5,24,4,permit count at or above peer median; point creep not worse than peer median; management objective meeting/above where comparable data exists; not an obvious marquee hunt name,
EB3136,"Southwest Desert, North",Elk,Resident,Mature Bull,0,42.1,23,4,permit count at or above peer median; point creep not worse than peer median; management objective meeting/above where comparable data exists; not an obvious marquee hunt name,
EB3137,"West Desert, Deep Creek",Elk,Resident,Mature Bull,0,61.5,15,4,permit count at or above peer median; point creep not worse than peer median; management objective meeting/above where comparable data exists; not an obvious marquee hunt name,
EB3139,"Cache, North",Elk,Resident,Mature Bull,0,59.3,24,4,permit count at or above peer median; point creep not worse than peer median; management objective meeting/above where comparable data exists; not an obvious marquee hunt name,
EB3143,"Southwest Desert, North",Elk,Nonresident,Mature Bull,0,72.2,23,4,permit count at or above peer median; point creep not worse than peer median; management objective meeting/above where comparable data exists; not an obvious marquee hunt name,
EB3143,"Southwest Desert, North",Elk,Resident,Mature Bull,0,72.2,23,4,permit count at or above peer median; point creep not worse than peer median; management objective meeting/above where comparable data exists; not an obvious marquee hunt name,
EB3144,"West Desert, Deep Creek",Elk,Nonresident,Mature Bull,0,78.6,15,4,harvest success above peer median; permit count at or above peer median; management objective meeting/above where comparable data exists; not an obvious marquee hunt name,
EB3144,"West Desert, Deep Creek",Elk,Resident,Mature Bull,0,78.6,15,5,harvest success above peer median; permit count at or above peer median; point creep not worse than peer median; management objective meeting/above where comparable data exists; not an obvious marquee hunt name,
EB3146,"Southwest Desert, South",Elk,Nonresident,Mature Bull,0.3,44.2,43,4,permit count at or above peer median; point creep not worse than peer median; management objective meeting/above where comparable data exists; not an obvious marquee hunt name,
EB3146,"Southwest Desert, South",Elk,Resident,Mature Bull,0,44.2,43,4,permit count at or above peer median; point creep not worse than peer median; management objective meeting/above where comparable data exists; not an obvious marquee hunt name,
EB3149,"Southwest Desert, South",Elk,Nonresident,Mature Bull,0.1,83.3,18,5,harvest success above peer median; permit count at or above peer median; point creep not worse than peer median; management objective meeting/above where comparable data exists; not an obvious marquee hunt name,
EB3149,"Southwest Desert, South",Elk,Resident,Mature Bull,0.4,83.3,18,5,harvest success above peer median; permit count at or above peer median; point creep not worse than peer median; management objective meeting/above where comparable data exists; not an obvious marquee hunt name,
EB3151,Boulder,Elk,Nonresident,Mature Bull,0.1,81.8,24,4,harvest success above peer median; permit count at or above peer median; point creep not worse than peer median; management objective meeting/above where comparable data exists,
EB3151,Boulder,Elk,Resident,Mature Bull,1.1,81.8,24,4,harvest success above peer median; permit count at or above peer median; point creep not worse than peer median; management objective meeting/above where comparable data exists,
EB3152,"Southwest Desert, South",Elk,Nonresident,Mature Bull,0.1,90,29,5,harvest success above peer median; permit count at or above peer median; point creep not worse than peer median; management objective meeting/above where comparable data exists; not an obvious marquee hunt name,
EB3152,"Southwest Desert, South",Elk,Resident,Mature Bull,0.7,90,29,5,harvest success above peer median; permit count at or above peer median; point creep not worse than peer median; management objective meeting/above where comparable data exists; not an obvious marquee hunt name,
EB3154,Boulder,Elk,Resident,Mature Bull,0.8,89.5,21,4,harvest success above peer median; permit count at or above peer median; point creep not worse than peer median; management objective meeting/above where comparable data exists,
EB3155,"Southwest Desert, South",Elk,Nonresident,Mature Bull,0.2,66.7,26,4,permit count at or above peer median; point creep not worse than peer median; management objective meeting/above where comparable data exists; not an obvious marquee hunt name,
EB3155,"Southwest Desert, South",Elk,Resident,Mature Bull,2.4,66.7,26,4,permit count at or above peer median; point creep not worse than peer median; management objective meeting/above where comparable data exists; not an obvious marquee hunt name,
EB3157,"Southwest Desert, South",Elk,Nonresident,Mature Bull,0,85.7,5,4,harvest success above peer median; point creep not worse than peer median; management objective meeting/above where comparable data exists; not an obvious marquee hunt name,
EB3157,"Southwest Desert, South",Elk,Resident,Mature Bull,0.2,85.7,5,4,harvest success above peer median; point creep not worse than peer median; management objective meeting/above where comparable data exists; not an obvious marquee hunt name,
EB3158,"Beaver, East",Elk,Resident,Mature Bull,0,20,20,4,permit count at or above peer median; point creep not worse than peer median; management objective meeting/above where comparable data exists; not an obvious marquee hunt name,
EB3159,"Beaver, East",Elk,Nonresident,Mature Bull,0.1,89.3,30,5,harvest success above peer median; permit count at or above peer median; point creep not worse than peer median; management objective meeting/above where comparable data exists; not an obvious marquee hunt name,
EB3159,"Beaver, East",Elk,Resident,Mature Bull,1.1,89.3,30,5,harvest success above peer median; permit count at or above peer median; point creep not worse than peer median; management objective meeting/above where comparable data exists; not an obvious marquee hunt name,
EB3171,"Cache, South",Elk,Resident,Mature Bull,0.4,100,12,4,harvest success above peer median; point creep not worse than peer median; management objective meeting/above where comparable data exists; not an obvious marquee hunt name,
EB3173,Nebo/San Pitch Mtns,Elk,Nonresident,Mature Bull,0.1,24,32,4,permit count at or above peer median; point creep not worse than peer median; management objective meeting/above where comparable data exists; not an obvious marquee hunt name,
EB3173,Nebo/San Pitch Mtns,Elk,Resident,Mature Bull,0,24,32,4,permit count at or above peer median; point creep not worse than peer median; management objective meeting/above where comparable data exists; not an obvious marquee hunt name,
EB3174,Nebo/San Pitch Mtns,Elk,Resident,Mature Bull,0,62.5,15,4,permit count at or above peer median; point creep not worse than peer median; management objective meeting/above where comparable data exists; not an obvious marquee hunt name,
EB3176,Nebo/San Pitch Mtns,Elk,Nonresident,Mature Bull,0,72.2,22,4,permit count at or above peer median; point creep not worse than peer median; management objective meeting/above where comparable data exists; not an obvious marquee hunt name,
EB3176,Nebo/San Pitch Mtns,Elk,Resident,Mature Bull,0.4,72.2,22,4,permit count at or above peer median; point creep not worse than peer median; management objective meeting/above where comparable data exists; not an obvious marquee hunt name,
EB3177,Nebo/San Pitch Mtns,Elk,Nonresident,Mature Bull,0.3,81.5,38,5,harvest success above peer median; permit count at or above peer median; point creep not worse than peer median; management objective meeting/above where comparable data exists; not an obvious marquee hunt name,
EB3177,Nebo/San Pitch Mtns,Elk,Resident,Mature Bull,0.9,81.5,38,5,harvest success above peer median; permit count at or above peer median; point creep not worse than peer median; management objective meeting/above where comparable data exists; not an obvious marquee hunt name,
EB3178,Nebo/San Pitch Mtns,Elk,Nonresident,Mature Bull,0,75,4,4,harvest success above peer median; point creep not worse than peer median; management objective meeting/above where comparable data exists; not an obvious marquee hunt name,
EB3179,Nebo/San Pitch Mtns,Elk,Nonresident,Mature Bull,0.4,75,19,4,harvest success above peer median; permit count at or above peer median; management objective meeting/above where comparable data exists; not an obvious marquee hunt name,
EB3179,Nebo/San Pitch Mtns,Elk,Resident,Mature Bull,0.5,75,19,5,harvest success above peer median; permit count at or above peer median; point creep not worse than peer median; management objective meeting/above where comparable data exists; not an obvious marquee hunt name,
EB3180,"Fillmore, Pahvant",Elk,Resident,Mature Bull,0,14.3,20,4,permit count at or above peer median; point creep not worse than peer median; management objective meeting/above where comparable data exists; not an obvious marquee hunt name,
EB3181,"Fillmore, Pahvant",Elk,Nonresident,Mature Bull,0.2,76,25,4,harvest success above peer median; permit count at or above peer median; management objective meeting/above where comparable data exists; not an obvious marquee hunt name,
EB3181,"Fillmore, Pahvant",Elk,Resident,Mature Bull,1.4,76,25,5,harvest success above peer median; permit count at or above peer median; point creep not worse than peer median; management objective meeting/above where comparable data exists; not an obvious marquee hunt name,
EB3183,La Sal Mtns,Elk,Nonresident,Mature Bull,0.3,59.6,47,4,permit count at or above peer median; point creep not worse than peer median; management objective meeting/above where comparable data exists; not an obvious marquee hunt name,
EB3183,La Sal Mtns,Elk,Resident,Mature Bull,0,59.6,47,4,permit count at or above peer median; point creep not worse than peer median; management objective meeting/above where comparable data exists; not an obvious marquee hunt name,
EB3185,Monroe,Elk,Nonresident,Mature Bull,0.1,80,27,5,harvest success above peer median; permit count at or above peer median; point creep not worse than peer median; management objective meeting/above where comparable data exists; not an obvious marquee hunt name,
EB3185,Monroe,Elk,Resident,Mature Bull,0.9,80,27,5,harvest success above peer median; permit count at or above peer median; point creep not worse than peer median; management objective meeting/above where comparable data exists; not an obvious marquee hunt name,
EB3186,Mt Dutton,Elk,Resident,Mature Bull,0,20,15,4,permit count at or above peer median; point creep not worse than peer median; management objective meeting/above where comparable data exists; not an obvious marquee hunt name,
EB3187,Mt Dutton,Elk,Nonresident,Mature Bull,0.2,72,25,4,permit count at or above peer median; point creep not worse than peer median; management objective meeting/above where comparable data exists; not an obvious marquee hunt name,
EB3187,Mt Dutton,Elk,Resident,Mature Bull,1.3,72,25,4,permit count at or above peer median; point creep not worse than peer median; management objective meeting/above where comparable data exists; not an obvious marquee hunt name,
EB3188,Panguitch Lake,Elk,Resident,Mature Bull,0,60,15,4,permit count at or above peer median; point creep not worse than peer median; management objective meeting/above where comparable data exists; not an obvious marquee hunt name,
EB3189,Panguitch Lake,Elk,Nonresident,Mature Bull,0.2,86.4,22,4,harvest success above peer median; permit count at or above peer median; management objective meeting/above where comparable data exists; not an obvious marquee hunt name,
EB3189,Panguitch Lake,Elk,Resident,Mature Bull,0.8,86.4,22,5,harvest success above peer median; permit count at or above peer median; point creep not worse than peer median; management objective meeting/above where comparable data exists; not an obvious marquee hunt name,
EB3192,Fishlake/Thousand Lakes,Elk,Nonresident,Mature Bull,0,25,15,4,permit count at or above peer median; point creep not worse than peer median; management objective meeting/above where comparable data exists; not an obvious marquee hunt name,
EB3192,Fishlake/Thousand Lakes,Elk,Resident,Mature Bull,0,25,15,4,permit count at or above peer median; point creep not worse than peer median; management objective meeting/above where comparable data exists; not an obvious marquee hunt name,
EB3194,San Juan Bull Elk,Elk,Nonresident,Mature Bull,0.2,88.6,37,5,harvest success above peer median; permit count at or above peer median; point creep not worse than peer median; management objective meeting/above where comparable data exists; not an obvious marquee hunt name,
EB3194,San Juan Bull Elk,Elk,Resident,Mature Bull,6.2,88.6,37,6,better odds than peer median; harvest success above peer median; permit count at or above peer median; point creep not worse than peer median; management objective meeting/above where comparable data exists; not an obvious marquee hunt name,
EB3196,Diamond Mtn,Elk,Nonresident,Mature Bull,0,61.1,19,4,permit count at or above peer median; point creep not worse than peer median; management objective meeting/above where comparable data exists; not an obvious marquee hunt name,
EB3196,Diamond Mtn,Elk,Resident,Mature Bull,0,61.1,19,4,permit count at or above peer median; point creep not worse than peer median; management objective meeting/above where comparable data exists; not an obvious marquee hunt name,
EB3197,"Southwest Desert, South",Elk,Resident,Mature Bull,0,12.5,20,4,permit count at or above peer median; point creep not worse than peer median; management objective meeting/above where comparable data exists; not an obvious marquee hunt name,
EB3198,"Southwest Desert, South",Elk,Nonresident,Mature Bull,0.3,69.4,51,4,permit count at or above peer median; point creep not worse than peer median; management objective meeting/above where comparable data exists; not an obvious marquee hunt name,
EB3198,"Southwest Desert, South",Elk,Resident,Mature Bull,6,69.4,51,5,better odds than peer median; permit count at or above peer median; point creep not worse than peer median; management objective meeting/above where comparable data exists; not an obvious marquee hunt name,
EB3514,Deseret CWMU,Elk,Resident,CWMU,6.9,89,19,4,harvest success above peer median; permit count at or above peer median; point creep not worse than peer median; not an obvious marquee hunt name,
EB3519,Ensign Ranches CWMU,Elk,Resident,CWMU,3.3,100,6,4,harvest success above peer median; permit count at or above peer median; point creep not worse than peer median; not an obvious marquee hunt name,
EB3521,Grass Valley/Clark Canyon CWMU,Elk,Resident,CWMU,18.3,75.3,10,4,better odds than peer median; permit count at or above peer median; point creep not worse than peer median; not an obvious marquee hunt name,
EB3536,Minnie Maud Ridge CWMU,Elk,Resident,CWMU,12.9,43.6,5,4,better odds than peer median; permit count at or above peer median; point creep not worse than peer median; not an obvious marquee hunt name,
EB3619,Weber Florence Creek/Stillman Creek CWMU,Elk,Resident,CWMU,10,87.9,10,5,better odds than peer median; harvest success above peer median; permit count at or above peer median; point creep not worse than peer median; not an obvious marquee hunt name,
PB5011,"Nine Mile, Anthro-Myton Bench",Pronghorn,Nonresident,Limited Entry,0.1,93.5,33,4,harvest success above peer median; permit count at or above peer median; point creep not worse than peer median; not an obvious marquee hunt name,
PB5011,"Nine Mile, Anthro-Myton Bench",Pronghorn,Resident,Limited Entry,0,93.5,33,4,harvest success above peer median; permit count at or above peer median; point creep not worse than peer median; not an obvious marquee hunt name,
PB5018,Southwest Desert,Pronghorn,Resident,Limited Entry,0,90.3,35,4,harvest success above peer median; permit count at or above peer median; point creep not worse than peer median; not an obvious marquee hunt name,
PB5019,"West Desert, Riverbed",Pronghorn,Nonresident,Limited Entry,0,94.4,20,4,harvest success above peer median; permit count at or above peer median; point creep not worse than peer median; not an obvious marquee hunt name,
PB5019,"West Desert, Riverbed",Pronghorn,Resident,Limited Entry,0,94.4,20,4,harvest success above peer median; permit count at or above peer median; point creep not worse than peer median; not an obvious marquee hunt name,
PB5025,Beaver,Pronghorn,Resident,Limited Entry,0,90.9,48,4,harvest success above peer median; permit count at or above peer median; point creep not worse than peer median; not an obvious marquee hunt name,
PB5033,"Fillmore, Oak Creek South",Pronghorn,Resident,Limited Entry,0,97.9,51,4,harvest success above peer median; permit count at or above peer median; point creep not worse than peer median; not an obvious marquee hunt name,
PB5035,"La Sal, Potash/South Cisco",Pronghorn,Resident,Limited Entry,0,100,24,4,harvest success above peer median; permit count at or above peer median; point creep not worse than peer median; not an obvious marquee hunt name,
PB5040,"North Slope, Three Corners/West Daggett",Pronghorn,Nonresident,Limited Entry,0,92.3,32,4,harvest success above peer median; permit count at or above peer median; point creep not worse than peer median; not an obvious marquee hunt name,
PB5040,"North Slope, Three Corners/West Daggett",Pronghorn,Resident,Limited Entry,0,92.3,32,4,harvest success above peer median; permit count at or above peer median; point creep not worse than peer median; not an obvious marquee hunt name,
PB5041,"Panguitch Lake/Zion, North",Pronghorn,Resident,Limited Entry,0,100,23,4,harvest success above peer median; permit count at or above peer median; point creep not worse than peer median; not an obvious marquee hunt name,
PB5046,"San Rafael, North",Pronghorn,Nonresident,Limited Entry,0,92.9,69,4,harvest success above peer median; permit count at or above peer median; point creep not worse than peer median; not an obvious marquee hunt name,
PB5046,"San Rafael, North",Pronghorn,Resident,Limited Entry,0,92.9,69,4,harvest success above peer median; permit count at or above peer median; point creep not worse than peer median; not an obvious marquee hunt name,
PB5047,Diamond Mtn/Bonanza,Pronghorn,Nonresident,Limited Entry,0,90.9,56,4,harvest success above peer median; permit count at or above peer median; point creep not worse than peer median; not an obvious marquee hunt name,
PB5047,Diamond Mtn/Bonanza,Pronghorn,Resident,Limited Entry,0,90.9,56,4,harvest success above peer median; permit count at or above peer median; point creep not worse than peer median; not an obvious marquee hunt name,
PB5050,"West Desert, Riverbed",Pronghorn,Resident,Limited Entry,0,94.9,81,4,harvest success above peer median; permit count at or above peer median; point creep not worse than peer median; not an obvious marquee hunt name,
PB5051,"West Desert, Rush Valley",Pronghorn,Nonresident,Limited Entry,0,94.4,36,4,harvest success above peer median; permit count at or above peer median; point creep not worse than peer median; not an obvious marquee hunt name,
PB5051,"West Desert, Rush Valley",Pronghorn,Resident,Limited Entry,0,94.4,36,4,harvest success above peer median; permit count at or above peer median; point creep not worse than peer median; not an obvious marquee hunt name,
PB5060,Diamond Mtn/Bonanza,Pronghorn,Resident,Limited Entry,0,100,19,4,harvest success above peer median; permit count at or above peer median; point creep not worse than peer median; not an obvious marquee hunt name,
PB5076,Parker Mtn,Pronghorn,Nonresident,Limited Entry,0.1,96.1,150,4,harvest success above peer median; permit count at or above peer median; point creep not worse than peer median; not an obvious marquee hunt name,
PB5076,Parker Mtn,Pronghorn,Resident,Limited Entry,0,96.1,150,4,harvest success above peer median; permit count at or above peer median; point creep not worse than peer median; not an obvious marquee hunt name,
PD1000,"Box Elder, Snowville",Pronghorn,Nonresident,Antlerless,59.5,47.1,40,4,better odds than peer median; permit count at or above peer median; point creep not worse than peer median; not an obvious marquee hunt name,
PD1035,"Fillmore, Oak Creek South",Pronghorn,Nonresident,Antlerless,0,100,30,4,harvest success above peer median; permit count at or above peer median; point creep not worse than peer median; not an obvious marquee hunt name,
PD1054,Parker Mtn,Pronghorn,Nonresident,Antlerless,100,20,30,4,better odds than peer median; permit count at or above peer median; point creep not worse than peer median; not an obvious marquee hunt name,
PD1054,Parker Mtn,Pronghorn,Resident,Antlerless,89.7,20,30,4,better odds than peer median; permit count at or above peer median; point creep not worse than peer median; not an obvious marquee hunt name,
PD1055,Parker Mtn,Pronghorn,Nonresident,Antlerless,100,43.3,35,4,better odds than peer median; permit count at or above peer median; point creep not worse than peer median; not an obvious marquee hunt name,
PD1055,Parker Mtn,Pronghorn,Resident,Antlerless,90.8,43.3,35,4,better odds than peer median; permit count at or above peer median; point creep not worse than peer median; not an obvious marquee hunt name,
PD1057,"Parker Mtn, Highlands",Pronghorn,Nonresident,Antlerless,0,90.6,30,4,harvest success above peer median; permit count at or above peer median; point creep not worse than peer median; not an obvious marquee hunt name,
PD1057,"Parker Mtn, Highlands",Pronghorn,Resident,Antlerless,0,90.6,30,4,harvest success above peer median; permit count at or above peer median; point creep not worse than peer median; not an obvious marquee hunt name,
PD1058,"Parker Mtn, Highlands",Pronghorn,Nonresident,Antlerless,25,45.5,40,4,better odds than peer median; permit count at or above peer median; point creep not worse than peer median; not an obvious marquee hunt name,
PD1059,"Parker Mtn, Plains",Pronghorn,Nonresident,Antlerless,21.7,82.6,35,4,better odds than peer median; harvest success above peer median; permit count at or above peer median; not an obvious marquee hunt name,
PD1059,"Parker Mtn, Plains",Pronghorn,Resident,Antlerless,0,82.6,35,4,harvest success above peer median; permit count at or above peer median; point creep not worse than peer median; not an obvious marquee hunt name,
PD1060,"Parker Mtn, Plains",Pronghorn,Nonresident,Antlerless,0,85.7,40,4,harvest success above peer median; permit count at or above peer median; point creep not worse than peer median; not an obvious marquee hunt name,
PD1060,"Parker Mtn, Plains",Pronghorn,Resident,Antlerless,0,85.7,40,4,harvest success above peer median; permit count at or above peer median; point creep not worse than peer median; not an obvious marquee hunt name,
