year,title,url,official_basename,download_path,http_status,content_type,size_bytes,sha256
2025,General-season buck deer draw results,https://wildlife.utah.gov/pdf/bg/2025/25_deer_odds.pdf,25_deer_odds.pdf,C:\Users\tyler\Desktop\GitHub\HUNT-BUILDER\audits\truth_document_audit\live_dwr_biggame_odds_refresh_20260618_163842\downloads\2025__25_deer_odds.pdf,200,application/pdf,1685706,2fa7bcb01458b7f86c4beb801d3d866aded4f9fc841ab19c1fce180ae57f35cd
2025,Lifetime general-season deer draw results,https://wildlife.utah.gov/pdf/bg/2025/25_lifetime_deer.pdf,25_lifetime_deer.pdf,C:\Users\tyler\Desktop\GitHub\HUNT-BUILDER\audits\truth_document_audit\live_dwr_biggame_odds_refresh_20260618_163842\downloads\2025__25_lifetime_deer.pdf,200,application/pdf,1461319,c9b7637159809cb52aafc06504a50fedccd1d6bec1f203f4c65af6ec737f70b6
2025,Youth general-season deer draw results,https://wildlife.utah.gov/pdf/bg/2025/25_youth_deer.pdf,25_youth_deer.pdf,C:\Users\tyler\Desktop\GitHub\HUNT-BUILDER\audits\truth_document_audit\live_dwr_biggame_odds_refresh_20260618_163842\downloads\2025__25_youth_deer.pdf,200,application/pdf,1658599,e85076f9c7b1bf86dad4f74ea8038e89d05004b075aeba2a3f53eef329c6bb72
2025,Youth draw-only elk draw results,https://wildlife.utah.gov/pdf/bg/2025/25_youth_elk.pdf,25_youth_elk.pdf,C:\Users\tyler\Desktop\GitHub\HUNT-BUILDER\audits\truth_document_audit\live_dwr_biggame_odds_refresh_20260618_163842\downloads\2025__25_youth_elk.pdf,200,application/pdf,93296,1eba782b446b20eb5d3a53ad32f940c8638bc1a005a11248dbf255388ea64228
2025,Big game limited-entry & once-in-a-lifetime draw results,https://wildlife.utah.gov/pdf/bg/2025/25_bg-odds.pdf,25_bg-odds.pdf,C:\Users\tyler\Desktop\GitHub\HUNT-BUILDER\audits\truth_document_audit\live_dwr_biggame_odds_refresh_20260618_163842\downloads\2025__25_bg-odds.pdf,200,application/pdf,12732089,65af3f1861d258fe272013db929a8a661f3059372c0bb259e1b5f90545538ef9
2025,Antlerless big game draw results,https://wildlife.utah.gov/pdf/bg/2025/25_antlerless_drawing_odds_report.pdf,25_antlerless_drawing_odds_report.pdf,C:\Users\tyler\Desktop\GitHub\HUNT-BUILDER\audits\truth_document_audit\live_dwr_biggame_odds_refresh_20260618_163842\downloads\2025__25_antlerless_drawing_odds_report.pdf,200,application/pdf,3534025,c212777c5326dc1145d3941765b92dbda75a830a73a771c42c13ccd78c760cfd
2025,Youth antlerless big game draw results,https://wildlife.utah.gov/pdf/bg/2025/25_youth_antlerless_drawing_odds_report.pdf,25_youth_antlerless_drawing_odds_report.pdf,C:\Users\tyler\Desktop\GitHub\HUNT-BUILDER\audits\truth_document_audit\live_dwr_biggame_odds_refresh_20260618_163842\downloads\2025__25_youth_antlerless_drawing_odds_report.pdf,200,application/pdf,2780967,9c5a3883330a44d36dc1c151473f2028292c027b9834af835b2b74a8049da8f9
2025,Dedicated Hunter deer draw results,https://wildlife.utah.gov/pdf/bg/2025/25_dh_odds.pdf,25_dh_odds.pdf,C:\Users\tyler\Desktop\GitHub\HUNT-BUILDER\audits\truth_document_audit\live_dwr_biggame_odds_refresh_20260618_163842\downloads\2025__25_dh_odds.pdf,200,application/pdf,550654,c3de7e642912a30e795c26746d6541ed537204d5d8ac0fa789eadca3383ca762
2025,Youth Dedicated Hunter deer draw results,https://wildlife.utah.gov/pdf/bg/2025/25_youth_dh_odds.pdf,25_youth_dh_odds.pdf,C:\Users\tyler\Desktop\GitHub\HUNT-BUILDER\audits\truth_document_audit\live_dwr_biggame_odds_refresh_20260618_163842\downloads\2025__25_youth_dh_odds.pdf,200,application/pdf,436482,a6c2421da6c32e7edacbbc551c9f4ca3c411fa772b980a5ba8fecfedc73147de
2024,General-season buck deer draw results,https://wildlife.utah.gov/pdf/bg/2024/24_deer_odds.pdf,24_deer_odds.pdf,C:\Users\tyler\Desktop\GitHub\HUNT-BUILDER\audits\truth_document_audit\live_dwr_biggame_odds_refresh_20260618_163842\downloads\2024__24_deer_odds.pdf,200,application/pdf,459740,6a994a6e4d6b2d3ea1eb5b49d29936433efe5a2903af4278def8b5418cc0d945
2024,Lifetime general-season deer draw results,https://wildlife.utah.gov/pdf/bg/2024/24_lifetime_deer.pdf,24_lifetime_deer.pdf,C:\Users\tyler\Desktop\GitHub\HUNT-BUILDER\audits\truth_document_audit\live_dwr_biggame_odds_refresh_20260618_163842\downloads\2024__24_lifetime_deer.pdf,200,application/pdf,437601,13c119ae2038952854ed61e70d204397869b3db13cf60a6a0b12adeb095154af
2024,Youth general-season deer draw results,https://wildlife.utah.gov/pdf/bg/2024/24_youth_deer.pdf,24_youth_deer.pdf,C:\Users\tyler\Desktop\GitHub\HUNT-BUILDER\audits\truth_document_audit\live_dwr_biggame_odds_refresh_20260618_163842\downloads\2024__24_youth_deer.pdf,200,application/pdf,442269,1bc67dac4af0f8f846061689a9d66f48c0973d3da39a1417f215bacb30179c8c
2024,Youth draw-only elk bonus point draw results,https://wildlife.utah.gov/pdf/bg/2024/24_youth_elk.pdf,24_youth_elk.pdf,C:\Users\tyler\Desktop\GitHub\HUNT-BUILDER\audits\truth_document_audit\live_dwr_biggame_odds_refresh_20260618_163842\downloads\2024__24_youth_elk.pdf,200,application/pdf,76091,d5b3ff4564427fe3461f5292ee0bbc533a436eb3930e7b4f825d717de2f6c504
2024,Big game limited-entry & once-in-a-lifetime draw results,https://wildlife.utah.gov/pdf/bg/2024/24_bg-odds.pdf,24_bg-odds.pdf,C:\Users\tyler\Desktop\GitHub\HUNT-BUILDER\audits\truth_document_audit\live_dwr_biggame_odds_refresh_20260618_163842\downloads\2024__24_bg-odds.pdf,200,application/pdf,3110486,6c5f49d5c323d6ba65216b90ca49a4d98fc0b6d0d4153b20a25eea55183e14e4
2024,Antlerless big game draw results,https://wildlife.utah.gov/pdf/bg/2024/24_antlerless_drawing_odds_report.pdf,24_antlerless_drawing_odds_report.pdf,C:\Users\tyler\Desktop\GitHub\HUNT-BUILDER\audits\truth_document_audit\live_dwr_biggame_odds_refresh_20260618_163842\downloads\2024__24_antlerless_drawing_odds_report.pdf,200,application/pdf,774859,2b1b19782089732b9cacc2fd9ce00e60e1093acda6f3ed70d29e8d6e3ae83b08
2024,Youth antlerless big game draw results,https://wildlife.utah.gov/pdf/bg/2024/24_youth_antlerless_drawing_odds_report.pdf,24_youth_antlerless_drawing_odds_report.pdf,C:\Users\tyler\Desktop\GitHub\HUNT-BUILDER\audits\truth_document_audit\live_dwr_biggame_odds_refresh_20260618_163842\downloads\2024__24_youth_antlerless_drawing_odds_report.pdf,200,application/pdf,693897,448cf4dfbf7c7b3ca9de48b93f0e5758ccb022b356f759a48d47d8c692ab5d8a
2024,Dedicated Hunter deer draw results,https://wildlife.utah.gov/pdf/bg/2024/24_dh_odds.pdf,24_dh_odds.pdf,C:\Users\tyler\Desktop\GitHub\HUNT-BUILDER\audits\truth_document_audit\live_dwr_biggame_odds_refresh_20260618_163842\downloads\2024__24_dh_odds.pdf,200,application/pdf,201098,13aa1539a3d350bbaeb3012275dde5767bed69d5c4ad4e94e8cef57e021a2c7d
2024,Youth Dedicated Hunter deer draw results,https://wildlife.utah.gov/pdf/bg/2024/24_youth_dh_odds.pdf,24_youth_dh_odds.pdf,C:\Users\tyler\Desktop\GitHub\HUNT-BUILDER\audits\truth_document_audit\live_dwr_biggame_odds_refresh_20260618_163842\downloads\2024__24_youth_dh_odds.pdf,200,application/pdf,181643,99d15b1e0e99fa7e0b27622bbb80fb23e5480b98c4ec1bcd4a8deafd8ee44efa
2024,Sportsman draw odds report,https://wildlife.utah.gov/pdf/bg/2024/24-25_sportsman_odds.pdf,24-25_sportsman_odds.pdf,C:\Users\tyler\Desktop\GitHub\HUNT-BUILDER\audits\truth_document_audit\live_dwr_biggame_odds_refresh_20260618_163842\downloads\2024__24-25_sportsman_odds.pdf,200,application/pdf,113472,ba990d6d25d4a43267b36676db83600be0cbd8ab18b9be162ec340abc8263f80
2023,General-season deer draw results,https://wildlife.utah.gov/pdf/bg/2023/23_deer_odds.pdf,23_deer_odds.pdf,C:\Users\tyler\Desktop\GitHub\HUNT-BUILDER\audits\truth_document_audit\live_dwr_biggame_odds_refresh_20260618_163842\downloads\2023__23_deer_odds.pdf,200,application/pdf,463470,3ef46bf75fb105f6deeb76f70ebfe9b911a868fec81dec0ad7947f4fab905896
2023,Lifetime general-season deer draw results,https://wildlife.utah.gov/pdf/bg/2023/23_lifetime_deer.pdf,23_lifetime_deer.pdf,C:\Users\tyler\Desktop\GitHub\HUNT-BUILDER\audits\truth_document_audit\live_dwr_biggame_odds_refresh_20260618_163842\downloads\2023__23_lifetime_deer.pdf,200,application/pdf,412919,3a6dbf9f7f3b1b8f995a2685521812027effc7a92067609311107e80d6933c19
2023,Youth general-season deer draw results,https://wildlife.utah.gov/pdf/bg/2023/23_youth_deer.pdf,23_youth_deer.pdf,C:\Users\tyler\Desktop\GitHub\HUNT-BUILDER\audits\truth_document_audit\live_dwr_biggame_odds_refresh_20260618_163842\downloads\2023__23_youth_deer.pdf,200,application/pdf,439421,5ad3362cc56651f423c09bb0454492a5a4c08ddd28aaa012ee2791451bd489f1
2023,Youth draw-only elk bonus point draw results,https://wildlife.utah.gov/pdf/bg/2023/23_youth_elk.pdf,23_youth_elk.pdf,C:\Users\tyler\Desktop\GitHub\HUNT-BUILDER\audits\truth_document_audit\live_dwr_biggame_odds_refresh_20260618_163842\downloads\2023__23_youth_elk.pdf,200,application/pdf,76712,6766808ae7fe09786635cdeac27cefecda216df0ec3a05cc22609f5d0ec3da5e
2023,Big game limited-entry & once-in-a-lifetime draw results,https://wildlife.utah.gov/pdf/bg/2023/23_bg-odds.pdf,23_bg-odds.pdf,C:\Users\tyler\Desktop\GitHub\HUNT-BUILDER\audits\truth_document_audit\live_dwr_biggame_odds_refresh_20260618_163842\downloads\2023__23_bg-odds.pdf,200,application/pdf,3041049,37a416f119c6cc24abbfd8ffc5c0bb65a9245212928033eaadf5b2dab93c3f51
2023,Antlerless big game draw results,https://wildlife.utah.gov/pdf/bg/2023/23_antlerless_drawing_odds_report.pdf,23_antlerless_drawing_odds_report.pdf,C:\Users\tyler\Desktop\GitHub\HUNT-BUILDER\audits\truth_document_audit\live_dwr_biggame_odds_refresh_20260618_163842\downloads\2023__23_antlerless_drawing_odds_report.pdf,200,application/pdf,770790,bf701616eee76380516e6a86d56517657740ab61b38c86860044d31712ce139f
2023,Youth antlerless big game draw results,https://wildlife.utah.gov/pdf/bg/2023/23_youth_antlerless_drawing_odds_report.pdf,23_youth_antlerless_drawing_odds_report.pdf,C:\Users\tyler\Desktop\GitHub\HUNT-BUILDER\audits\truth_document_audit\live_dwr_biggame_odds_refresh_20260618_163842\downloads\2023__23_youth_antlerless_drawing_odds_report.pdf,200,application/pdf,689163,adff51c9d620fd88c5bed4a1253293183db9563a2f292c3ec0bc9c0694218670
2023,Dedicated Hunter deer draw results,https://wildlife.utah.gov/pdf/bg/2023/23_dh_odds.pdf,23_dh_odds.pdf,C:\Users\tyler\Desktop\GitHub\HUNT-BUILDER\audits\truth_document_audit\live_dwr_biggame_odds_refresh_20260618_163842\downloads\2023__23_dh_odds.pdf,200,application/pdf,179888,b11dc4329853871aa145b01db3c3843354796f0b7a9b82be84ece0cb0eeae68c
2023,Youth Dedicated Hunter deer draw results,https://wildlife.utah.gov/pdf/bg/2023/23_youth_dh_odds.pdf,23_youth_dh_odds.pdf,C:\Users\tyler\Desktop\GitHub\HUNT-BUILDER\audits\truth_document_audit\live_dwr_biggame_odds_refresh_20260618_163842\downloads\2023__23_youth_dh_odds.pdf,200,application/pdf,148486,3375f3a323f061d4c91260df5ad858394bc1c46d31fb789af9f9961aeadd95cc
2023,Sportsman draw odds report,https://wildlife.utah.gov/pdf/bg/2023/23-24_sportsman_odds.pdf,23-24_sportsman_odds.pdf,C:\Users\tyler\Desktop\GitHub\HUNT-BUILDER\audits\truth_document_audit\live_dwr_biggame_odds_refresh_20260618_163842\downloads\2023__23-24_sportsman_odds.pdf,200,application/pdf,102242,7899bf807dd1320f11b65aa568230f4e3c4120f5be7719b2d1376b6d3d7f4679
2022,General-season buck deer draw results,https://wildlife.utah.gov/pdf/bg/2022/22_deer_odds.pdf,22_deer_odds.pdf,C:\Users\tyler\Desktop\GitHub\HUNT-BUILDER\audits\truth_document_audit\live_dwr_biggame_odds_refresh_20260618_163842\downloads\2022__22_deer_odds.pdf,200,application/pdf,1500660,cfdb6bed1a28fc84d3ab5ae39f5160f08f6159f68c77a7c71e30b76cf9093f17
2022,Lifetime general-season deer draw results,https://wildlife.utah.gov/pdf/bg/2022/22_lifetime_deer.pdf,22_lifetime_deer.pdf,C:\Users\tyler\Desktop\GitHub\HUNT-BUILDER\audits\truth_document_audit\live_dwr_biggame_odds_refresh_20260618_163842\downloads\2022__22_lifetime_deer.pdf,200,application/pdf,1354334,23e8778e70b4adb9a88a1828d9a1c6eed6aaf38ce4f382fac46837ba8092edb2
2022,Youth draw-only elk bonus point draw results,https://wildlife.utah.gov/pdf/bg/2022/22_youth_bull_elk.pdf,22_youth_bull_elk.pdf,C:\Users\tyler\Desktop\GitHub\HUNT-BUILDER\audits\truth_document_audit\live_dwr_biggame_odds_refresh_20260618_163842\downloads\2022__22_youth_bull_elk.pdf,200,application/pdf,89441,beb5123415ccda77a2a8100937b1d35a36c07eeee01167991fb60b63abb8cd2a
2022,Youth general-season deer draw results,https://wildlife.utah.gov/pdf/bg/2022/22_youth_deer.pdf,22_youth_deer.pdf,C:\Users\tyler\Desktop\GitHub\HUNT-BUILDER\audits\truth_document_audit\live_dwr_biggame_odds_refresh_20260618_163842\downloads\2022__22_youth_deer.pdf,200,application/pdf,1428906,55a1561fb7778ebdb1291099042a147c8fed1a3c9b567066c2700ce767a86e6f
2022,Big game limited-entry & once-in-a-lifetime draw results,https://wildlife.utah.gov/pdf/bg/2022/22_bg-odds.pdf,22_bg-odds.pdf,C:\Users\tyler\Desktop\GitHub\HUNT-BUILDER\audits\truth_document_audit\live_dwr_biggame_odds_refresh_20260618_163842\downloads\2022__22_bg-odds.pdf,200,application/pdf,2858441,c968a1effccb63a71d04e3bd507273a413b8dcea938fa6184798fd0a60ae3de7
2022,Antlerless big game draw results,https://wildlife.utah.gov/pdf/bg/2022/22_antlerless_drawing_odds_report.pdf,22_antlerless_drawing_odds_report.pdf,C:\Users\tyler\Desktop\GitHub\HUNT-BUILDER\audits\truth_document_audit\live_dwr_biggame_odds_refresh_20260618_163842\downloads\2022__22_antlerless_drawing_odds_report.pdf,200,application/pdf,2903402,090ba19e450f95fcb01e6a00d0d24ba75dcced764065a80b23a01d8b0e8b4195
2022,Youth antlerless big game draw results,https://wildlife.utah.gov/pdf/bg/2022/22_youth_antlerless_drawing_odds_report.pdf,22_youth_antlerless_drawing_odds_report.pdf,C:\Users\tyler\Desktop\GitHub\HUNT-BUILDER\audits\truth_document_audit\live_dwr_biggame_odds_refresh_20260618_163842\downloads\2022__22_youth_antlerless_drawing_odds_report.pdf,200,application/pdf,2454255,dec85a133d57b0053474a184b719faa3111088afe51957bfa61d8cf414f3c897
2022,Dedicated Hunter deer draw results,https://wildlife.utah.gov/pdf/bg/2022/22_dh_odds.pdf,22_dh_odds.pdf,C:\Users\tyler\Desktop\GitHub\HUNT-BUILDER\audits\truth_document_audit\live_dwr_biggame_odds_refresh_20260618_163842\downloads\2022__22_dh_odds.pdf,200,application/pdf,532488,610d6af098d9d680aaa1a168a9ea427b86dfd49224e0bd9f34da583988b3d0e1
2022,Youth Dedicated Hunter deer draw results,https://wildlife.utah.gov/pdf/bg/2022/22_youth_dh_odds.pdf,22_youth_dh_odds.pdf,C:\Users\tyler\Desktop\GitHub\HUNT-BUILDER\audits\truth_document_audit\live_dwr_biggame_odds_refresh_20260618_163842\downloads\2022__22_youth_dh_odds.pdf,200,application/pdf,369713,98d0744a0edcee59b1c4fc3e1d650f507be4a43a366fb799b2ba56b104b92013
2022,Sportsman draw odds report,https://wildlife.utah.gov/pdf/bg/2022/22-23_sportsman_odds.pdf,22-23_sportsman_odds.pdf,C:\Users\tyler\Desktop\GitHub\HUNT-BUILDER\audits\truth_document_audit\live_dwr_biggame_odds_refresh_20260618_163842\downloads\2022__22-23_sportsman_odds.pdf,200,application/pdf,123222,fc7c64978355dfaa859b884dcb66ab67c3c9daefa595d2e5cdbf3a5917a2000a
2021,General-season buck deer draw results,https://wildlife.utah.gov/pdf/bg/2021/21_deer_odds.pdf,21_deer_odds.pdf,C:\Users\tyler\Desktop\GitHub\HUNT-BUILDER\audits\truth_document_audit\live_dwr_biggame_odds_refresh_20260618_163842\downloads\2021__21_deer_odds.pdf,200,application/pdf,1455208,62242a4ec4388fad44a7d11c8a2f83ba0990e43200ca1a5acb14cd2922367b12
2021,Lifetime general-season deer draw results,https://wildlife.utah.gov/pdf/bg/2021/21_lifetime_deer.pdf,21_lifetime_deer.pdf,C:\Users\tyler\Desktop\GitHub\HUNT-BUILDER\audits\truth_document_audit\live_dwr_biggame_odds_refresh_20260618_163842\downloads\2021__21_lifetime_deer.pdf,200,application/pdf,1340616,dccae526f74f9ca351886caee7c33e58a91d42c080e921f039b32dfb27b30d52
2021,Youth draw-only elk bonus point draw results,https://wildlife.utah.gov/pdf/bg/2021/21_youth_bull_elk.pdf,21_youth_bull_elk.pdf,C:\Users\tyler\Desktop\GitHub\HUNT-BUILDER\audits\truth_document_audit\live_dwr_biggame_odds_refresh_20260618_163842\downloads\2021__21_youth_bull_elk.pdf,200,application/pdf,88950,cd8113b3723fa82e291cff1d9e5ebdfd4a02afdb4604d3d95cacfc6ed10de341
2021,Youth general-season deer draw results,https://wildlife.utah.gov/pdf/bg/2021/21_youth_deer.pdf,21_youth_deer.pdf,C:\Users\tyler\Desktop\GitHub\HUNT-BUILDER\audits\truth_document_audit\live_dwr_biggame_odds_refresh_20260618_163842\downloads\2021__21_youth_deer.pdf,200,application/pdf,1400527,2ed8ce58ca60c1d17aa691f1d299501346e2deb8f709b9ce7349e4f57369d282
2021,Big game limited-entry & once-in-a-lifetime draw results,https://wildlife.utah.gov/pdf/bg/2021/21_bg-odds.pdf,21_bg-odds.pdf,C:\Users\tyler\Desktop\GitHub\HUNT-BUILDER\audits\truth_document_audit\live_dwr_biggame_odds_refresh_20260618_163842\downloads\2021__21_bg-odds.pdf,200,application/pdf,10570345,2d4a5927fcb8b6ff4daf13ee551eb3c343edf4c0464d4541ea670cab8c5200f2
2021,Antlerless big game draw results,https://wildlife.utah.gov/pdf/bg/2021/21_antlerless_drawing_odds_report.pdf,21_antlerless_drawing_odds_report.pdf,C:\Users\tyler\Desktop\GitHub\HUNT-BUILDER\audits\truth_document_audit\live_dwr_biggame_odds_refresh_20260618_163842\downloads\2021__21_antlerless_drawing_odds_report.pdf,200,application/pdf,2872574,a701e8c4c410c76b6588bdf856ec9d096e6d9661f3588824cd4a62728eb613da
2021,Youth antlerless big game draw results,https://wildlife.utah.gov/pdf/bg/2021/21_youth_antlerless_drawing_odds_report.pdf,21_youth_antlerless_drawing_odds_report.pdf,C:\Users\tyler\Desktop\GitHub\HUNT-BUILDER\audits\truth_document_audit\live_dwr_biggame_odds_refresh_20260618_163842\downloads\2021__21_youth_antlerless_drawing_odds_report.pdf,200,application/pdf,2600042,b8dbb516e97fb2acbad1dec86197f47e9b37e616d856cea576ded8eb16f59a73
2021,Dedicated Hunter deer draw results,https://wildlife.utah.gov/pdf/bg/2021/21_dh_odds.pdf,21_dh_odds.pdf,C:\Users\tyler\Desktop\GitHub\HUNT-BUILDER\audits\truth_document_audit\live_dwr_biggame_odds_refresh_20260618_163842\downloads\2021__21_dh_odds.pdf,200,application/pdf,531895,5243be59fe26f4523f9d741d010bea30d881adbc18ef230cf25b54d5ef2e4f02
2021,Youth Dedicated Hunter deer draw results,https://wildlife.utah.gov/pdf/bg/2021/21_youth_dh_odds.pdf,21_youth_dh_odds.pdf,C:\Users\tyler\Desktop\GitHub\HUNT-BUILDER\audits\truth_document_audit\live_dwr_biggame_odds_refresh_20260618_163842\downloads\2021__21_youth_dh_odds.pdf,200,application/pdf,342992,d09bdd2f48683313888f2e2c8a4f86d5837ca1255faf8db408978ac198d59df0
2021,Sportsman draw odds report,https://wildlife.utah.gov/pdf/bg/2021/21-22_sportsman_odds.pdf,21-22_sportsman_odds.pdf,C:\Users\tyler\Desktop\GitHub\HUNT-BUILDER\audits\truth_document_audit\live_dwr_biggame_odds_refresh_20260618_163842\downloads\2021__21-22_sportsman_odds.pdf,200,application/pdf,156728,eee029761d004686212ac7735dec6be3df7f8d2f0e299e132afd2b32ca4339fd
2020,General-season buck deer draw results,https://wildlife.utah.gov/pdf/bg/2020/20_deer_odds.pdf,20_deer_odds.pdf,C:\Users\tyler\Desktop\GitHub\HUNT-BUILDER\audits\truth_document_audit\live_dwr_biggame_odds_refresh_20260618_163842\downloads\2020__20_deer_odds.pdf,200,application/pdf,1368790,3172d5b67a5385346a28f713b90f1d37698eb2a3ca0d99bf9f796e2ce3164a68
2020,Lifetime general-season deer draw results,https://wildlife.utah.gov/pdf/bg/2020/20_lifetime_deer.pdf,20_lifetime_deer.pdf,C:\Users\tyler\Desktop\GitHub\HUNT-BUILDER\audits\truth_document_audit\live_dwr_biggame_odds_refresh_20260618_163842\downloads\2020__20_lifetime_deer.pdf,200,application/pdf,1354217,e21172f8e14bf73fea1907a0af99f8cb8b3e8a27926f7a1814cef838b4f17a08
2020,Youth draw-only elk bonus point draw results,https://wildlife.utah.gov/pdf/bg/2020/20_youth_bull_elk.pdf,20_youth_bull_elk.pdf,C:\Users\tyler\Desktop\GitHub\HUNT-BUILDER\audits\truth_document_audit\live_dwr_biggame_odds_refresh_20260618_163842\downloads\2020__20_youth_bull_elk.pdf,200,application/pdf,91787,2a7590e1caab9640764a26e9af2f71cc0519d71c98889352713af98b08ce0367
2020,Youth general-season deer draw results,https://wildlife.utah.gov/pdf/bg/2020/20_youth_deer.pdf,20_youth_deer.pdf,C:\Users\tyler\Desktop\GitHub\HUNT-BUILDER\audits\truth_document_audit\live_dwr_biggame_odds_refresh_20260618_163842\downloads\2020__20_youth_deer.pdf,200,application/pdf,1341859,ceac587ed5dd11fc547e98c6ed3f68692cfa4f04e911eed3362fb548eded769b
2020,Big game limited-entry & once-in-a-lifetime draw results,https://wildlife.utah.gov/pdf/bg/2020/20_bg-odds.pdf,20_bg-odds.pdf,C:\Users\tyler\Desktop\GitHub\HUNT-BUILDER\audits\truth_document_audit\live_dwr_biggame_odds_refresh_20260618_163842\downloads\2020__20_bg-odds.pdf,200,application/pdf,10158873,707d2e7f874e784dcc9076cafc61e339317eed4ae86466cb8516cc0eeabbeaef
2020,Antlerless big game draw results,https://wildlife.utah.gov/pdf/bg/2020/20_antlerless_drawing_odds_report.pdf,20_antlerless_drawing_odds_report.pdf,C:\Users\tyler\Desktop\GitHub\HUNT-BUILDER\audits\truth_document_audit\live_dwr_biggame_odds_refresh_20260618_163842\downloads\2020__20_antlerless_drawing_odds_report.pdf,200,application/pdf,2961988,2efb7b6dcb5c2ef996feddf442ea7f2ba15f42b168c85e371843512564dc7d04
2020,Youth antlerless big game draw results,https://wildlife.utah.gov/pdf/bg/2020/20_youth_antlerless_drawing_odds_report.pdf,20_youth_antlerless_drawing_odds_report.pdf,C:\Users\tyler\Desktop\GitHub\HUNT-BUILDER\audits\truth_document_audit\live_dwr_biggame_odds_refresh_20260618_163842\downloads\2020__20_youth_antlerless_drawing_odds_report.pdf,200,application/pdf,2710371,f88f0b41e96cfcbf758a8661eaa65847e844202f8097a63ca061b40c0bc4c6a2
2020,Dedicated Hunter deer draw results,https://wildlife.utah.gov/pdf/bg/2020/20_dh_odds.pdf,20_dh_odds.pdf,C:\Users\tyler\Desktop\GitHub\HUNT-BUILDER\audits\truth_document_audit\live_dwr_biggame_odds_refresh_20260618_163842\downloads\2020__20_dh_odds.pdf,200,application/pdf,493484,a4467e998c6baa97722784dd1fdbc9e5e82dbec2ea972ccb37397e9460142771
2020,Youth Dedicated Hunter deer draw results,https://wildlife.utah.gov/pdf/bg/2020/20_youth_dh_odds.pdf,20_youth_dh_odds.pdf,C:\Users\tyler\Desktop\GitHub\HUNT-BUILDER\audits\truth_document_audit\live_dwr_biggame_odds_refresh_20260618_163842\downloads\2020__20_youth_dh_odds.pdf,200,application/pdf,396792,830174af465b1b07dbf734f06205d5abbcdd63ad7e6383a764caf98f2cea344b
2020,Sportsman draw odds report,https://wildlife.utah.gov/pdf/bg/2020/20-21_sportsman_odds.pdf,20-21_sportsman_odds.pdf,C:\Users\tyler\Desktop\GitHub\HUNT-BUILDER\audits\truth_document_audit\live_dwr_biggame_odds_refresh_20260618_163842\downloads\2020__20-21_sportsman_odds.pdf,200,application/pdf,133936,3c4056bbd3952a4dfb6ce80326f94a58bba0d2262ff4cc008b613c76c50d4b15
2019,2019-20 sportsman drawing odds report,https://wildlife.utah.gov/pdf/bg/2019/19-20_sportsman_odds.pdf,19-20_sportsman_odds.pdf,C:\Users\tyler\Desktop\GitHub\HUNT-BUILDER\audits\truth_document_audit\live_dwr_biggame_odds_refresh_20260618_163842\downloads\2019__19-20_sportsman_odds.pdf,200,application/pdf,134182,63065d978f2f1d101dda427b1bd0cfea462b77cf6aa3e668d7ceaec98fd460f8
2019,2019 big game drawing odds report for limited-entry and once-in-a-lifetime,https://wildlife.utah.gov/pdf/bg/2019/19_bg-odds.pdf,19_bg-odds.pdf,C:\Users\tyler\Desktop\GitHub\HUNT-BUILDER\audits\truth_document_audit\live_dwr_biggame_odds_refresh_20260618_163842\downloads\2019__19_bg-odds.pdf,200,application/pdf,2006015,0acdc1f714b4effc238f30ea0729d8470107dd68d8947ba74b685372ff49e789
2019,2019 general-season deer drawing odds report,https://wildlife.utah.gov/pdf/bg/2019/19_deer_odds.pdf,19_deer_odds.pdf,C:\Users\tyler\Desktop\GitHub\HUNT-BUILDER\audits\truth_document_audit\live_dwr_biggame_odds_refresh_20260618_163842\downloads\2019__19_deer_odds.pdf,200,application/pdf,397391,c76bfc68a1a78b5cb594ff1be174d150fcb8f9e44244f1ca280aedd6b891a964
2019,2019 Dedicated Hunter drawing odds report,https://wildlife.utah.gov/pdf/bg/2019/19_dh_odds.pdf,19_dh_odds.pdf,C:\Users\tyler\Desktop\GitHub\HUNT-BUILDER\audits\truth_document_audit\live_dwr_biggame_odds_refresh_20260618_163842\downloads\2019__19_dh_odds.pdf,200,application/pdf,180565,7aee1718249bff1ca448be61ec184def74142dd444d5794353ac883756fd0126
2019,2019 lifetime general-season deer drawing odds report,https://wildlife.utah.gov/pdf/bg/2019/19_lifetime_deer.pdf,19_lifetime_deer.pdf,C:\Users\tyler\Desktop\GitHub\HUNT-BUILDER\audits\truth_document_audit\live_dwr_biggame_odds_refresh_20260618_163842\downloads\2019__19_lifetime_deer.pdf,200,application/pdf,387963,4f76e50ba31c938cc317b19b85c283aad2783f8f245e8e1dca336f42896df079
2019,2019 youth any bull elk drawing odds report,https://wildlife.utah.gov/pdf/bg/2019/19_youth_bull_elk.pdf,19_youth_bull_elk.pdf,C:\Users\tyler\Desktop\GitHub\HUNT-BUILDER\audits\truth_document_audit\live_dwr_biggame_odds_refresh_20260618_163842\downloads\2019__19_youth_bull_elk.pdf,200,application/pdf,72444,b64e5b92a91267bb7bf86a9673779911c6ad56e79cab8f69922c0b0be0ee7f43
2019,2019 youth Dedicated Hunter drawing odds report,https://wildlife.utah.gov/pdf/bg/2019/19_youth_dh_odds.pdf,19_youth_dh_odds.pdf,C:\Users\tyler\Desktop\GitHub\HUNT-BUILDER\audits\truth_document_audit\live_dwr_biggame_odds_refresh_20260618_163842\downloads\2019__19_youth_dh_odds.pdf,200,application/pdf,148775,52565f2ff51d51f397bf15b14b4432dd549eca5e9c77315b052810246da948d0
2019,2019 youth general-season deer drawing odds report,https://wildlife.utah.gov/pdf/bg/2019/19_youth_deer.pdf,19_youth_deer.pdf,C:\Users\tyler\Desktop\GitHub\HUNT-BUILDER\audits\truth_document_audit\live_dwr_biggame_odds_refresh_20260618_163842\downloads\2019__19_youth_deer.pdf,200,application/pdf,383036,025213b37d6d9fdbd28e9f5f5db0d7dcb032fbe2a5252d0386c4e55be14b144f
2019,2019 antlerless drawing odds report,https://wildlife.utah.gov/pdf/bg/2019/19_antlerless_drawing_odds_report.pdf,19_antlerless_drawing_odds_report.pdf,C:\Users\tyler\Desktop\GitHub\HUNT-BUILDER\audits\truth_document_audit\live_dwr_biggame_odds_refresh_20260618_163842\downloads\2019__19_antlerless_drawing_odds_report.pdf,200,application/pdf,931713,7b5104325efad86b09da63827648b570138383439f1fae1d25f00f4c99b615f5
2019,2019 youth antlerless drawing odds report,https://wildlife.utah.gov/pdf/bg/2019/19_youth_antlerless_drawing_odds_report.pdf,19_youth_antlerless_drawing_odds_report.pdf,C:\Users\tyler\Desktop\GitHub\HUNT-BUILDER\audits\truth_document_audit\live_dwr_biggame_odds_refresh_20260618_163842\downloads\2019__19_youth_antlerless_drawing_odds_report.pdf,200,application/pdf,822988,b2769ecdd0aae7faf5d1e86876e6fffec71987673c4478c8a2caf880af077015
