hunt_code,boundary_id,member_boundary_ids,geometry_status,boundary_geojson_path,boundary_kmz_path,boundary_kml_path,dwr_boundary_link,source_boundary_ids,database_hunt_name,database_species,database_weapon,database_hunt_type,in_display_boundary_index,in_database,in_hunt_code_boundary_map,in_boundary_manifest,split_hunt_json_exists,geojson_exists
BI1000,5000,667;889;637,mapped,processed_data/boundaries/BI1000.geojson,data/boundaries/kmz/BI1000.kmz,data/boundaries/kml/BI1000.kml,,628,Beaver,Bison,Multiseason,Limited Entry - Multiseason,TRUE,TRUE,FALSE,FALSE,TRUE,TRUE
BI6503,94,,mapped,processed_data/boundaries/BI6503.geojson,,,,628,Beaver,Bison,Any Legal Weapon,Once-in-a-lifetime,TRUE,TRUE,TRUE,FALSE,TRUE,TRUE
BI6504,94,,mapped,processed_data/boundaries/BI6504.geojson,,,,628,Beaver,Bison,Any Legal Weapon,Once-in-a-lifetime,TRUE,TRUE,TRUE,FALSE,TRUE,TRUE
BI6505,94,,mapped,processed_data/boundaries/BI6505.geojson,,,,628,Beaver,Bison,Archery,Once-in-a-lifetime,TRUE,TRUE,TRUE,FALSE,TRUE,TRUE
BI6506,94,,mapped,processed_data/boundaries/BI6506.geojson,,,,628,Beaver,Bison,Archery,Limited Entry,TRUE,TRUE,TRUE,FALSE,TRUE,TRUE
BI6509,94,,mapped,processed_data/boundaries/BI6509.geojson,,,,628,Beaver,Bison,Any Legal Weapon,Limited Entry,TRUE,TRUE,TRUE,FALSE,TRUE,TRUE
BI6516,94,,mapped,processed_data/boundaries/BI6516.geojson,,,,685,"Beaver, East",Bison,Archery,Limited Entry,TRUE,TRUE,TRUE,FALSE,TRUE,TRUE
BI6523,,,,,,,,685,"Beaver, East",Bison,Early Any Legal Weapon,Limited Entry,TRUE,TRUE,TRUE,FALSE,TRUE,TRUE
BI6528,889,,mapped,processed_data/boundaries/BI6528.geojson,,,,685,"Beaver, East",Bison,Late Any Legal Weapon,Limited Entry,TRUE,TRUE,TRUE,FALSE,TRUE,TRUE
BI6529,889,,mapped,processed_data/boundaries/BI6529.geojson,,,,685,"Beaver, East",Bison,Muzzleloader,Limited Entry,TRUE,TRUE,TRUE,FALSE,TRUE,TRUE
BI6530,889,,mapped,processed_data/boundaries/BI6530.geojson,,,,685,"Beaver, East",Bison,Multiseason,Limited Entry,TRUE,TRUE,TRUE,FALSE,TRUE,TRUE
BI6531,889,,mapped,processed_data/boundaries/BI6531.geojson,,,,685,"Beaver, East",Bison,Late Archery,Limited Entry,TRUE,TRUE,TRUE,FALSE,TRUE,TRUE
BI6532,667,,mapped,processed_data/boundaries/BI6532.geojson,,,,685,"Beaver, East",Bison,Mid Any Legal Weapon,Limited Entry,TRUE,TRUE,TRUE,FALSE,TRUE,TRUE
BI6534,667,,mapped,processed_data/boundaries/BI6534.geojson,,,,667;889;637,Statewide Permit,Bison,Any Legal Weapon,Statewide,TRUE,TRUE,TRUE,TRUE,TRUE,TRUE
BI6535,667,,mapped,processed_data/boundaries/BI6535.geojson,,,,7;12;52;138;163;289;444;616;628;629;684;710;175;88;92;93;610;611;613;615;630;448;449;455;456;457;462;463;744;845,Black Bear - ,Bison,Any Legal Weapon,Statewide,TRUE,TRUE,TRUE,TRUE,TRUE,TRUE
BI6536,667,,mapped,processed_data/boundaries/BI6536.geojson,,,,7,Book Cliffs,Bison,Archery,Limited Entry,TRUE,TRUE,TRUE,FALSE,TRUE,TRUE
BI6537,889,,mapped,processed_data/boundaries/BI6537.geojson,,,,7,Book Cliffs,Bison,Muzzleloader,Limited Entry,TRUE,TRUE,TRUE,FALSE,TRUE,TRUE
BI6539,94,,mapped,processed_data/boundaries/BI6539.geojson,,,,7,Book Cliffs,Bison,Multiseason,Limited Entry,TRUE,TRUE,TRUE,FALSE,TRUE,TRUE
BR1000,5001,7;12;52;138;163;289;444;616;628;629;684;710;175;88;92;93;610;611;613;615;630;448;449;455;456;457;462;463;744;845,mapped,processed_data/boundaries/BR1000.geojson,data/boundaries/kmz/BR1000.kmz,data/boundaries/kml/BR1000.kml,,449,Statewide Permit,Black Bear,Multiseason,Limited Entry - Multiseason,TRUE,TRUE,FALSE,FALSE,TRUE,TRUE
BR7300,449,,mapped,processed_data/boundaries/BR7300.geojson,,,,12,Book Cliffs Little Creek Roadless,Black Bear,Multiseason,Limited Entry - Multiseason,TRUE,TRUE,FALSE,FALSE,TRUE,TRUE
BR7301,12,,mapped,processed_data/boundaries/BR7301.geojson,,,,667,"Book Cliffs, Bitter Creek",Black Bear,Archery,Once-in-a-lifetime,TRUE,TRUE,TRUE,FALSE,TRUE,TRUE
BR7303,52,,mapped,processed_data/boundaries/BR7303.geojson,,,,667,"Book Cliffs, Bitter Creek",Black Bear,Any Legal Weapon,Once-in-a-lifetime,TRUE,TRUE,TRUE,FALSE,TRUE,TRUE
BR7304,744,,mapped,processed_data/boundaries/BR7304.geojson,,,,667,"Book Cliffs, Bitter Creek",Black Bear,Any Legal Weapon,Once-in-a-lifetime,TRUE,TRUE,TRUE,FALSE,TRUE,TRUE
BR7305,616,,mapped,processed_data/boundaries/BR7305.geojson,,,,667,"Book Cliffs, Bitter Creek",Black Bear,Any Legal Weapon,Once-in-a-lifetime,TRUE,TRUE,TRUE,FALSE,TRUE,TRUE
BR7307,684,,mapped,processed_data/boundaries/BR7307.geojson,,,,667,"Book Cliffs, Bitter Creek",Black Bear,Archery,Limited Entry,TRUE,TRUE,TRUE,FALSE,TRUE,TRUE
BR7309,462,,mapped,processed_data/boundaries/BR7309.geojson,,,,667,"Book Cliffs, Bitter Creek",Black Bear,Any Legal Weapon,Limited Entry,TRUE,TRUE,TRUE,FALSE,TRUE,TRUE
BR7310,455,,mapped,processed_data/boundaries/BR7310.geojson,,,,899,"Book Cliffs, Bitter Creek/East",Black Bear,Archery,Limited Entry,TRUE,TRUE,TRUE,FALSE,TRUE,TRUE
BR7311,175,,mapped,processed_data/boundaries/BR7311.geojson,,,,899,"Book Cliffs, Bitter Creek/East",Black Bear,Late Archery,Limited Entry,TRUE,TRUE,TRUE,FALSE,TRUE,TRUE
BR7312,710,,mapped,processed_data/boundaries/BR7312.geojson,,,,899,"Book Cliffs, Bitter Creek/East",Black Bear,Early Any Legal Weapon,Limited Entry,TRUE,TRUE,TRUE,FALSE,TRUE,TRUE
BR7313,444,,mapped,processed_data/boundaries/BR7313.geojson,,,,899,"Book Cliffs, Bitter Creek/East",Black Bear,Late Any Legal Weapon,Limited Entry,TRUE,TRUE,TRUE,FALSE,TRUE,TRUE
BR7314,613,,mapped,processed_data/boundaries/BR7314.geojson,,,,899,"Book Cliffs, Bitter Creek/East",Black Bear,Mid Any Legal Weapon,Limited Entry,TRUE,TRUE,TRUE,FALSE,TRUE,TRUE
BR7315,463,,mapped,processed_data/boundaries/BR7315.geojson,,,,899,"Book Cliffs, Bitter Creek/East",Black Bear,Multiseason,Limited Entry,TRUE,TRUE,TRUE,FALSE,TRUE,TRUE
BR7316,448,,mapped,processed_data/boundaries/BR7316.geojson,,,,899,"Book Cliffs, Bitter Creek/East",Black Bear,Muzzleloader,Limited Entry,TRUE,TRUE,TRUE,FALSE,TRUE,TRUE
BR7317,615,,mapped,processed_data/boundaries/BR7317.geojson,,,,889,"Book Cliffs, Little Creek/South",Black Bear,Archery,Once-in-a-lifetime,TRUE,TRUE,TRUE,FALSE,TRUE,TRUE
BR7318,628,,mapped,processed_data/boundaries/BR7318.geojson,,,,889,"Book Cliffs, Little Creek/South",Black Bear,Any Legal Weapon,Once-in-a-lifetime,TRUE,TRUE,TRUE,FALSE,TRUE,TRUE
BR7321,5101,138;611,mapped,processed_data/boundaries/BR7321.geojson,,,,889,"Book Cliffs, Little Creek/South",Black Bear,Any Legal Weapon,Once-in-a-lifetime,TRUE,TRUE,FALSE,FALSE,TRUE,TRUE
BR7323,163,,mapped,processed_data/boundaries/BR7323.geojson,,,,889,"Book Cliffs, Little Creek/South",Black Bear,Any Legal Weapon,Once-in-a-lifetime,TRUE,TRUE,TRUE,FALSE,TRUE,TRUE
BR7324,610,,mapped,processed_data/boundaries/BR7324.geojson,,,,889,"Book Cliffs, Little Creek/South",Black Bear,Any Legal Weapon,Once-in-a-lifetime,TRUE,TRUE,TRUE,FALSE,TRUE,TRUE
BR7325,610,,mapped,processed_data/boundaries/BR7325.geojson,,,,15,"Book Cliffs, South",Black Bear,Archery,Limited Entry,TRUE,TRUE,TRUE,FALSE,TRUE,TRUE
DB0007,5108,7;15;32;85;94;108;138;163;185;206;248;609;610;611;612;613;615;621;625;628;629;630;632;633;635;636;714;802,mapped,processed_data/boundaries/DB0007.geojson,data/boundaries/kmz/DB0007.kmz,data/boundaries/kml/DB0007.kml,,15,"Book Cliffs, South",Deer,Any Legal Weapon,Limited Entry,TRUE,TRUE,TRUE,FALSE,TRUE,TRUE
DB1000,94,,mapped,processed_data/boundaries/DB1000.geojson,,,,15,"Book Cliffs, South",Deer,Any Legal Weapon,Conservation,TRUE,TRUE,TRUE,FALSE,TRUE,TRUE
DB1001,163,,mapped,processed_data/boundaries/DB1001.geojson,,,,15,"Book Cliffs, South",Deer,Any Legal Weapon,Once-in-a-lifetime,TRUE,TRUE,TRUE,FALSE,TRUE,TRUE
DB1003,94,,mapped,processed_data/boundaries/DB1003.geojson,,,,172,Boulder,Deer,Archery,Limited Entry,TRUE,TRUE,TRUE,FALSE,TRUE,TRUE
DB1004,163,,mapped,processed_data/boundaries/DB1004.geojson,,,,172,Boulder,Deer,Early Any Legal Weapon,Limited Entry,TRUE,TRUE,TRUE,FALSE,TRUE,TRUE
DB1005,94,,mapped,processed_data/boundaries/DB1005.geojson,,,,172,Boulder,Deer,Late Any Legal Weapon,Limited Entry,TRUE,TRUE,TRUE,FALSE,TRUE,TRUE
DB1006,163,,mapped,processed_data/boundaries/DB1006.geojson,,,,172,Boulder,Deer,Muzzleloader,Limited Entry,TRUE,TRUE,TRUE,FALSE,TRUE,TRUE
DB1007,94,,mapped,processed_data/boundaries/DB1007.geojson,,,,172,Boulder,Deer,Multiseason,Limited Entry,TRUE,TRUE,TRUE,FALSE,TRUE,TRUE
DB1008,163,,mapped,processed_data/boundaries/DB1008.geojson,,,,172,Boulder,Deer,Late Archery,Limited Entry,TRUE,TRUE,TRUE,FALSE,TRUE,TRUE
DB1010,163,,mapped,processed_data/boundaries/DB1010.geojson,,,,172,Boulder,Deer,Mid Any Legal Weapon,Limited Entry,TRUE,TRUE,TRUE,FALSE,TRUE,TRUE
DB1011,7,,mapped,processed_data/boundaries/DB1011.geojson,,,,455,Boulder/Kaiparowits,Deer,Multiseason,Limited Entry - Multiseason,TRUE,TRUE,FALSE,FALSE,TRUE,TRUE
DB1012,85,,mapped,processed_data/boundaries/DB1012.geojson,,,,867,"Box Elder, Grouse Creek",Deer,Multiseason,Conservation,TRUE,TRUE,TRUE,TRUE,TRUE,TRUE
DB1013,108,,mapped,processed_data/boundaries/DB1013.geojson,,,,867,"Box Elder, Grouse Creek",Deer,Early Any Legal Weapon,Limited Entry,TRUE,TRUE,TRUE,FALSE,TRUE,TRUE
DB1014,185,,mapped,processed_data/boundaries/DB1014.geojson,,,,867,"Box Elder, Grouse Creek",Deer,Mid Any Legal Weapon,Limited Entry,TRUE,TRUE,TRUE,FALSE,TRUE,TRUE
DB1015,206,,mapped,processed_data/boundaries/DB1015.geojson,,,,867,"Box Elder, Grouse Creek",Deer,Muzzleloader,Limited Entry,TRUE,TRUE,TRUE,FALSE,TRUE,TRUE
DB1016,248,,mapped,processed_data/boundaries/DB1016.geojson,,,,20,"Box Elder, Newfoundland Mtn",Deer,Any Legal Weapon,Conservation,TRUE,TRUE,TRUE,FALSE,TRUE,TRUE
DB1019,85,,mapped,processed_data/boundaries/DB1019.geojson,,,,20,"Box Elder, Newfoundland Mtn",Deer,Any Legal Weapon,Once-in-a-lifetime,TRUE,TRUE,TRUE,FALSE,TRUE,TRUE
DB1020,108,,mapped,processed_data/boundaries/DB1020.geojson,,,,20,"Box Elder, Newfoundland Mtn",Deer,Any Legal Weapon,Once-in-a-lifetime,TRUE,TRUE,TRUE,FALSE,TRUE,TRUE
DB1022,185,,mapped,processed_data/boundaries/DB1022.geojson,,,,20,"Box Elder, Newfoundland Mtn",Deer,Archery,Once-in-a-lifetime,TRUE,TRUE,TRUE,FALSE,TRUE,TRUE
DB1023,206,,mapped,processed_data/boundaries/DB1023.geojson,,,,682,"Box Elder, Pilot Mtn",Deer,Early Any Legal Weapon,Limited Entry,TRUE,TRUE,TRUE,FALSE,TRUE,TRUE
DB1024,248,,mapped,processed_data/boundaries/DB1024.geojson,,,,682,"Box Elder, Pilot Mtn",Deer,Archery,Limited Entry,TRUE,TRUE,TRUE,FALSE,TRUE,TRUE
DB1025,7,,mapped,processed_data/boundaries/DB1025.geojson,,,,682;683,"Box Elder, Pilot Mtn",Deer,Multiseason,Conservation,TRUE,TRUE,TRUE,FALSE,TRUE,TRUE
DB1029,85,,mapped,processed_data/boundaries/DB1029.geojson,,,,24,"Box Elder, Promontory",Deer,Archery,Limited Entry,TRUE,TRUE,TRUE,FALSE,TRUE,TRUE
DB1031,108,,mapped,processed_data/boundaries/DB1031.geojson,,,,24,"Box Elder, Promontory",Deer,Any Legal Weapon,Limited Entry,TRUE,TRUE,TRUE,FALSE,TRUE,TRUE
DB1037,185,,mapped,processed_data/boundaries/DB1037.geojson,,,,25,"Box Elder, Puddle Valley",Deer,Archery,Limited Entry,TRUE,TRUE,TRUE,FALSE,TRUE,TRUE
DB1038,206,,mapped,processed_data/boundaries/DB1038.geojson,,,,25,"Box Elder, Puddle Valley",Deer,Any Legal Weapon,Limited Entry,TRUE,TRUE,TRUE,FALSE,TRUE,TRUE
DB1042,248,,mapped,processed_data/boundaries/DB1042.geojson,,,,27,"Box Elder, Snowville",Deer,Archery,Limited Entry,TRUE,TRUE,TRUE,FALSE,TRUE,TRUE
DB1044,7,,mapped,processed_data/boundaries/DB1044.geojson,,,,27,"Box Elder, Snowville",Deer,Any Legal Weapon,Limited Entry,TRUE,TRUE,TRUE,FALSE,TRUE,TRUE
DB1045,85,,mapped,processed_data/boundaries/DB1045.geojson,,,,27,"Box Elder, Snowville",Deer,Muzzleloader,Limited Entry,TRUE,TRUE,TRUE,FALSE,TRUE,TRUE
DB1046,185,,mapped,processed_data/boundaries/DB1046.geojson,,,,755,"Box Elder, West",Deer,Archery,Limited Entry,TRUE,TRUE,TRUE,FALSE,TRUE,TRUE
DB1047,206,,mapped,processed_data/boundaries/DB1047.geojson,,,,755,"Box Elder, West",Deer,Any Legal Weapon,Limited Entry,TRUE,TRUE,TRUE,FALSE,TRUE,TRUE
DB1048,248,,mapped,processed_data/boundaries/DB1048.geojson,,,,755,"Box Elder, West",Deer,Muzzleloader,Limited Entry,TRUE,TRUE,TRUE,FALSE,TRUE,TRUE
DB1058,163,,mapped,processed_data/boundaries/DB1058.geojson,,,,7;15;32;85;94;108;138;163;185;206;248;609;610;611;612;613;615;621;625;628;629;630;632;633;635;636;714;802,Buck Deer - Statewide Permit,Deer,Any Legal Weapon,Statewide,TRUE,TRUE,TRUE,TRUE,TRUE,TRUE
DB1073,163,,mapped,processed_data/boundaries/DB1073.geojson,,,,29,Cache,Deer,Any Legal Weapon,Once-in-a-lifetime,TRUE,TRUE,TRUE,FALSE,TRUE,TRUE
DB1074,163,,mapped,processed_data/boundaries/DB1074.geojson,,,,29;33;38;39;40;302;303,Cache (Conservation),Deer,Any Legal Weapon,Conservation,TRUE,TRUE,TRUE,FALSE,TRUE,TRUE
DB1118,108,,mapped,processed_data/boundaries/DB1118.geojson,,,,33,"Cache, Meadowville",Deer,Archery,Limited Entry,TRUE,TRUE,TRUE,FALSE,TRUE,TRUE
DS1000,5110,688;187;190;193;194;94;98;99;100;635;636;756,mapped,processed_data/boundaries/DS1000.geojson,,,,33,"Cache, Meadowville",Desert Bighorn Sheep,Early Any Legal Weapon,Limited Entry,TRUE,TRUE,TRUE,FALSE,TRUE,TRUE
DS1002,98,,mapped,processed_data/boundaries/DS1002.geojson,,,,33,"Cache, Meadowville",Desert Bighorn Sheep,Late Any Legal Weapon,Limited Entry,TRUE,TRUE,TRUE,FALSE,TRUE,TRUE
DS1003,5141,933;934,mapped,processed_data/boundaries/DS1003.geojson,,,,33,"Cache, Meadowville",Desert Bighorn Sheep,Muzzleloader,Limited Entry,TRUE,TRUE,TRUE,FALSE,TRUE,TRUE
DS1004,193,,mapped,processed_data/boundaries/DS1004.geojson,,,,33,"Cache, Meadowville",Desert Bighorn Sheep,Multiseason,Limited Entry,TRUE,TRUE,TRUE,FALSE,TRUE,TRUE
DS1006,100,,mapped,processed_data/boundaries/DS1006.geojson,,,,33,"Cache, Meadowville",Desert Bighorn Sheep,Late Archery,Limited Entry,TRUE,TRUE,TRUE,FALSE,TRUE,TRUE
DS1007,195,,mapped,processed_data/boundaries/DS1007.geojson,,,,33,"Cache, Meadowville",Desert Bighorn Sheep,Mid Any Legal Weapon,Limited Entry,TRUE,TRUE,TRUE,FALSE,TRUE,TRUE
DS6601,98,,mapped,processed_data/boundaries/DS6601.geojson,,,,41,"Cache, South",Desert Bighorn Sheep,Archery,Limited Entry,TRUE,TRUE,TRUE,FALSE,TRUE,TRUE
DS6602,99,,mapped,processed_data/boundaries/DS6602.geojson,,,,41,"Cache, South",Desert Bighorn Sheep,Early Any Legal Weapon,Limited Entry,TRUE,TRUE,TRUE,FALSE,TRUE,TRUE
DS6603,100,,mapped,processed_data/boundaries/DS6603.geojson,,,,41,"Cache, South",Desert Bighorn Sheep,Late Any Legal Weapon,Limited Entry,TRUE,TRUE,TRUE,FALSE,TRUE,TRUE
DS6604,688,,mapped,processed_data/boundaries/DS6604.geojson,,,,41,"Cache, South",Desert Bighorn Sheep,Muzzleloader,Limited Entry,TRUE,TRUE,TRUE,FALSE,TRUE,TRUE
DS6605,305,,mapped,processed_data/boundaries/DS6605.geojson,,,,41,"Cache, South",Desert Bighorn Sheep,Multiseason,Limited Entry,TRUE,TRUE,TRUE,FALSE,TRUE,TRUE
DS6608,193,,mapped,processed_data/boundaries/DS6608.geojson,,,,41,"Cache, South",Desert Bighorn Sheep,Late Archery,Limited Entry,TRUE,TRUE,TRUE,FALSE,TRUE,TRUE
DS6610,195,,mapped,processed_data/boundaries/DS6610.geojson,,,,41,"Cache, South",Desert Bighorn Sheep,Mid Any Legal Weapon,Limited Entry,TRUE,TRUE,TRUE,FALSE,TRUE,TRUE
DS6621,305,,mapped,processed_data/boundaries/DS6621.geojson,,,,887,Central Area,Desert Bighorn Sheep,Any Legal Weapon,Limited Entry,TRUE,TRUE,TRUE,FALSE,TRUE,TRUE
DS6624,193,,mapped,processed_data/boundaries/DS6624.geojson,,,,887,Central Area,Desert Bighorn Sheep,Any Legal Weapon,Conservation,TRUE,TRUE,TRUE,FALSE,TRUE,TRUE
EA1180,5111,108;617;684;879,mapped,processed_data/boundaries/EA1180.geojson,,,,610,Chalk Creek/East Canyon/Morgan-South Rich,Elk,Multiseason,Conservation,TRUE,TRUE,FALSE,FALSE,TRUE,TRUE
EA1270,5114,175;698;699,mapped,processed_data/boundaries/EA1270.geojson,,,,610,Chalk Creek/East Canyon/Morgan-South Rich,Elk,Multiseason,Limited Entry - Multiseason,TRUE,TRUE,FALSE,FALSE,TRUE,TRUE
EA1271,5115,43;45;47;49;51;55;58;861;862;938,mapped,processed_data/boundaries/EA1271.geojson,,,,688;187;190;193;194;94;98;99;100;635;636;756,Desert Bighorn Sheep - Statewide Permit,Elk,Any Legal Weapon,Statewide,TRUE,TRUE,FALSE,FALSE,TRUE,TRUE
EA2041,5117,29;33;38;39;40;302;303,mapped,processed_data/boundaries/EA2041.geojson,,,,206,Diamond Mtn,Elk,Archery,Limited Entry,TRUE,TRUE,TRUE,FALSE,TRUE,TRUE
EA2045,5118,222;224;225;227;234;238;240;480;817;845;920;921,mapped,processed_data/boundaries/EA2045.geojson,,,,206,Diamond Mtn,Elk,Any Legal Weapon,Limited Entry,TRUE,TRUE,TRUE,FALSE,TRUE,TRUE
EB1000,5119,12;17;33;36;41;51;108;128;140;163;241;616;617;622;625;629;683;685;175;183;206;222;88;630;634;449;455,mapped,processed_data/boundaries/EB1000.geojson,data/boundaries/kmz/EB1000.kmz,data/boundaries/kml/EB1000.kml,,206,Diamond Mtn,Elk,Muzzleloader,Limited Entry,TRUE,TRUE,TRUE,FALSE,TRUE,TRUE
EB3000,685,,mapped,processed_data/boundaries/EB3000.geojson,,,,206,Diamond Mtn,Elk,Multiseason,Limited Entry,TRUE,TRUE,TRUE,FALSE,TRUE,TRUE
EB3003,33,,mapped,processed_data/boundaries/EB3003.geojson,,,,206,Diamond Mtn,Elk,Archery,Limited Entry,TRUE,TRUE,TRUE,FALSE,TRUE,TRUE
EB3005,41,,mapped,processed_data/boundaries/EB3005.geojson,,,,206,Diamond Mtn,Elk,Early Any Legal Weapon,Limited Entry,TRUE,TRUE,TRUE,FALSE,TRUE,TRUE
EB3006,51,,mapped,processed_data/boundaries/EB3006.geojson,,,,206,Diamond Mtn,Elk,Mid Any Legal Weapon,Limited Entry,TRUE,TRUE,TRUE,FALSE,TRUE,TRUE
EB3008,88,,mapped,processed_data/boundaries/EB3008.geojson,,,,206,Diamond Mtn,Elk,Muzzleloader,Limited Entry,TRUE,TRUE,TRUE,FALSE,TRUE,TRUE
EB3009,617,,mapped,processed_data/boundaries/EB3009.geojson,,,,206,Diamond Mtn,Elk,Multiseason,Limited Entry,TRUE,TRUE,TRUE,FALSE,TRUE,TRUE
EB3010,629,,mapped,processed_data/boundaries/EB3010.geojson,,,,206,Diamond Mtn,Elk,Late Archery,Limited Entry,TRUE,TRUE,TRUE,FALSE,TRUE,TRUE
EB3011,630,,mapped,processed_data/boundaries/EB3011.geojson,,,,206,Diamond Mtn,Elk,Late Any Legal Weapon,Limited Entry,TRUE,TRUE,TRUE,FALSE,TRUE,TRUE
EB3015,634,,mapped,processed_data/boundaries/EB3015.geojson,,,,444,Diamond Mtn/Vernal/Bonanza,Elk,Multiseason,Limited Entry - Multiseason,TRUE,TRUE,FALSE,FALSE,TRUE,TRUE
EB3018,175,,mapped,processed_data/boundaries/EB3018.geojson,,,,108,Dolores Triangle,Elk,Archery,Limited Entry,TRUE,TRUE,TRUE,FALSE,TRUE,TRUE
EB3019,183,,mapped,processed_data/boundaries/EB3019.geojson,,,,108,Dolores Triangle,Elk,Any Legal Weapon,Limited Entry,TRUE,TRUE,TRUE,FALSE,TRUE,TRUE
EB3020,206,,mapped,processed_data/boundaries/EB3020.geojson,,,,108,Dolores Triangle,Elk,Muzzleloader,Limited Entry,TRUE,TRUE,TRUE,FALSE,TRUE,TRUE
EB3022,222,,mapped,processed_data/boundaries/EB3022.geojson,,,,108,Dolores Triangle,Elk,Multiseason,Conservation,TRUE,TRUE,TRUE,FALSE,TRUE,TRUE
EB3024,685,,mapped,processed_data/boundaries/EB3024.geojson,,,,12;17;33;36;41;51;108;128;140;163;241;616;617;622;625;629;683;685;175;183;206;222;88;630;634;449;455,Elk - Statewide Permit,Elk,Any Legal Weapon,Statewide,TRUE,TRUE,TRUE,TRUE,TRUE,TRUE
EB3025,685,,mapped,processed_data/boundaries/EB3025.geojson,,,,668,"Fillmore, Oak Creek",Elk,Any Legal Weapon,Once-in-a-lifetime,TRUE,TRUE,TRUE,FALSE,TRUE,TRUE
EB3031,682,,mapped,processed_data/boundaries/EB3031.geojson,,,,668,"Fillmore, Oak Creek",Elk,Any Legal Weapon,Once-in-a-lifetime,TRUE,TRUE,TRUE,FALSE,TRUE,TRUE
EB3032,33,,mapped,processed_data/boundaries/EB3032.geojson,,,,668,"Fillmore, Oak Creek",Elk,Archery,Once-in-a-lifetime,TRUE,TRUE,TRUE,FALSE,TRUE,TRUE
EB3033,33,,mapped,processed_data/boundaries/EB3033.geojson,,,,85,"Fillmore, Oak Creek LE",Elk,Archery,Limited Entry,TRUE,TRUE,TRUE,FALSE,TRUE,TRUE
EB3036,41,,mapped,processed_data/boundaries/EB3036.geojson,,,,85,"Fillmore, Oak Creek LE",Elk,Any Legal Weapon,Limited Entry,TRUE,TRUE,TRUE,FALSE,TRUE,TRUE
EB3037,41,,mapped,processed_data/boundaries/EB3037.geojson,,,,85,"Fillmore, Oak Creek LE",Elk,Muzzleloader,Limited Entry,TRUE,TRUE,TRUE,FALSE,TRUE,TRUE
EB3038,51,,mapped,processed_data/boundaries/EB3038.geojson,,,,85,"Fillmore, Oak Creek LE",Elk,Multiseason,Limited Entry,TRUE,TRUE,TRUE,FALSE,TRUE,TRUE
EB3039,51,,mapped,processed_data/boundaries/EB3039.geojson,,,,81,"Fillmore, Oak Creek South",Elk,Archery,Limited Entry,TRUE,TRUE,TRUE,FALSE,TRUE,TRUE
EB3042,88,,mapped,processed_data/boundaries/EB3042.geojson,,,,81,"Fillmore, Oak Creek South",Elk,Any Legal Weapon,Limited Entry,TRUE,TRUE,TRUE,FALSE,TRUE,TRUE
EB3043,88,,mapped,processed_data/boundaries/EB3043.geojson,,,,81,"Fillmore, Oak Creek South",Elk,Muzzleloader,Limited Entry,TRUE,TRUE,TRUE,FALSE,TRUE,TRUE
EB3045,617,,mapped,processed_data/boundaries/EB3045.geojson,,,,88,"Fillmore, Pahvant",Elk,Archery,Limited Entry,TRUE,TRUE,TRUE,FALSE,TRUE,TRUE
EB3046,617,,mapped,processed_data/boundaries/EB3046.geojson,,,,88,"Fillmore, Pahvant",Elk,Early Any Legal Weapon,Limited Entry,TRUE,TRUE,TRUE,FALSE,TRUE,TRUE
EB3047,629,,mapped,processed_data/boundaries/EB3047.geojson,,,,88,"Fillmore, Pahvant",Elk,Late Any Legal Weapon,Limited Entry,TRUE,TRUE,TRUE,FALSE,TRUE,TRUE
EB3048,629,,mapped,processed_data/boundaries/EB3048.geojson,,,,88,"Fillmore, Pahvant",Elk,Muzzleloader,Limited Entry,TRUE,TRUE,TRUE,FALSE,TRUE,TRUE
EB3049,630,,mapped,processed_data/boundaries/EB3049.geojson,,,,88,"Fillmore, Pahvant",Elk,Multiseason,Limited Entry,TRUE,TRUE,TRUE,FALSE,TRUE,TRUE
EB3050,630,,mapped,processed_data/boundaries/EB3050.geojson,,,,88,"Fillmore, Pahvant",Elk,Late Archery,Limited Entry,TRUE,TRUE,TRUE,FALSE,TRUE,TRUE
EB3056,634,,mapped,processed_data/boundaries/EB3056.geojson,,,,88,"Fillmore, Pahvant",Elk,Mid Any Legal Weapon,Limited Entry,TRUE,TRUE,TRUE,FALSE,TRUE,TRUE
EB3057,634,,mapped,processed_data/boundaries/EB3057.geojson,,,,175;698;699,Fishlake (Conservation),Elk,Any Legal Weapon,Conservation,TRUE,TRUE,TRUE,FALSE,TRUE,TRUE
EB3063,175,,mapped,processed_data/boundaries/EB3063.geojson,,,,175,Fishlake/Thousand Lakes,Elk,Multiseason,Limited Entry - Multiseason,TRUE,TRUE,FALSE,FALSE,TRUE,TRUE
EB3064,175,,mapped,processed_data/boundaries/EB3064.geojson,,,,175,Fishlake/Thousand Lakes,Elk,Archery,Limited Entry,TRUE,TRUE,TRUE,FALSE,TRUE,TRUE
EB3065,175,,mapped,processed_data/boundaries/EB3065.geojson,,,,175,Fishlake/Thousand Lakes,Elk,Early Any Legal Weapon,Limited Entry,TRUE,TRUE,TRUE,FALSE,TRUE,TRUE
EB3066,183,,mapped,processed_data/boundaries/EB3066.geojson,,,,175,Fishlake/Thousand Lakes,Elk,Mid Any Legal Weapon,Limited Entry,TRUE,TRUE,TRUE,FALSE,TRUE,TRUE
EB3067,183,,mapped,processed_data/boundaries/EB3067.geojson,,,,175,Fishlake/Thousand Lakes,Elk,Late Any Legal Weapon,Limited Entry,TRUE,TRUE,TRUE,FALSE,TRUE,TRUE
EB3068,206,,mapped,processed_data/boundaries/EB3068.geojson,,,,175,Fishlake/Thousand Lakes,Elk,Muzzleloader,Limited Entry,TRUE,TRUE,TRUE,FALSE,TRUE,TRUE
EB3069,206,,mapped,processed_data/boundaries/EB3069.geojson,,,,175,Fishlake/Thousand Lakes,Elk,Multiseason,Limited Entry,TRUE,TRUE,TRUE,FALSE,TRUE,TRUE
EB3072,222,,mapped,processed_data/boundaries/EB3072.geojson,,,,175,Fishlake/Thousand Lakes,Elk,Late Archery,Limited Entry,TRUE,TRUE,TRUE,FALSE,TRUE,TRUE
EB3073,222,,mapped,processed_data/boundaries/EB3073.geojson,,,,94,Henry Mtns,Elk,Any Legal Weapon,Once-in-a-lifetime,TRUE,TRUE,TRUE,FALSE,TRUE,TRUE
EB3077,685,,mapped,processed_data/boundaries/EB3077.geojson,,,,94,Henry Mtns,Elk,Any Legal Weapon,Once-in-a-lifetime,TRUE,TRUE,TRUE,FALSE,TRUE,TRUE
EB3081,33,,mapped,processed_data/boundaries/EB3081.geojson,,,,94,Henry Mtns,Elk,Any Legal Weapon,Once-in-a-lifetime,TRUE,TRUE,TRUE,FALSE,TRUE,TRUE
EB3083,41,,mapped,processed_data/boundaries/EB3083.geojson,,,,94,Henry Mtns,Elk,Any Legal Weapon,Once-in-a-lifetime,TRUE,TRUE,TRUE,FALSE,TRUE,TRUE
EB3084,51,,mapped,processed_data/boundaries/EB3084.geojson,,,,94,Henry Mtns,Elk,Archery,Once-in-a-lifetime,TRUE,TRUE,TRUE,FALSE,TRUE,TRUE
EB3086,88,,mapped,processed_data/boundaries/EB3086.geojson,,,,94,Henry Mtns,Elk,Any Legal Weapon,Once-in-a-lifetime,TRUE,TRUE,TRUE,FALSE,TRUE,TRUE
EB3087,617,,mapped,processed_data/boundaries/EB3087.geojson,,,,94,Henry Mtns,Elk,Any Legal Weapon,Once-in-a-lifetime,TRUE,TRUE,TRUE,FALSE,TRUE,TRUE
EB3088,629,,mapped,processed_data/boundaries/EB3088.geojson,,,,94,Henry Mtns Premium,Elk,Archery,Premium Limited Entry,TRUE,TRUE,TRUE,FALSE,TRUE,TRUE
EB3089,630,,mapped,processed_data/boundaries/EB3089.geojson,,,,94,Henry Mtns Premium,Elk,Any Legal Weapon,Premium Limited Entry,TRUE,TRUE,TRUE,FALSE,TRUE,TRUE
EB3093,634,,mapped,processed_data/boundaries/EB3093.geojson,,,,94,Henry Mtns Premium,Elk,Muzzleloader,Premium Limited Entry,TRUE,TRUE,TRUE,FALSE,TRUE,TRUE
EB3096,175,,mapped,processed_data/boundaries/EB3096.geojson,,,,94,Henry Mtns Premium,Elk,Multiseason,Premium Limited Entry,TRUE,TRUE,TRUE,FALSE,TRUE,TRUE
EB3097,183,,mapped,processed_data/boundaries/EB3097.geojson,,,,148,High Uintas West,Elk,Any Legal Weapon,Once-in-a-lifetime,TRUE,TRUE,TRUE,FALSE,TRUE,TRUE
EB3098,206,,mapped,processed_data/boundaries/EB3098.geojson,,,,98,"Kaiparowits, East",Elk,Any Legal Weapon,Conservation,TRUE,TRUE,TRUE,FALSE,TRUE,TRUE
EB3100,222,,mapped,processed_data/boundaries/EB3100.geojson,,,,98,"Kaiparowits, East",Elk,Any Legal Weapon,Once-in-a-lifetime,TRUE,TRUE,TRUE,FALSE,TRUE,TRUE
EB3102,685,,mapped,processed_data/boundaries/EB3102.geojson,,,,99,"Kaiparowits, Escalante",Elk,Any Legal Weapon,Once-in-a-lifetime,TRUE,TRUE,FALSE,FALSE,TRUE,TRUE
EB3105,33,,mapped,processed_data/boundaries/EB3105.geojson,,,,933;934,"Kaiparowits, Escalante East/West",Elk,Any Legal Weapon,Conservation,TRUE,TRUE,TRUE,FALSE,TRUE,TRUE
EB3107,41,,mapped,processed_data/boundaries/EB3107.geojson,,,,100,"Kaiparowits, West",Elk,Any Legal Weapon,Conservation,TRUE,TRUE,TRUE,FALSE,TRUE,TRUE
EB3108,51,,mapped,processed_data/boundaries/EB3108.geojson,,,,100,"Kaiparowits, West",Elk,Any Legal Weapon,Once-in-a-lifetime,TRUE,TRUE,TRUE,FALSE,TRUE,TRUE
EB3110,88,,mapped,processed_data/boundaries/EB3110.geojson,,,,138;611,Kamas/North Slope Summit,Elk,Multiseason,Limited Entry - Multiseason,TRUE,TRUE,FALSE,FALSE,TRUE,TRUE
EB3111,617,,mapped,processed_data/boundaries/EB3111.geojson,,,,684,La Sal,Elk,Multiseason,Multiseason - Conservation,TRUE,TRUE,FALSE,FALSE,TRUE,TRUE
EB3112,629,,mapped,processed_data/boundaries/EB3112.geojson,,,,108;617;684;879,La Sal (Conservation),Elk,Any Legal Weapon,Conservation,TRUE,TRUE,TRUE,FALSE,TRUE,TRUE
EB3113,630,,mapped,processed_data/boundaries/EB3113.geojson,,,,617,La Sal Mtns,Elk,Archery,Limited Entry,TRUE,TRUE,TRUE,FALSE,TRUE,TRUE
EB3115,140,,mapped,processed_data/boundaries/EB3115.geojson,,,,617,La Sal Mtns,Elk,Early Any Legal Weapon,Limited Entry,TRUE,TRUE,TRUE,FALSE,TRUE,TRUE
EB3117,634,,mapped,processed_data/boundaries/EB3117.geojson,,,,617,La Sal Mtns,Elk,Late Any Legal Weapon,Limited Entry,TRUE,TRUE,TRUE,FALSE,TRUE,TRUE
EB3120,175,,mapped,processed_data/boundaries/EB3120.geojson,,,,617,La Sal Mtns,Elk,Muzzleloader,Limited Entry,TRUE,TRUE,TRUE,FALSE,TRUE,TRUE
EB3121,183,,mapped,processed_data/boundaries/EB3121.geojson,,,,617,La Sal Mtns,Elk,Multiseason,Limited Entry,TRUE,TRUE,TRUE,FALSE,TRUE,TRUE
EB3122,206,,mapped,processed_data/boundaries/EB3122.geojson,,,,617,La Sal Mtns,Elk,Late Archery,Limited Entry,TRUE,TRUE,TRUE,FALSE,TRUE,TRUE
EB3124,222,,mapped,processed_data/boundaries/EB3124.geojson,,,,617,La Sal Mtns,Elk,Mid Any Legal Weapon,Limited Entry,TRUE,TRUE,TRUE,FALSE,TRUE,TRUE
EB3126,51,,mapped,processed_data/boundaries/EB3126.geojson,,,,617,La Sal Mtns,Elk,Any Legal Weapon,Once-in-a-lifetime,TRUE,TRUE,TRUE,FALSE,TRUE,TRUE
EB3127,222,,mapped,processed_data/boundaries/EB3127.geojson,,,,688,"La Sal, Potash/South Cisco",Elk,Any Legal Weapon,Once-in-a-lifetime,TRUE,TRUE,TRUE,FALSE,TRUE,TRUE
EB3128,867,867,mapped,processed_data/boundaries/EB3128.geojson,data/boundaries/kmz/EB3128.kmz,data/boundaries/kml/EB3128.kml,,688,"La Sal, Potash/South Cisco",Elk,Archery,Limited Entry,TRUE,TRUE,TRUE,FALSE,TRUE,TRUE
EB3130,682,,mapped,processed_data/boundaries/EB3130.geojson,,,,688,"La Sal, Potash/South Cisco",Elk,Any Legal Weapon,Limited Entry,TRUE,TRUE,TRUE,FALSE,TRUE,TRUE
EB3145,172,,mapped,processed_data/boundaries/EB3145.geojson,,,,51,Manti,Elk,Archery,Limited Entry,TRUE,TRUE,TRUE,FALSE,TRUE,TRUE
EB3146,872,,mapped,processed_data/boundaries/EB3146.geojson,,,,51,Manti,Elk,Early Any Legal Weapon,Limited Entry,TRUE,TRUE,TRUE,FALSE,TRUE,TRUE
EB3147,867,,mapped,processed_data/boundaries/EB3147.geojson,,,,51,Manti,Elk,Late Any Legal Weapon,Limited Entry,TRUE,TRUE,TRUE,FALSE,TRUE,TRUE
EB3148,172,,mapped,processed_data/boundaries/EB3148.geojson,,,,51,Manti,Elk,Muzzleloader,Limited Entry,TRUE,TRUE,TRUE,FALSE,TRUE,TRUE
EB3149,872,,mapped,processed_data/boundaries/EB3149.geojson,,,,51,Manti,Elk,Multiseason,Limited Entry,TRUE,TRUE,TRUE,FALSE,TRUE,TRUE
EB3150,867,,mapped,processed_data/boundaries/EB3150.geojson,,,,51,Manti,Elk,Mid Any Legal Weapon,Limited Entry,TRUE,TRUE,TRUE,FALSE,TRUE,TRUE
EB3151,172,,mapped,processed_data/boundaries/EB3151.geojson,,,,51,Manti,Elk,Late Archery,Limited Entry,TRUE,TRUE,TRUE,FALSE,TRUE,TRUE
EB3152,872,,mapped,processed_data/boundaries/EB3152.geojson,,,,43;45;47;49;51;55;58;861;862;938,Manti (Conservation),Elk,Any Legal Weapon,Conservation,TRUE,TRUE,TRUE,FALSE,TRUE,TRUE
EB3153,867,,mapped,processed_data/boundaries/EB3153.geojson,,,,52,Manti North,Elk,Multiseason,Limited Entry - Multiseason,TRUE,TRUE,FALSE,FALSE,TRUE,TRUE
EB3154,172,,mapped,processed_data/boundaries/EB3154.geojson,,,,744,Manti South/San Rafael North,Elk,Multiseason,Limited Entry - Multiseason,TRUE,TRUE,FALSE,FALSE,TRUE,TRUE
EB3155,872,,mapped,processed_data/boundaries/EB3155.geojson,,,,629,Monroe,Elk,Archery,Limited Entry,TRUE,TRUE,TRUE,FALSE,TRUE,TRUE
EB3156,172,,mapped,processed_data/boundaries/EB3156.geojson,,,,629,Monroe,Elk,Early Any Legal Weapon,Limited Entry,TRUE,TRUE,TRUE,FALSE,TRUE,TRUE
EB3157,872,,mapped,processed_data/boundaries/EB3157.geojson,,,,629,Monroe,Elk,Late Any Legal Weapon,Limited Entry,TRUE,TRUE,TRUE,FALSE,TRUE,TRUE
EB3158,685,,mapped,processed_data/boundaries/EB3158.geojson,,,,629,Monroe,Elk,Muzzleloader,Limited Entry,TRUE,TRUE,TRUE,FALSE,TRUE,TRUE
EB3159,685,,mapped,processed_data/boundaries/EB3159.geojson,,,,629,Monroe,Elk,Multiseason,Limited Entry,TRUE,TRUE,TRUE,FALSE,TRUE,TRUE
EB3160,899,,mapped,processed_data/boundaries/EB3160.geojson,,,,629,Monroe,Elk,Late Archery,Limited Entry,TRUE,TRUE,TRUE,FALSE,TRUE,TRUE
EB3161,899,,mapped,processed_data/boundaries/EB3161.geojson,,,,629,Monroe,Elk,Mid Any Legal Weapon,Limited Entry,TRUE,TRUE,TRUE,FALSE,TRUE,TRUE
EB3162,899,,mapped,processed_data/boundaries/EB3162.geojson,,,,29;117;138;276;289;69;79;609;611;613;452;743,Moose - Statewide Permit,Elk,Any Legal Weapon,Statewide,TRUE,TRUE,TRUE,TRUE,TRUE,TRUE
EB3163,899,,mapped,processed_data/boundaries/EB3163.geojson,,,,145;146;147;148;157;616;617;628;200;225;231;233;102;630,Mountain Goat - Statewide Permit,Elk,Any Legal Weapon,Statewide,TRUE,TRUE,TRUE,TRUE,TRUE,TRUE
EB3164,899,,mapped,processed_data/boundaries/EB3164.geojson,,,,630,Mt Dutton,Elk,Archery,Limited Entry,TRUE,TRUE,TRUE,FALSE,TRUE,TRUE
EB3165,899,,mapped,processed_data/boundaries/EB3165.geojson,,,,630,Mt Dutton,Elk,Early Any Legal Weapon,Limited Entry,TRUE,TRUE,TRUE,FALSE,TRUE,TRUE
EB3166,899,,mapped,processed_data/boundaries/EB3166.geojson,,,,630,Mt Dutton,Elk,Late Any Legal Weapon,Limited Entry,TRUE,TRUE,TRUE,FALSE,TRUE,TRUE
EB3168,33,,mapped,processed_data/boundaries/EB3168.geojson,,,,630,Mt Dutton,Elk,Muzzleloader,Limited Entry,TRUE,TRUE,TRUE,FALSE,TRUE,TRUE
EB3169,33,,mapped,processed_data/boundaries/EB3169.geojson,,,,630,Mt Dutton,Elk,Multiseason,Limited Entry,TRUE,TRUE,TRUE,FALSE,TRUE,TRUE
EB3170,41,,mapped,processed_data/boundaries/EB3170.geojson,,,,630,Mt Dutton,Elk,Late Archery,Limited Entry,TRUE,TRUE,TRUE,FALSE,TRUE,TRUE
EB3171,41,,mapped,processed_data/boundaries/EB3171.geojson,,,,630,Mt Dutton,Elk,Mid Any Legal Weapon,Limited Entry,TRUE,TRUE,TRUE,FALSE,TRUE,TRUE
EB3172,51,,mapped,processed_data/boundaries/EB3172.geojson,,,,453,Mt Dutton/Paunsaugunt,Elk,Any Legal Weapon,Limited Entry,TRUE,TRUE,TRUE,FALSE,TRUE,TRUE
EB3173,901,,mapped,processed_data/boundaries/EB3173.geojson,,,,453,Mt Dutton/Paunsaugunt,Elk,Archery,Limited Entry,TRUE,TRUE,TRUE,FALSE,TRUE,TRUE
EB3174,901,,mapped,processed_data/boundaries/EB3174.geojson,,,,616,Nebo,Elk,Multiseason,Limited Entry - Multiseason,TRUE,TRUE,FALSE,FALSE,TRUE,TRUE
EB3175,901,,mapped,processed_data/boundaries/EB3175.geojson,,,,616,Nebo,Elk,Any Legal Weapon,Once-in-a-lifetime,TRUE,TRUE,TRUE,FALSE,TRUE,TRUE
EB3176,901,,mapped,processed_data/boundaries/EB3176.geojson,,,,616,Nebo,Elk,Archery,Once-in-a-lifetime,TRUE,TRUE,TRUE,FALSE,TRUE,TRUE
EB3177,901,,mapped,processed_data/boundaries/EB3177.geojson,,,,901,Nebo/San Pitch Mtns,Elk,Archery,Limited Entry,TRUE,TRUE,TRUE,FALSE,TRUE,TRUE
EB3178,901,,mapped,processed_data/boundaries/EB3178.geojson,,,,901,Nebo/San Pitch Mtns,Elk,Late Archery,Limited Entry,TRUE,TRUE,TRUE,FALSE,TRUE,TRUE
EB3179,901,,mapped,processed_data/boundaries/EB3179.geojson,,,,901,Nebo/San Pitch Mtns,Elk,Early Any Legal Weapon,Limited Entry,TRUE,TRUE,TRUE,FALSE,TRUE,TRUE
EB3180,88,,mapped,processed_data/boundaries/EB3180.geojson,,,,901,Nebo/San Pitch Mtns,Elk,Late Any Legal Weapon,Limited Entry,TRUE,TRUE,TRUE,FALSE,TRUE,TRUE
EB3181,88,,mapped,processed_data/boundaries/EB3181.geojson,,,,901,Nebo/San Pitch Mtns,Elk,Mid Any Legal Weapon,Limited Entry,TRUE,TRUE,TRUE,FALSE,TRUE,TRUE
EB3182,617,,mapped,processed_data/boundaries/EB3182.geojson,,,,901,Nebo/San Pitch Mtns,Elk,Multiseason,Limited Entry,TRUE,TRUE,TRUE,FALSE,TRUE,TRUE
EB3183,617,,mapped,processed_data/boundaries/EB3183.geojson,,,,901,Nebo/San Pitch Mtns,Elk,Muzzleloader,Limited Entry,TRUE,TRUE,TRUE,FALSE,TRUE,TRUE
EB3184,629,,mapped,processed_data/boundaries/EB3184.geojson,,,,615,Nine Mile,Elk,Multiseason,Limited Entry - Multiseason,TRUE,TRUE,FALSE,FALSE,TRUE,TRUE
EB3185,629,,mapped,processed_data/boundaries/EB3185.geojson,,,,129,"Nine Mile, Anthro-Myton Bench",Elk,Archery,Limited Entry,TRUE,TRUE,TRUE,FALSE,TRUE,TRUE
EB3186,630,,mapped,processed_data/boundaries/EB3186.geojson,,,,129,"Nine Mile, Anthro-Myton Bench",Elk,Any Legal Weapon,Limited Entry,TRUE,TRUE,TRUE,FALSE,TRUE,TRUE
EB3187,630,,mapped,processed_data/boundaries/EB3187.geojson,,,,129,"Nine Mile, Anthro-Myton Bench",Elk,Muzzleloader,Limited Entry,TRUE,TRUE,TRUE,FALSE,TRUE,TRUE
EB3188,634,,mapped,processed_data/boundaries/EB3188.geojson,,,,821,"Nine Mile, Gray Canyon",Elk,Any Legal Weapon,Conservation,TRUE,TRUE,TRUE,FALSE,TRUE,TRUE
EB3189,634,,mapped,processed_data/boundaries/EB3189.geojson,,,,821,"Nine Mile, Gray Canyon",Elk,Any Legal Weapon,Once-in-a-lifetime,TRUE,TRUE,TRUE,FALSE,TRUE,TRUE
EB3190,172,,mapped,processed_data/boundaries/EB3190.geojson,,,,277,"Nine Mile, Range Creek",Elk,Any Legal Weapon,Limited Entry,TRUE,TRUE,TRUE,FALSE,TRUE,TRUE
EB3191,172,,mapped,processed_data/boundaries/EB3191.geojson,,,,277,"Nine Mile, Range Creek",Elk,Archery,Limited Entry,TRUE,TRUE,TRUE,FALSE,TRUE,TRUE
EB3192,175,,mapped,processed_data/boundaries/EB3192.geojson,,,,138,"North Slope, Summit",Elk,Any Legal Weapon,Once-in-a-lifetime,TRUE,TRUE,TRUE,FALSE,TRUE,TRUE
EB3193,183,,mapped,processed_data/boundaries/EB3193.geojson,,,,138,"North Slope, Summit",Elk,Any Legal Weapon,Limited Entry,TRUE,TRUE,TRUE,FALSE,TRUE,TRUE
EB3194,183,,mapped,processed_data/boundaries/EB3194.geojson,,,,140,"North Slope, Three Corners",Elk,Multiseason,Limited Entry,TRUE,TRUE,TRUE,FALSE,TRUE,TRUE
EB3195,206,,mapped,processed_data/boundaries/EB3195.geojson,,,,289,"North Slope, Three Corners/West Daggett",Elk,Archery,Limited Entry,TRUE,TRUE,TRUE,FALSE,TRUE,TRUE
EB3196,206,,mapped,processed_data/boundaries/EB3196.geojson,,,,289,"North Slope, Three Corners/West Daggett",Elk,Any Legal Weapon,Limited Entry,TRUE,TRUE,TRUE,FALSE,TRUE,TRUE
EB3197,872,,mapped,processed_data/boundaries/EB3197.geojson,,,,289,"North Slope, Three Corners/West Daggett",Elk,Muzzleloader,Limited Entry,TRUE,TRUE,TRUE,FALSE,TRUE,TRUE
EB3198,872,,mapped,processed_data/boundaries/EB3198.geojson,,,,886,Northeastern Area,Elk,Any Legal Weapon,Limited Entry,TRUE,TRUE,TRUE,FALSE,TRUE,TRUE
EB3199,222,,mapped,processed_data/boundaries/EB3199.geojson,,,,886,Northeastern Area,Elk,Any Legal Weapon,Conservation,TRUE,TRUE,TRUE,FALSE,TRUE,TRUE
EB3209,5129,682;683,mapped,processed_data/boundaries/EB3209.geojson,,,,888,Northern Area,Elk,Any Legal Weapon,Limited Entry,TRUE,TRUE,TRUE,FALSE,TRUE,TRUE
GO1000,5131,145;146;147;148;157;616;617;628;200;225;231;233;102;630,mapped,processed_data/boundaries/GO1000.geojson,data/boundaries/kmz/GO1000.kmz,data/boundaries/kml/GO1000.kml,,888,Northern Area,Mountain Goat,Any Legal Weapon,Conservation,TRUE,TRUE,TRUE,FALSE,TRUE,TRUE
GO6800,628,,mapped,processed_data/boundaries/GO6800.geojson,,,,634,Panguitch Lake,Mountain Goat,Archery,Limited Entry,TRUE,TRUE,TRUE,FALSE,TRUE,TRUE
GO6801,628,,mapped,processed_data/boundaries/GO6801.geojson,,,,634,Panguitch Lake,Mountain Goat,Early Any Legal Weapon,Limited Entry,TRUE,TRUE,TRUE,FALSE,TRUE,TRUE
GO6803,616,,mapped,processed_data/boundaries/GO6803.geojson,,,,634,Panguitch Lake,Mountain Goat,Late Any Legal Weapon,Limited Entry,TRUE,TRUE,TRUE,FALSE,TRUE,TRUE
GO6808,148,,mapped,processed_data/boundaries/GO6808.geojson,,,,634,Panguitch Lake,Mountain Goat,Muzzleloader,Limited Entry,TRUE,TRUE,TRUE,FALSE,TRUE,TRUE
GO6817,617,,mapped,processed_data/boundaries/GO6817.geojson,,,,634,Panguitch Lake,Mountain Goat,Multiseason,Limited Entry,TRUE,TRUE,TRUE,FALSE,TRUE,TRUE
GO6820,200,,mapped,processed_data/boundaries/GO6820.geojson,,,,634,Panguitch Lake,Mountain Goat,Late Archery,Limited Entry,TRUE,TRUE,TRUE,FALSE,TRUE,TRUE
GO6821,616,,mapped,processed_data/boundaries/GO6821.geojson,,,,634,Panguitch Lake,Mountain Goat,Mid Any Legal Weapon,Limited Entry,TRUE,TRUE,TRUE,FALSE,TRUE,TRUE
GO6822,628,,mapped,processed_data/boundaries/GO6822.geojson,,,,462,Panguitch Lake/Zion,Mountain Goat,Multiseason,Limited Entry - Multiseason,TRUE,TRUE,FALSE,FALSE,TRUE,TRUE
MB1000,5133,29;117;138;276;289;69;79;609;611;613;452;743,mapped,processed_data/boundaries/MB1000.geojson,data/boundaries/kmz/MB1000.kmz,data/boundaries/kml/MB1000.kml,,718,"Panguitch Lake/Zion, North",Moose,Any Legal Weapon,Limited Entry,TRUE,TRUE,TRUE,FALSE,TRUE,TRUE
MB6000,29,,mapped,processed_data/boundaries/MB6000.geojson,,,,718,"Panguitch Lake/Zion, North",Moose,Archery,Limited Entry,TRUE,TRUE,TRUE,FALSE,TRUE,TRUE
MB6006,138,,mapped,processed_data/boundaries/MB6006.geojson,,,,718,"Panguitch Lake/Zion, North",Moose,Muzzleloader,Limited Entry,TRUE,TRUE,TRUE,FALSE,TRUE,TRUE
MB6011,743,,mapped,processed_data/boundaries/MB6011.geojson,,,,703,Parker Mtn,Moose,Any Legal Weapon,Limited Entry,TRUE,TRUE,TRUE,FALSE,TRUE,TRUE
PB1000,5134,8;15;24;25;27;129;138;244;245;246;277;289;443;625;628;688;715;718;719;171;186;194;208;81;97;636;453;461;755,mapped,processed_data/boundaries/PB1000.geojson,data/boundaries/kmz/PB1000.kmz,data/boundaries/kml/PB1000.kml,,703,Parker Mtn,Pronghorn,Archery,Limited Entry,TRUE,TRUE,TRUE,FALSE,TRUE,TRUE
PB5000,628,,mapped,processed_data/boundaries/PB5000.geojson,,,,703,Parker Mtn,Pronghorn,Muzzleloader,Limited Entry,TRUE,TRUE,TRUE,FALSE,TRUE,TRUE
PB5001,667,,mapped,processed_data/boundaries/PB5001.geojson,,,,163,Paunsaugunt,Pronghorn,Multiseason,Limited Entry - Multiseason,TRUE,TRUE,FALSE,FALSE,TRUE,TRUE
PB5002,15,,mapped,processed_data/boundaries/PB5002.geojson,,,,163,Paunsaugunt Cactus,Pronghorn,Any Legal Weapon,Premium Limited Entry,TRUE,TRUE,TRUE,FALSE,TRUE,TRUE
PB5003,24,,mapped,processed_data/boundaries/PB5003.geojson,,,,163,Paunsaugunt Management,Pronghorn,Any Legal Weapon,Premium Limited Entry,TRUE,TRUE,TRUE,FALSE,TRUE,TRUE
PB5004,25,,mapped,processed_data/boundaries/PB5004.geojson,,,,163,Paunsaugunt Management,Pronghorn,Archery,Premium Limited Entry,TRUE,TRUE,TRUE,FALSE,TRUE,TRUE
PB5005,27,,mapped,processed_data/boundaries/PB5005.geojson,,,,163,Paunsaugunt Management,Pronghorn,Muzzleloader,Premium Limited Entry,TRUE,TRUE,TRUE,FALSE,TRUE,TRUE
PB5006,755,,mapped,processed_data/boundaries/PB5006.geojson,,,,163,Paunsaugunt Premium,Pronghorn,Archery,Premium Limited Entry,TRUE,TRUE,TRUE,FALSE,TRUE,TRUE
PB5008,81,,mapped,processed_data/boundaries/PB5008.geojson,,,,163,Paunsaugunt Premium,Pronghorn,Any Legal Weapon,Premium Limited Entry,TRUE,TRUE,TRUE,FALSE,TRUE,TRUE
PB5009,688,,mapped,processed_data/boundaries/PB5009.geojson,,,,163,Paunsaugunt Premium,Pronghorn,Muzzleloader,Premium Limited Entry,TRUE,TRUE,TRUE,FALSE,TRUE,TRUE
PB5011,129,,mapped,processed_data/boundaries/PB5011.geojson,,,,163,Paunsaugunt Premium,Pronghorn,Multiseason,Premium Limited Entry,TRUE,TRUE,TRUE,FALSE,TRUE,TRUE
PB5012,289,,mapped,processed_data/boundaries/PB5012.geojson,,,,636,Pine Valley,Pronghorn,Archery,Limited Entry,TRUE,TRUE,TRUE,FALSE,TRUE,TRUE
PB5013,636,,mapped,processed_data/boundaries/PB5013.geojson,,,,636,Pine Valley,Pronghorn,Any Legal Weapon,Limited Entry,TRUE,TRUE,TRUE,FALSE,TRUE,TRUE
PB5015,194,,mapped,processed_data/boundaries/PB5015.geojson,,,,636,Pine Valley,Pronghorn,Muzzleloader,Limited Entry,TRUE,TRUE,TRUE,FALSE,TRUE,TRUE
PB5017,208,,mapped,processed_data/boundaries/PB5017.geojson,,,,305,"Pine Valley, Beaver Dam",Pronghorn,Any Legal Weapon,Conservation,TRUE,TRUE,TRUE,FALSE,TRUE,TRUE
PB5018,625,,mapped,processed_data/boundaries/PB5018.geojson,,,,305,"Pine Valley, Beaver Dam",Pronghorn,Any Legal Weapon,Once-in-a-lifetime,TRUE,TRUE,TRUE,FALSE,TRUE,TRUE
PB5019,244,,mapped,processed_data/boundaries/PB5019.geojson,,,,8;15;24;25;27;129;138;244;245;246;277;289;443;625;628;688;715;718;719;171;186;194;208;81;97;636;453;461;755,Pronghorn - Statewide Permit,Pronghorn,Any Legal Weapon,Statewide,TRUE,TRUE,TRUE,TRUE,TRUE,TRUE
PB5020,245,,mapped,processed_data/boundaries/PB5020.geojson,,,,15;20;616;620;668;75;820;821;823;854,Rocky Mountain Bighorn Sheep - Statewide Permit,Pronghorn,Any Legal Weapon,Statewide,TRUE,TRUE,TRUE,TRUE,TRUE,TRUE
PB5021,246,,mapped,processed_data/boundaries/PB5021.geojson,,,,710,San Juan,Pronghorn,Multiseason,Limited Entry - Multiseason,TRUE,TRUE,FALSE,FALSE,TRUE,TRUE
PB5024,625,,mapped,processed_data/boundaries/PB5024.geojson,,,,183,San Juan Bull Elk,Pronghorn,Archery,Limited Entry,TRUE,TRUE,TRUE,FALSE,TRUE,TRUE
PB5025,628,,mapped,processed_data/boundaries/PB5025.geojson,,,,183,San Juan Bull Elk,Pronghorn,Early Any Legal Weapon,Limited Entry,TRUE,TRUE,TRUE,FALSE,TRUE,TRUE
PB5026,667,,mapped,processed_data/boundaries/PB5026.geojson,,,,183,San Juan Bull Elk,Pronghorn,Late Any Legal Weapon,Limited Entry,TRUE,TRUE,TRUE,FALSE,TRUE,TRUE
PB5027,15,,mapped,processed_data/boundaries/PB5027.geojson,,,,183,San Juan Bull Elk,Pronghorn,Muzzleloader,Limited Entry,TRUE,TRUE,TRUE,FALSE,TRUE,TRUE
PB5028,24,,mapped,processed_data/boundaries/PB5028.geojson,,,,183,San Juan Bull Elk,Pronghorn,Multiseason,Limited Entry,TRUE,TRUE,TRUE,FALSE,TRUE,TRUE
PB5029,25,,mapped,processed_data/boundaries/PB5029.geojson,,,,183,San Juan Bull Elk,Pronghorn,Late Archery,Limited Entry,TRUE,TRUE,TRUE,FALSE,TRUE,TRUE
PB5030,27,,mapped,processed_data/boundaries/PB5030.geojson,,,,183,San Juan Bull Elk,Pronghorn,Mid Any Legal Weapon,Limited Entry,TRUE,TRUE,TRUE,FALSE,TRUE,TRUE
PB5031,755,,mapped,processed_data/boundaries/PB5031.geojson,,,,185,"San Juan, Elk Ridge",Pronghorn,Archery,Limited Entry,TRUE,TRUE,TRUE,FALSE,TRUE,TRUE
PB5033,81,,mapped,processed_data/boundaries/PB5033.geojson,,,,185,"San Juan, Elk Ridge",Pronghorn,Any Legal Weapon,Limited Entry,TRUE,TRUE,TRUE,FALSE,TRUE,TRUE
PB5035,688,,mapped,processed_data/boundaries/PB5035.geojson,,,,185,"San Juan, Elk Ridge",Pronghorn,Muzzleloader,Limited Entry,TRUE,TRUE,TRUE,FALSE,TRUE,TRUE
PB5037,129,,mapped,processed_data/boundaries/PB5037.geojson,,,,185,"San Juan, Elk Ridge",Pronghorn,Multiseason,Limited Entry,TRUE,TRUE,TRUE,FALSE,TRUE,TRUE
PB5038,277,,mapped,processed_data/boundaries/PB5038.geojson,,,,193,"San Rafael, Dirty Devil",Pronghorn,Any Legal Weapon,Conservation,TRUE,TRUE,TRUE,FALSE,TRUE,TRUE
PB5039,138,,mapped,processed_data/boundaries/PB5039.geojson,,,,193,"San Rafael, Dirty Devil",Pronghorn,Any Legal Weapon,Once-in-a-lifetime,TRUE,TRUE,TRUE,FALSE,TRUE,TRUE
PB5040,289,,mapped,processed_data/boundaries/PB5040.geojson,,,,193,"San Rafael, Dirty Devil",Pronghorn,Archery,Once-in-a-lifetime,TRUE,TRUE,TRUE,FALSE,TRUE,TRUE
PB5041,718,,mapped,processed_data/boundaries/PB5041.geojson,,,,194,"San Rafael, North",Pronghorn,Archery,Limited Entry,TRUE,TRUE,TRUE,FALSE,TRUE,TRUE
PB5042,636,,mapped,processed_data/boundaries/PB5042.geojson,,,,194,"San Rafael, North",Pronghorn,Any Legal Weapon,Limited Entry,TRUE,TRUE,TRUE,FALSE,TRUE,TRUE
PB5046,194,,mapped,processed_data/boundaries/PB5046.geojson,,,,194,"San Rafael, North",Pronghorn,Muzzleloader,Limited Entry,TRUE,TRUE,TRUE,FALSE,TRUE,TRUE
PB5048,208,,mapped,processed_data/boundaries/PB5048.geojson,,,,195,"San Rafael, South",Pronghorn,Any Legal Weapon,Conservation,TRUE,TRUE,TRUE,FALSE,TRUE,TRUE
PB5049,625,,mapped,processed_data/boundaries/PB5049.geojson,,,,195,"San Rafael, South",Pronghorn,Any Legal Weapon,Once-in-a-lifetime,TRUE,TRUE,TRUE,FALSE,TRUE,TRUE
PB5050,244,,mapped,processed_data/boundaries/PB5050.geojson,,,,884,Southeastern Area,Pronghorn,Any Legal Weapon,Limited Entry,TRUE,TRUE,TRUE,FALSE,TRUE,TRUE
PB5051,245,,mapped,processed_data/boundaries/PB5051.geojson,,,,884,Southeastern Area,Pronghorn,Any Legal Weapon,Conservation,TRUE,TRUE,TRUE,FALSE,TRUE,TRUE
PB5052,246,,mapped,processed_data/boundaries/PB5052.geojson,,,,885,Southern Area,Pronghorn,Any Legal Weapon,Limited Entry,TRUE,TRUE,TRUE,FALSE,TRUE,TRUE
PB5053,277,,mapped,processed_data/boundaries/PB5053.geojson,,,,625,Southwest Desert,Pronghorn,Archery,Limited Entry,TRUE,TRUE,TRUE,FALSE,TRUE,TRUE
PB5054,718,,mapped,processed_data/boundaries/PB5054.geojson,,,,625,Southwest Desert,Pronghorn,Muzzleloader,Limited Entry,TRUE,TRUE,TRUE,FALSE,TRUE,TRUE
PB5056,194,,mapped,processed_data/boundaries/PB5056.geojson,,,,625,Southwest Desert,Pronghorn,Any Legal Weapon,Limited Entry,TRUE,TRUE,TRUE,FALSE,TRUE,TRUE
PB5059,129,,mapped,processed_data/boundaries/PB5059.geojson,,,,872,"Southwest Desert, South",Pronghorn,Archery,Limited Entry,TRUE,TRUE,TRUE,FALSE,TRUE,TRUE
PB5061,718,,mapped,processed_data/boundaries/PB5061.geojson,,,,872,"Southwest Desert, South",Pronghorn,Early Any Legal Weapon,Limited Entry,TRUE,TRUE,TRUE,FALSE,TRUE,TRUE
PB5062,636,,mapped,processed_data/boundaries/PB5062.geojson,,,,872,"Southwest Desert, South",Pronghorn,Late Any Legal Weapon,Limited Entry,TRUE,TRUE,TRUE,FALSE,TRUE,TRUE
PB5065,81,,mapped,processed_data/boundaries/PB5065.geojson,,,,872,"Southwest Desert, South",Pronghorn,Muzzleloader,Limited Entry,TRUE,TRUE,TRUE,FALSE,TRUE,TRUE
PB5066,289,,mapped,processed_data/boundaries/PB5066.geojson,,,,872,"Southwest Desert, South",Pronghorn,Multiseason,Limited Entry,TRUE,TRUE,TRUE,FALSE,TRUE,TRUE
PB5072,208,,mapped,processed_data/boundaries/PB5072.geojson,,,,872,"Southwest Desert, South",Pronghorn,Late Archery,Limited Entry,TRUE,TRUE,TRUE,FALSE,TRUE,TRUE
PB5076,703,,mapped,processed_data/boundaries/PB5076.geojson,,,,872,"Southwest Desert, South",Pronghorn,Mid Any Legal Weapon,Limited Entry,TRUE,TRUE,TRUE,FALSE,TRUE,TRUE
PB5077,703,,mapped,processed_data/boundaries/PB5077.geojson,,,,454,Turkey - Statewide Permit,Pronghorn,Any Legal Weapon,Statewide,TRUE,TRUE,TRUE,FALSE,TRUE,TRUE
PB5078,703,,mapped,processed_data/boundaries/PB5078.geojson,,,,208,Vernal,Pronghorn,Archery,Limited Entry,TRUE,TRUE,TRUE,FALSE,TRUE,TRUE
PB5079,755,,mapped,processed_data/boundaries/PB5079.geojson,,,,208,Vernal,Pronghorn,Any Legal Weapon,Limited Entry,TRUE,TRUE,TRUE,FALSE,TRUE,TRUE
PB5080,27,,mapped,processed_data/boundaries/PB5080.geojson,,,,208,Vernal,Pronghorn,Muzzleloader,Limited Entry,TRUE,TRUE,TRUE,FALSE,TRUE,TRUE
PB5331,453,,mapped,processed_data/boundaries/PB5331.geojson,,,,222,Wasatch Mtns,Pronghorn,Archery,Limited Entry,TRUE,TRUE,TRUE,FALSE,TRUE,TRUE
PB5332,453,,mapped,processed_data/boundaries/PB5332.geojson,,,,222,Wasatch Mtns,Pronghorn,Early Any Legal Weapon,Limited Entry,TRUE,TRUE,TRUE,FALSE,TRUE,TRUE
RS0001,5135,15;20;616;620;668;75;820;821;823;854,mapped,processed_data/boundaries/RS0001.geojson,data/boundaries/kmz/RS0001.kmz,data/boundaries/kml/RS0001.kml,,222,Wasatch Mtns,Rocky Mtn. Sheep,Late Any Legal Weapon,Limited Entry,TRUE,TRUE,TRUE,FALSE,TRUE,TRUE
RS1001,15,,mapped,processed_data/boundaries/RS1001.geojson,,,,222,Wasatch Mtns,Rocky Mtn. Sheep,Muzzleloader,Limited Entry,TRUE,TRUE,TRUE,FALSE,TRUE,TRUE
RS1003,20,,mapped,processed_data/boundaries/RS1003.geojson,,,,222,Wasatch Mtns,Rocky Mtn. Sheep,Multiseason,Limited Entry,TRUE,TRUE,TRUE,FALSE,TRUE,TRUE
RS1006,821,,mapped,processed_data/boundaries/RS1006.geojson,,,,222,Wasatch Mtns,Rocky Mtn. Sheep,Mid Any Legal Weapon,Limited Entry,TRUE,TRUE,TRUE,FALSE,TRUE,TRUE
RS6701,15,,mapped,processed_data/boundaries/RS6701.geojson,,,,222,Wasatch Mtns,Rocky Mtn. Sheep,Late Archery,Limited Entry,TRUE,TRUE,TRUE,FALSE,TRUE,TRUE
RS6703,20,,mapped,processed_data/boundaries/RS6703.geojson,,,,222;224;225;227;234;238;240;480;817;845;920;921,Wasatch Mtns (Conservation),Rocky Mtn. Sheep,Any Legal Weapon,Conservation,TRUE,TRUE,TRUE,FALSE,TRUE,TRUE
RS6704,20,,mapped,processed_data/boundaries/RS6704.geojson,,,,463,Wasatch Mtns Avintaquin/Currant Creek,Rocky Mtn. Sheep,Multiseason,Limited Entry - Multiseason,TRUE,TRUE,FALSE,FALSE,TRUE,TRUE
RS6712,821,,mapped,processed_data/boundaries/RS6712.geojson,,,,448,Wasatch Mtns West-Central,Rocky Mtn. Sheep,Multiseason,Limited Entry - Multiseason,TRUE,TRUE,FALSE,FALSE,TRUE,TRUE
RS6720,668,,mapped,processed_data/boundaries/RS6720.geojson,,,,200,"Wasatch Mtns, Timpanogos",Rocky Mtn. Sheep,Any Legal Weapon,Once-in-a-lifetime,TRUE,TRUE,TRUE,FALSE,TRUE,TRUE
RS6722,20,,mapped,processed_data/boundaries/RS6722.geojson,,,,743,Wasatch Mtns/Central Mtns,Rocky Mtn. Sheep,Any Legal Weapon,Once-in-a-lifetime,TRUE,TRUE,TRUE,FALSE,TRUE,TRUE
RS6726,668,,mapped,processed_data/boundaries/RS6726.geojson,,,,244,"West Desert, Riverbed",Rocky Mtn. Sheep,Archery,Limited Entry,TRUE,TRUE,TRUE,FALSE,TRUE,TRUE
RS6727,668,,mapped,processed_data/boundaries/RS6727.geojson,,,,244,"West Desert, Riverbed",Rocky Mtn. Sheep,Any Legal Weapon,Limited Entry,TRUE,TRUE,TRUE,FALSE,TRUE,TRUE
TK0001,454,,mapped,processed_data/boundaries/TK0001.geojson,,,,245,"West Desert, Rush Valley",Turkey,Archery,Limited Entry,TRUE,TRUE,TRUE,FALSE,TRUE,TRUE
TK1003,887,,mapped,processed_data/boundaries/TK1003.geojson,,,,245,"West Desert, Rush Valley",Turkey,Any Legal Weapon,Limited Entry,TRUE,TRUE,TRUE,FALSE,TRUE,TRUE
TK1004,886,,mapped,processed_data/boundaries/TK1004.geojson,,,,246,"West Desert, Snake Valley",Turkey,Archery,Limited Entry,TRUE,TRUE,TRUE,FALSE,TRUE,TRUE
TK1005,888,,mapped,processed_data/boundaries/TK1005.geojson,,,,246,"West Desert, Snake Valley",Turkey,Any Legal Weapon,Limited Entry,TRUE,TRUE,TRUE,FALSE,TRUE,TRUE
TK1006,884,,mapped,processed_data/boundaries/TK1006.geojson,,,,248,"West Desert, Vernon",Turkey,Archery,Limited Entry,TRUE,TRUE,TRUE,FALSE,TRUE,TRUE
TK1007,885,,mapped,processed_data/boundaries/TK1007.geojson,,,,248,"West Desert, Vernon",Turkey,Any Legal Weapon,Limited Entry,TRUE,TRUE,TRUE,FALSE,TRUE,TRUE
TK1012,887,,mapped,processed_data/boundaries/TK1012.geojson,,,,248,"West Desert, Vernon",Turkey,Muzzleloader,Limited Entry,TRUE,TRUE,TRUE,FALSE,TRUE,TRUE
TK1013,886,,mapped,processed_data/boundaries/TK1013.geojson,,,,248,"West Desert, Vernon",Turkey,Multiseason,Limited Entry,TRUE,TRUE,TRUE,FALSE,TRUE,TRUE
TK1014,888,,mapped,processed_data/boundaries/TK1014.geojson,,,,613,Yellowstone,Turkey,Multiseason,Limited Entry - Multiseason,TRUE,TRUE,FALSE,FALSE,TRUE,TRUE
TK1015,884,,mapped,processed_data/boundaries/TK1015.geojson,,,,,,Turkey,,,,,,,,
