source_file,pdf_page_index,has_hunt,point_rows_extracted
21_bg-odds.pdf,1,FALSE,0
21_bg-odds.pdf,2,FALSE,0
21_bg-odds.pdf,3,TRUE,58
21_bg-odds.pdf,4,TRUE,58
21_bg-odds.pdf,5,TRUE,58
21_bg-odds.pdf,6,TRUE,58
21_bg-odds.pdf,7,TRUE,58
21_bg-odds.pdf,8,TRUE,58
21_bg-odds.pdf,9,TRUE,58
21_bg-odds.pdf,10,TRUE,58
21_bg-odds.pdf,11,TRUE,58
21_bg-odds.pdf,12,TRUE,58
21_bg-odds.pdf,13,TRUE,58
21_bg-odds.pdf,14,TRUE,58
21_bg-odds.pdf,15,TRUE,58
21_bg-odds.pdf,16,TRUE,58
21_bg-odds.pdf,17,TRUE,58
21_bg-odds.pdf,18,TRUE,58
21_bg-odds.pdf,19,TRUE,58
21_bg-odds.pdf,20,TRUE,58
21_bg-odds.pdf,21,TRUE,58
21_bg-odds.pdf,22,TRUE,58
21_bg-odds.pdf,23,TRUE,58
21_bg-odds.pdf,24,TRUE,58
21_bg-odds.pdf,25,TRUE,58
21_bg-odds.pdf,26,TRUE,58
21_bg-odds.pdf,27,TRUE,58
21_bg-odds.pdf,28,TRUE,58
21_bg-odds.pdf,29,TRUE,58
21_bg-odds.pdf,30,TRUE,58
21_bg-odds.pdf,31,TRUE,58
21_bg-odds.pdf,32,TRUE,58
21_bg-odds.pdf,33,TRUE,58
21_bg-odds.pdf,34,TRUE,58
21_bg-odds.pdf,35,TRUE,58
21_bg-odds.pdf,36,TRUE,58
21_bg-odds.pdf,37,TRUE,58
21_bg-odds.pdf,38,TRUE,58
21_bg-odds.pdf,39,TRUE,58
21_bg-odds.pdf,40,TRUE,58
21_bg-odds.pdf,41,TRUE,58
21_bg-odds.pdf,42,TRUE,58
21_bg-odds.pdf,43,TRUE,58
21_bg-odds.pdf,44,TRUE,58
21_bg-odds.pdf,45,TRUE,58
21_bg-odds.pdf,46,TRUE,58
21_bg-odds.pdf,47,TRUE,58
21_bg-odds.pdf,48,TRUE,58
21_bg-odds.pdf,49,TRUE,58
21_bg-odds.pdf,50,TRUE,58
21_bg-odds.pdf,51,TRUE,58
21_bg-odds.pdf,52,TRUE,58
21_bg-odds.pdf,53,TRUE,58
21_bg-odds.pdf,54,TRUE,58
21_bg-odds.pdf,55,TRUE,58
21_bg-odds.pdf,56,TRUE,58
21_bg-odds.pdf,57,TRUE,58
21_bg-odds.pdf,58,TRUE,58
21_bg-odds.pdf,59,TRUE,58
21_bg-odds.pdf,60,TRUE,58
21_bg-odds.pdf,61,TRUE,58
21_bg-odds.pdf,62,TRUE,58
21_bg-odds.pdf,63,TRUE,58
21_bg-odds.pdf,64,TRUE,58
21_bg-odds.pdf,65,TRUE,58
21_bg-odds.pdf,66,TRUE,58
21_bg-odds.pdf,67,TRUE,58
21_bg-odds.pdf,68,TRUE,58
21_bg-odds.pdf,69,TRUE,58
21_bg-odds.pdf,70,TRUE,58
21_bg-odds.pdf,71,TRUE,58
21_bg-odds.pdf,72,TRUE,58
21_bg-odds.pdf,73,TRUE,58
21_bg-odds.pdf,74,TRUE,58
21_bg-odds.pdf,75,TRUE,58
21_bg-odds.pdf,76,TRUE,58
21_bg-odds.pdf,77,TRUE,58
21_bg-odds.pdf,78,TRUE,58
21_bg-odds.pdf,79,TRUE,58
21_bg-odds.pdf,80,TRUE,58
21_bg-odds.pdf,81,TRUE,58
21_bg-odds.pdf,82,TRUE,58
21_bg-odds.pdf,83,TRUE,58
21_bg-odds.pdf,84,TRUE,58
21_bg-odds.pdf,85,TRUE,58
21_bg-odds.pdf,86,TRUE,58
21_bg-odds.pdf,87,TRUE,58
21_bg-odds.pdf,88,TRUE,58
21_bg-odds.pdf,89,TRUE,58
21_bg-odds.pdf,90,TRUE,58
21_bg-odds.pdf,91,TRUE,58
21_bg-odds.pdf,92,TRUE,58
21_bg-odds.pdf,93,TRUE,58
21_bg-odds.pdf,94,TRUE,58
21_bg-odds.pdf,95,TRUE,58
21_bg-odds.pdf,96,TRUE,58
21_bg-odds.pdf,97,TRUE,58
21_bg-odds.pdf,98,TRUE,58
21_bg-odds.pdf,99,TRUE,58
21_bg-odds.pdf,100,TRUE,58
21_bg-odds.pdf,101,TRUE,58
21_bg-odds.pdf,102,TRUE,58
21_bg-odds.pdf,103,TRUE,58
21_bg-odds.pdf,104,TRUE,58
21_bg-odds.pdf,105,TRUE,58
21_bg-odds.pdf,106,TRUE,58
21_bg-odds.pdf,107,TRUE,58
21_bg-odds.pdf,108,TRUE,58
21_bg-odds.pdf,109,TRUE,58
21_bg-odds.pdf,110,TRUE,58
21_bg-odds.pdf,111,TRUE,58
21_bg-odds.pdf,112,TRUE,58
21_bg-odds.pdf,113,TRUE,58
21_bg-odds.pdf,114,TRUE,58
21_bg-odds.pdf,115,TRUE,58
21_bg-odds.pdf,116,TRUE,58
21_bg-odds.pdf,117,TRUE,58
21_bg-odds.pdf,118,TRUE,58
21_bg-odds.pdf,119,TRUE,58
21_bg-odds.pdf,120,TRUE,58
21_bg-odds.pdf,121,TRUE,58
21_bg-odds.pdf,122,TRUE,58
21_bg-odds.pdf,123,TRUE,58
21_bg-odds.pdf,124,TRUE,58
21_bg-odds.pdf,125,TRUE,58
21_bg-odds.pdf,126,TRUE,58
21_bg-odds.pdf,127,TRUE,58
21_bg-odds.pdf,128,TRUE,58
21_bg-odds.pdf,129,TRUE,58
21_bg-odds.pdf,130,TRUE,58
21_bg-odds.pdf,131,TRUE,58
21_bg-odds.pdf,132,TRUE,58
21_bg-odds.pdf,133,TRUE,58
21_bg-odds.pdf,134,TRUE,58
21_bg-odds.pdf,135,TRUE,58
21_bg-odds.pdf,136,TRUE,58
21_bg-odds.pdf,137,TRUE,58
21_bg-odds.pdf,138,TRUE,58
21_bg-odds.pdf,139,TRUE,58
21_bg-odds.pdf,140,TRUE,58
21_bg-odds.pdf,141,TRUE,58
21_bg-odds.pdf,142,TRUE,58
21_bg-odds.pdf,143,TRUE,58
21_bg-odds.pdf,144,TRUE,58
21_bg-odds.pdf,145,TRUE,58
21_bg-odds.pdf,146,TRUE,58
21_bg-odds.pdf,147,TRUE,58
21_bg-odds.pdf,148,TRUE,58
21_bg-odds.pdf,149,TRUE,58
21_bg-odds.pdf,150,TRUE,58
21_bg-odds.pdf,151,TRUE,58
21_bg-odds.pdf,152,TRUE,58
21_bg-odds.pdf,153,TRUE,58
21_bg-odds.pdf,154,TRUE,58
21_bg-odds.pdf,155,TRUE,58
21_bg-odds.pdf,156,TRUE,58
21_bg-odds.pdf,157,TRUE,58
21_bg-odds.pdf,158,TRUE,58
21_bg-odds.pdf,159,TRUE,58
21_bg-odds.pdf,160,TRUE,58
21_bg-odds.pdf,161,TRUE,58
21_bg-odds.pdf,162,TRUE,58
21_bg-odds.pdf,163,TRUE,58
21_bg-odds.pdf,164,TRUE,58
21_bg-odds.pdf,165,TRUE,58
21_bg-odds.pdf,166,TRUE,58
21_bg-odds.pdf,167,TRUE,58
21_bg-odds.pdf,168,TRUE,58
21_bg-odds.pdf,169,TRUE,58
21_bg-odds.pdf,170,TRUE,58
21_bg-odds.pdf,171,TRUE,58
21_bg-odds.pdf,172,TRUE,58
21_bg-odds.pdf,173,TRUE,58
21_bg-odds.pdf,174,TRUE,58
21_bg-odds.pdf,175,TRUE,58
21_bg-odds.pdf,176,TRUE,58
21_bg-odds.pdf,177,TRUE,58
21_bg-odds.pdf,178,TRUE,58
21_bg-odds.pdf,179,TRUE,58
21_bg-odds.pdf,180,TRUE,58
21_bg-odds.pdf,181,TRUE,58
21_bg-odds.pdf,182,TRUE,58
21_bg-odds.pdf,183,FALSE,0
21_bg-odds.pdf,184,FALSE,0
21_bg-odds.pdf,185,TRUE,58
21_bg-odds.pdf,186,TRUE,58
21_bg-odds.pdf,187,TRUE,58
21_bg-odds.pdf,188,TRUE,58
21_bg-odds.pdf,189,TRUE,58
21_bg-odds.pdf,190,TRUE,58
21_bg-odds.pdf,191,TRUE,58
21_bg-odds.pdf,192,TRUE,58
21_bg-odds.pdf,193,TRUE,58
21_bg-odds.pdf,194,TRUE,58
21_bg-odds.pdf,195,TRUE,58
21_bg-odds.pdf,196,TRUE,58
21_bg-odds.pdf,197,TRUE,58
21_bg-odds.pdf,198,TRUE,58
21_bg-odds.pdf,199,TRUE,58
21_bg-odds.pdf,200,TRUE,58
21_bg-odds.pdf,201,TRUE,58
21_bg-odds.pdf,202,TRUE,58
21_bg-odds.pdf,203,TRUE,58
21_bg-odds.pdf,204,TRUE,58
21_bg-odds.pdf,205,TRUE,58
21_bg-odds.pdf,206,TRUE,58
21_bg-odds.pdf,207,TRUE,58
21_bg-odds.pdf,208,TRUE,58
21_bg-odds.pdf,209,TRUE,58
21_bg-odds.pdf,210,TRUE,58
21_bg-odds.pdf,211,TRUE,58
21_bg-odds.pdf,212,TRUE,58
21_bg-odds.pdf,213,TRUE,58
21_bg-odds.pdf,214,TRUE,58
21_bg-odds.pdf,215,TRUE,58
21_bg-odds.pdf,216,TRUE,58
21_bg-odds.pdf,217,TRUE,58
21_bg-odds.pdf,218,TRUE,58
21_bg-odds.pdf,219,TRUE,58
21_bg-odds.pdf,220,TRUE,58
21_bg-odds.pdf,221,TRUE,58
21_bg-odds.pdf,222,TRUE,58
21_bg-odds.pdf,223,TRUE,58
21_bg-odds.pdf,224,TRUE,58
21_bg-odds.pdf,225,TRUE,58
21_bg-odds.pdf,226,TRUE,58
21_bg-odds.pdf,227,TRUE,58
21_bg-odds.pdf,228,TRUE,58
21_bg-odds.pdf,229,TRUE,58
21_bg-odds.pdf,230,TRUE,58
21_bg-odds.pdf,231,TRUE,58
21_bg-odds.pdf,232,TRUE,58
21_bg-odds.pdf,233,TRUE,58
21_bg-odds.pdf,234,TRUE,58
21_bg-odds.pdf,235,TRUE,58
21_bg-odds.pdf,236,TRUE,58
21_bg-odds.pdf,237,TRUE,58
21_bg-odds.pdf,238,TRUE,58
21_bg-odds.pdf,239,TRUE,58
21_bg-odds.pdf,240,TRUE,58
21_bg-odds.pdf,241,TRUE,58
21_bg-odds.pdf,242,TRUE,58
21_bg-odds.pdf,243,TRUE,58
21_bg-odds.pdf,244,TRUE,58
21_bg-odds.pdf,245,TRUE,58
21_bg-odds.pdf,246,TRUE,58
21_bg-odds.pdf,247,TRUE,58
21_bg-odds.pdf,248,TRUE,58
21_bg-odds.pdf,249,TRUE,58
21_bg-odds.pdf,250,TRUE,58
21_bg-odds.pdf,251,TRUE,58
21_bg-odds.pdf,252,TRUE,58
21_bg-odds.pdf,253,TRUE,58
21_bg-odds.pdf,254,TRUE,58
21_bg-odds.pdf,255,TRUE,58
21_bg-odds.pdf,256,TRUE,58
21_bg-odds.pdf,257,TRUE,58
21_bg-odds.pdf,258,TRUE,58
21_bg-odds.pdf,259,TRUE,58
21_bg-odds.pdf,260,TRUE,58
21_bg-odds.pdf,261,TRUE,58
21_bg-odds.pdf,262,TRUE,58
21_bg-odds.pdf,263,TRUE,58
21_bg-odds.pdf,264,TRUE,58
21_bg-odds.pdf,265,TRUE,58
21_bg-odds.pdf,266,TRUE,58
21_bg-odds.pdf,267,TRUE,58
21_bg-odds.pdf,268,TRUE,58
21_bg-odds.pdf,269,TRUE,58
21_bg-odds.pdf,270,TRUE,58
21_bg-odds.pdf,271,TRUE,58
21_bg-odds.pdf,272,TRUE,58
21_bg-odds.pdf,273,TRUE,58
21_bg-odds.pdf,274,TRUE,58
21_bg-odds.pdf,275,TRUE,58
21_bg-odds.pdf,276,TRUE,58
21_bg-odds.pdf,277,TRUE,58
21_bg-odds.pdf,278,TRUE,58
21_bg-odds.pdf,279,TRUE,58
21_bg-odds.pdf,280,TRUE,58
21_bg-odds.pdf,281,TRUE,58
21_bg-odds.pdf,282,TRUE,58
21_bg-odds.pdf,283,TRUE,58
21_bg-odds.pdf,284,TRUE,58
21_bg-odds.pdf,285,TRUE,58
21_bg-odds.pdf,286,TRUE,58
21_bg-odds.pdf,287,TRUE,58
21_bg-odds.pdf,288,TRUE,58
21_bg-odds.pdf,289,TRUE,58
21_bg-odds.pdf,290,TRUE,58
21_bg-odds.pdf,291,TRUE,58
21_bg-odds.pdf,292,TRUE,58
21_bg-odds.pdf,293,TRUE,58
21_bg-odds.pdf,294,TRUE,58
21_bg-odds.pdf,295,TRUE,58
21_bg-odds.pdf,296,TRUE,58
21_bg-odds.pdf,297,TRUE,58
21_bg-odds.pdf,298,TRUE,58
21_bg-odds.pdf,299,TRUE,58
21_bg-odds.pdf,300,TRUE,58
21_bg-odds.pdf,301,TRUE,58
21_bg-odds.pdf,302,TRUE,58
21_bg-odds.pdf,303,TRUE,58
21_bg-odds.pdf,304,TRUE,58
21_bg-odds.pdf,305,TRUE,58
21_bg-odds.pdf,306,TRUE,58
21_bg-odds.pdf,307,TRUE,58
21_bg-odds.pdf,308,TRUE,58
21_bg-odds.pdf,309,TRUE,58
21_bg-odds.pdf,310,TRUE,58
21_bg-odds.pdf,311,TRUE,58
21_bg-odds.pdf,312,TRUE,58
21_bg-odds.pdf,313,TRUE,58
21_bg-odds.pdf,314,TRUE,58
21_bg-odds.pdf,315,TRUE,58
21_bg-odds.pdf,316,TRUE,58
21_bg-odds.pdf,317,TRUE,58
21_bg-odds.pdf,318,TRUE,58
21_bg-odds.pdf,319,TRUE,58
21_bg-odds.pdf,320,TRUE,58
21_bg-odds.pdf,321,TRUE,58
21_bg-odds.pdf,322,TRUE,58
21_bg-odds.pdf,323,TRUE,58
21_bg-odds.pdf,324,TRUE,58
21_bg-odds.pdf,325,TRUE,58
21_bg-odds.pdf,326,TRUE,58
21_bg-odds.pdf,327,TRUE,58
21_bg-odds.pdf,328,TRUE,58
21_bg-odds.pdf,329,TRUE,58
21_bg-odds.pdf,330,TRUE,58
21_bg-odds.pdf,331,TRUE,58
21_bg-odds.pdf,332,TRUE,58
21_bg-odds.pdf,333,TRUE,58
21_bg-odds.pdf,334,TRUE,58
21_bg-odds.pdf,335,TRUE,58
21_bg-odds.pdf,336,TRUE,58
21_bg-odds.pdf,337,TRUE,58
21_bg-odds.pdf,338,TRUE,58
21_bg-odds.pdf,339,TRUE,58
21_bg-odds.pdf,340,TRUE,58
21_bg-odds.pdf,341,TRUE,58
21_bg-odds.pdf,342,TRUE,58
21_bg-odds.pdf,343,TRUE,58
21_bg-odds.pdf,344,TRUE,58
21_bg-odds.pdf,345,TRUE,58
21_bg-odds.pdf,346,TRUE,58
21_bg-odds.pdf,347,TRUE,58
21_bg-odds.pdf,348,TRUE,58
21_bg-odds.pdf,349,TRUE,58
21_bg-odds.pdf,350,TRUE,58
21_bg-odds.pdf,351,TRUE,58
21_bg-odds.pdf,352,TRUE,58
21_bg-odds.pdf,353,TRUE,58
21_bg-odds.pdf,354,TRUE,58
21_bg-odds.pdf,355,TRUE,58
21_bg-odds.pdf,356,TRUE,58
21_bg-odds.pdf,357,TRUE,58
21_bg-odds.pdf,358,TRUE,58
21_bg-odds.pdf,359,TRUE,58
21_bg-odds.pdf,360,TRUE,58
21_bg-odds.pdf,361,TRUE,58
21_bg-odds.pdf,362,TRUE,58
21_bg-odds.pdf,363,TRUE,58
21_bg-odds.pdf,364,TRUE,58
21_bg-odds.pdf,365,TRUE,58
21_bg-odds.pdf,366,TRUE,58
21_bg-odds.pdf,367,TRUE,58
21_bg-odds.pdf,368,TRUE,58
21_bg-odds.pdf,369,TRUE,58
21_bg-odds.pdf,370,FALSE,0
21_bg-odds.pdf,371,FALSE,0
21_bg-odds.pdf,372,TRUE,58
21_bg-odds.pdf,373,TRUE,58
21_bg-odds.pdf,374,TRUE,58
21_bg-odds.pdf,375,TRUE,58
21_bg-odds.pdf,376,TRUE,58
21_bg-odds.pdf,377,TRUE,58
21_bg-odds.pdf,378,TRUE,58
21_bg-odds.pdf,379,TRUE,58
21_bg-odds.pdf,380,TRUE,58
21_bg-odds.pdf,381,TRUE,58
21_bg-odds.pdf,382,TRUE,58
21_bg-odds.pdf,383,TRUE,58
21_bg-odds.pdf,384,TRUE,58
21_bg-odds.pdf,385,TRUE,58
21_bg-odds.pdf,386,TRUE,58
21_bg-odds.pdf,387,TRUE,58
21_bg-odds.pdf,388,TRUE,58
21_bg-odds.pdf,389,TRUE,58
21_bg-odds.pdf,390,TRUE,58
21_bg-odds.pdf,391,TRUE,58
21_bg-odds.pdf,392,TRUE,58
21_bg-odds.pdf,393,TRUE,58
21_bg-odds.pdf,394,TRUE,58
21_bg-odds.pdf,395,TRUE,58
21_bg-odds.pdf,396,TRUE,58
21_bg-odds.pdf,397,TRUE,58
21_bg-odds.pdf,398,TRUE,58
21_bg-odds.pdf,399,TRUE,58
21_bg-odds.pdf,400,TRUE,58
21_bg-odds.pdf,401,TRUE,58
21_bg-odds.pdf,402,TRUE,58
21_bg-odds.pdf,403,TRUE,58
21_bg-odds.pdf,404,TRUE,58
21_bg-odds.pdf,405,TRUE,58
21_bg-odds.pdf,406,TRUE,58
21_bg-odds.pdf,407,TRUE,58
21_bg-odds.pdf,408,TRUE,58
21_bg-odds.pdf,409,TRUE,58
21_bg-odds.pdf,410,TRUE,58
21_bg-odds.pdf,411,TRUE,58
21_bg-odds.pdf,412,TRUE,58
21_bg-odds.pdf,413,TRUE,58
21_bg-odds.pdf,414,TRUE,58
21_bg-odds.pdf,415,TRUE,58
21_bg-odds.pdf,416,TRUE,58
21_bg-odds.pdf,417,TRUE,58
21_bg-odds.pdf,418,TRUE,58
21_bg-odds.pdf,419,TRUE,58
21_bg-odds.pdf,420,TRUE,58
21_bg-odds.pdf,421,TRUE,58
21_bg-odds.pdf,422,TRUE,58
21_bg-odds.pdf,423,TRUE,58
21_bg-odds.pdf,424,TRUE,58
21_bg-odds.pdf,425,TRUE,58
21_bg-odds.pdf,426,TRUE,58
21_bg-odds.pdf,427,TRUE,58
21_bg-odds.pdf,428,TRUE,58
21_bg-odds.pdf,429,TRUE,58
21_bg-odds.pdf,430,TRUE,58
21_bg-odds.pdf,431,TRUE,58
21_bg-odds.pdf,432,TRUE,58
21_bg-odds.pdf,433,TRUE,58
21_bg-odds.pdf,434,TRUE,58
21_bg-odds.pdf,435,TRUE,58
21_bg-odds.pdf,436,TRUE,58
21_bg-odds.pdf,437,TRUE,58
21_bg-odds.pdf,438,TRUE,58
21_bg-odds.pdf,439,TRUE,58
21_bg-odds.pdf,440,TRUE,58
21_bg-odds.pdf,441,TRUE,58
21_bg-odds.pdf,442,TRUE,58
21_bg-odds.pdf,443,TRUE,58
21_bg-odds.pdf,444,TRUE,58
21_bg-odds.pdf,445,TRUE,58
21_bg-odds.pdf,446,TRUE,58
21_bg-odds.pdf,447,TRUE,58
21_bg-odds.pdf,448,TRUE,58
21_bg-odds.pdf,449,TRUE,58
21_bg-odds.pdf,450,TRUE,58
21_bg-odds.pdf,451,TRUE,58
21_bg-odds.pdf,452,TRUE,58
21_bg-odds.pdf,453,TRUE,58
21_bg-odds.pdf,454,TRUE,58
21_bg-odds.pdf,455,TRUE,58
21_bg-odds.pdf,456,TRUE,58
21_bg-odds.pdf,457,FALSE,0
21_bg-odds.pdf,458,FALSE,0
21_bg-odds.pdf,459,TRUE,58
21_bg-odds.pdf,460,TRUE,58
21_bg-odds.pdf,461,TRUE,58
21_bg-odds.pdf,462,TRUE,58
21_bg-odds.pdf,463,TRUE,58
21_bg-odds.pdf,464,TRUE,58
21_bg-odds.pdf,465,TRUE,58
21_bg-odds.pdf,466,TRUE,58
21_bg-odds.pdf,467,TRUE,58
21_bg-odds.pdf,468,TRUE,58
21_bg-odds.pdf,469,TRUE,58
21_bg-odds.pdf,470,TRUE,58
21_bg-odds.pdf,471,TRUE,58
21_bg-odds.pdf,472,TRUE,58
21_bg-odds.pdf,473,TRUE,58
21_bg-odds.pdf,474,TRUE,58
21_bg-odds.pdf,475,TRUE,58
21_bg-odds.pdf,476,TRUE,58
21_bg-odds.pdf,477,TRUE,58
21_bg-odds.pdf,478,TRUE,58
21_bg-odds.pdf,479,TRUE,58
21_bg-odds.pdf,480,TRUE,58
21_bg-odds.pdf,481,TRUE,58
21_bg-odds.pdf,482,TRUE,58
21_bg-odds.pdf,483,TRUE,58
21_bg-odds.pdf,484,TRUE,58
21_bg-odds.pdf,485,TRUE,58
21_bg-odds.pdf,486,TRUE,58
21_bg-odds.pdf,487,TRUE,58
21_bg-odds.pdf,488,TRUE,58
21_bg-odds.pdf,489,TRUE,58
21_bg-odds.pdf,490,TRUE,58
21_bg-odds.pdf,491,TRUE,58
21_bg-odds.pdf,492,TRUE,58
21_bg-odds.pdf,493,TRUE,58
21_bg-odds.pdf,494,TRUE,58
21_bg-odds.pdf,495,TRUE,58
21_bg-odds.pdf,496,TRUE,58
21_bg-odds.pdf,497,FALSE,0
21_bg-odds.pdf,498,FALSE,0
21_bg-odds.pdf,499,TRUE,58
21_bg-odds.pdf,500,TRUE,58
21_bg-odds.pdf,501,TRUE,58
21_bg-odds.pdf,502,TRUE,58
21_bg-odds.pdf,503,TRUE,58
21_bg-odds.pdf,504,TRUE,58
21_bg-odds.pdf,505,TRUE,58
21_bg-odds.pdf,506,TRUE,58
21_bg-odds.pdf,507,TRUE,58
21_bg-odds.pdf,508,TRUE,58
21_bg-odds.pdf,509,TRUE,58
21_bg-odds.pdf,510,TRUE,58
21_bg-odds.pdf,511,TRUE,58
21_bg-odds.pdf,512,TRUE,58
21_bg-odds.pdf,513,FALSE,0
21_bg-odds.pdf,514,FALSE,0
21_bg-odds.pdf,515,TRUE,58
21_bg-odds.pdf,516,TRUE,58
21_bg-odds.pdf,517,TRUE,58
21_bg-odds.pdf,518,TRUE,58
21_bg-odds.pdf,519,TRUE,58
21_bg-odds.pdf,520,TRUE,58
21_bg-odds.pdf,521,TRUE,58
21_bg-odds.pdf,522,TRUE,58
21_bg-odds.pdf,523,TRUE,58
21_bg-odds.pdf,524,TRUE,58
21_bg-odds.pdf,525,TRUE,58
21_bg-odds.pdf,526,TRUE,58
21_bg-odds.pdf,527,TRUE,58
21_bg-odds.pdf,528,TRUE,58
21_bg-odds.pdf,529,TRUE,58
21_bg-odds.pdf,530,TRUE,58
21_bg-odds.pdf,531,TRUE,58
21_bg-odds.pdf,532,FALSE,0
21_bg-odds.pdf,533,FALSE,0
21_bg-odds.pdf,534,TRUE,58
21_bg-odds.pdf,535,TRUE,58
21_bg-odds.pdf,536,TRUE,58
21_bg-odds.pdf,537,TRUE,58
21_bg-odds.pdf,538,TRUE,58
21_bg-odds.pdf,539,TRUE,58
21_bg-odds.pdf,540,TRUE,58
21_bg-odds.pdf,541,TRUE,58
21_bg-odds.pdf,542,TRUE,58
21_bg-odds.pdf,543,TRUE,58
21_bg-odds.pdf,544,TRUE,58
21_bg-odds.pdf,545,TRUE,58
21_bg-odds.pdf,546,TRUE,58
21_bg-odds.pdf,547,TRUE,58
21_bg-odds.pdf,548,FALSE,0
21_bg-odds.pdf,549,FALSE,0
21_bg-odds.pdf,550,TRUE,58
21_bg-odds.pdf,551,TRUE,58
21_bg-odds.pdf,552,TRUE,58
21_bg-odds.pdf,553,TRUE,58
21_bg-odds.pdf,554,TRUE,58
21_bg-odds.pdf,555,TRUE,58
21_bg-odds.pdf,556,TRUE,58
21_bg-odds.pdf,557,TRUE,58
21_bg-odds.pdf,558,TRUE,58
21_bg-odds.pdf,559,TRUE,58
21_bg-odds.pdf,560,TRUE,58
21_bg-odds.pdf,561,TRUE,58
21_bg-odds.pdf,562,TRUE,58
21_bg-odds.pdf,563,TRUE,58
21_bg-odds.pdf,564,TRUE,58
21_bg-odds.pdf,565,TRUE,58
21_bg-odds.pdf,566,TRUE,58
2021 Antlerless Draw Results.pdf,1,TRUE,32
2021 Antlerless Draw Results.pdf,2,TRUE,32
2021 Antlerless Draw Results.pdf,3,TRUE,32
2021 Antlerless Draw Results.pdf,4,TRUE,32
2021 Antlerless Draw Results.pdf,5,TRUE,32
2021 Antlerless Draw Results.pdf,6,TRUE,32
2021 Antlerless Draw Results.pdf,7,TRUE,32
2021 Antlerless Draw Results.pdf,8,TRUE,32
2021 Antlerless Draw Results.pdf,9,TRUE,32
2021 Antlerless Draw Results.pdf,10,TRUE,32
2021 Antlerless Draw Results.pdf,11,TRUE,32
2021 Antlerless Draw Results.pdf,12,TRUE,32
2021 Antlerless Draw Results.pdf,13,TRUE,32
2021 Antlerless Draw Results.pdf,14,TRUE,32
2021 Antlerless Draw Results.pdf,15,TRUE,32
2021 Antlerless Draw Results.pdf,16,TRUE,32
2021 Antlerless Draw Results.pdf,17,TRUE,32
2021 Antlerless Draw Results.pdf,18,TRUE,32
2021 Antlerless Draw Results.pdf,19,TRUE,32
2021 Antlerless Draw Results.pdf,20,TRUE,32
2021 Antlerless Draw Results.pdf,21,TRUE,32
2021 Antlerless Draw Results.pdf,22,TRUE,32
2021 Antlerless Draw Results.pdf,23,TRUE,32
2021 Antlerless Draw Results.pdf,24,TRUE,32
2021 Antlerless Draw Results.pdf,25,TRUE,32
2021 Antlerless Draw Results.pdf,26,TRUE,32
2021 Antlerless Draw Results.pdf,27,TRUE,32
2021 Antlerless Draw Results.pdf,28,FALSE,0
2021 Antlerless Draw Results.pdf,29,FALSE,0
2021 Antlerless Draw Results.pdf,30,TRUE,32
2021 Antlerless Draw Results.pdf,31,TRUE,32
2021 Antlerless Draw Results.pdf,32,TRUE,32
2021 Antlerless Draw Results.pdf,33,TRUE,32
2021 Antlerless Draw Results.pdf,34,TRUE,32
2021 Antlerless Draw Results.pdf,35,TRUE,32
2021 Antlerless Draw Results.pdf,36,TRUE,32
2021 Antlerless Draw Results.pdf,37,TRUE,32
2021 Antlerless Draw Results.pdf,38,TRUE,32
2021 Antlerless Draw Results.pdf,39,TRUE,32
2021 Antlerless Draw Results.pdf,40,TRUE,32
2021 Antlerless Draw Results.pdf,41,TRUE,32
2021 Antlerless Draw Results.pdf,42,TRUE,32
2021 Antlerless Draw Results.pdf,43,TRUE,32
2021 Antlerless Draw Results.pdf,44,TRUE,32
2021 Antlerless Draw Results.pdf,45,TRUE,32
2021 Antlerless Draw Results.pdf,46,TRUE,32
2021 Antlerless Draw Results.pdf,47,TRUE,32
2021 Antlerless Draw Results.pdf,48,TRUE,32
2021 Antlerless Draw Results.pdf,49,TRUE,32
2021 Antlerless Draw Results.pdf,50,TRUE,32
2021 Antlerless Draw Results.pdf,51,TRUE,32
2021 Antlerless Draw Results.pdf,52,TRUE,32
2021 Antlerless Draw Results.pdf,53,TRUE,32
2021 Antlerless Draw Results.pdf,54,TRUE,32
2021 Antlerless Draw Results.pdf,55,TRUE,32
2021 Antlerless Draw Results.pdf,56,TRUE,32
2021 Antlerless Draw Results.pdf,57,TRUE,32
2021 Antlerless Draw Results.pdf,58,TRUE,32
2021 Antlerless Draw Results.pdf,59,TRUE,32
2021 Antlerless Draw Results.pdf,60,TRUE,32
2021 Antlerless Draw Results.pdf,61,TRUE,32
2021 Antlerless Draw Results.pdf,62,TRUE,32
2021 Antlerless Draw Results.pdf,63,TRUE,32
2021 Antlerless Draw Results.pdf,64,TRUE,32
2021 Antlerless Draw Results.pdf,65,TRUE,32
2021 Antlerless Draw Results.pdf,66,TRUE,32
2021 Antlerless Draw Results.pdf,67,TRUE,32
2021 Antlerless Draw Results.pdf,68,TRUE,32
2021 Antlerless Draw Results.pdf,69,TRUE,32
2021 Antlerless Draw Results.pdf,70,TRUE,32
2021 Antlerless Draw Results.pdf,71,TRUE,32
2021 Antlerless Draw Results.pdf,72,TRUE,32
2021 Antlerless Draw Results.pdf,73,TRUE,32
2021 Antlerless Draw Results.pdf,74,TRUE,32
2021 Antlerless Draw Results.pdf,75,TRUE,32
2021 Antlerless Draw Results.pdf,76,TRUE,32
2021 Antlerless Draw Results.pdf,77,TRUE,32
2021 Antlerless Draw Results.pdf,78,TRUE,32
2021 Antlerless Draw Results.pdf,79,TRUE,32
2021 Antlerless Draw Results.pdf,80,TRUE,32
2021 Antlerless Draw Results.pdf,81,TRUE,32
2021 Antlerless Draw Results.pdf,82,TRUE,32
2021 Antlerless Draw Results.pdf,83,TRUE,32
2021 Antlerless Draw Results.pdf,84,TRUE,32
2021 Antlerless Draw Results.pdf,85,TRUE,32
2021 Antlerless Draw Results.pdf,86,TRUE,32
2021 Antlerless Draw Results.pdf,87,TRUE,32
2021 Antlerless Draw Results.pdf,88,TRUE,32
2021 Antlerless Draw Results.pdf,89,TRUE,32
2021 Antlerless Draw Results.pdf,90,TRUE,32
2021 Antlerless Draw Results.pdf,91,TRUE,32
2021 Antlerless Draw Results.pdf,92,TRUE,32
2021 Antlerless Draw Results.pdf,93,TRUE,32
2021 Antlerless Draw Results.pdf,94,TRUE,32
2021 Antlerless Draw Results.pdf,95,TRUE,32
2021 Antlerless Draw Results.pdf,96,TRUE,32
2021 Antlerless Draw Results.pdf,97,TRUE,32
2021 Antlerless Draw Results.pdf,98,TRUE,32
2021 Antlerless Draw Results.pdf,99,TRUE,32
2021 Antlerless Draw Results.pdf,100,TRUE,32
2021 Antlerless Draw Results.pdf,101,TRUE,32
2021 Antlerless Draw Results.pdf,102,TRUE,32
2021 Antlerless Draw Results.pdf,103,TRUE,32
2021 Antlerless Draw Results.pdf,104,TRUE,32
2021 Antlerless Draw Results.pdf,105,TRUE,32
2021 Antlerless Draw Results.pdf,106,TRUE,32
2021 Antlerless Draw Results.pdf,107,TRUE,32
2021 Antlerless Draw Results.pdf,108,TRUE,32
2021 Antlerless Draw Results.pdf,109,TRUE,32
2021 Antlerless Draw Results.pdf,110,TRUE,32
2021 Antlerless Draw Results.pdf,111,TRUE,32
2021 Antlerless Draw Results.pdf,112,TRUE,32
2021 Antlerless Draw Results.pdf,113,TRUE,32
2021 Antlerless Draw Results.pdf,114,TRUE,32
2021 Antlerless Draw Results.pdf,115,TRUE,32
2021 Antlerless Draw Results.pdf,116,TRUE,32
2021 Antlerless Draw Results.pdf,117,TRUE,32
2021 Antlerless Draw Results.pdf,118,TRUE,32
2021 Antlerless Draw Results.pdf,119,TRUE,32
2021 Antlerless Draw Results.pdf,120,TRUE,32
2021 Antlerless Draw Results.pdf,121,TRUE,32
2021 Antlerless Draw Results.pdf,122,TRUE,32
2021 Antlerless Draw Results.pdf,123,TRUE,32
2021 Antlerless Draw Results.pdf,124,TRUE,32
2021 Antlerless Draw Results.pdf,125,TRUE,32
2021 Antlerless Draw Results.pdf,126,TRUE,32
2021 Antlerless Draw Results.pdf,127,TRUE,32
2021 Antlerless Draw Results.pdf,128,TRUE,32
2021 Antlerless Draw Results.pdf,129,TRUE,32
2021 Antlerless Draw Results.pdf,130,TRUE,32
2021 Antlerless Draw Results.pdf,131,TRUE,32
2021 Antlerless Draw Results.pdf,132,TRUE,32
2021 Antlerless Draw Results.pdf,133,TRUE,32
2021 Antlerless Draw Results.pdf,134,TRUE,32
2021 Antlerless Draw Results.pdf,135,TRUE,32
2021 Antlerless Draw Results.pdf,136,TRUE,32
2021 Antlerless Draw Results.pdf,137,TRUE,32
2021 Antlerless Draw Results.pdf,138,TRUE,32
2021 Antlerless Draw Results.pdf,139,TRUE,32
2021 Antlerless Draw Results.pdf,140,TRUE,32
2021 Antlerless Draw Results.pdf,141,TRUE,32
2021 Antlerless Draw Results.pdf,142,TRUE,32
2021 Antlerless Draw Results.pdf,143,TRUE,32
2021 Antlerless Draw Results.pdf,144,TRUE,32
2021 Antlerless Draw Results.pdf,145,TRUE,32
2021 Antlerless Draw Results.pdf,146,TRUE,32
2021 Antlerless Draw Results.pdf,147,TRUE,32
2021 Antlerless Draw Results.pdf,148,TRUE,32
2021 Antlerless Draw Results.pdf,149,TRUE,32
2021 Antlerless Draw Results.pdf,150,TRUE,32
2021 Antlerless Draw Results.pdf,151,TRUE,32
2021 Antlerless Draw Results.pdf,152,TRUE,32
2021 Antlerless Draw Results.pdf,153,TRUE,32
2021 Antlerless Draw Results.pdf,154,TRUE,32
2021 Antlerless Draw Results.pdf,155,TRUE,32
2021 Antlerless Draw Results.pdf,156,TRUE,32
2021 Antlerless Draw Results.pdf,157,TRUE,32
2021 Antlerless Draw Results.pdf,158,TRUE,32
2021 Antlerless Draw Results.pdf,159,TRUE,32
2021 Antlerless Draw Results.pdf,160,TRUE,32
2021 Antlerless Draw Results.pdf,161,TRUE,32
2021 Antlerless Draw Results.pdf,162,TRUE,32
2021 Antlerless Draw Results.pdf,163,TRUE,32
2021 Antlerless Draw Results.pdf,164,TRUE,32
2021 Antlerless Draw Results.pdf,165,TRUE,32
2021 Antlerless Draw Results.pdf,166,TRUE,32
2021 Antlerless Draw Results.pdf,167,TRUE,32
2021 Antlerless Draw Results.pdf,168,TRUE,32
2021 Antlerless Draw Results.pdf,169,TRUE,32
2021 Antlerless Draw Results.pdf,170,TRUE,32
2021 Antlerless Draw Results.pdf,171,TRUE,32
2021 Antlerless Draw Results.pdf,172,TRUE,32
2021 Antlerless Draw Results.pdf,173,TRUE,32
2021 Antlerless Draw Results.pdf,174,TRUE,32
2021 Antlerless Draw Results.pdf,175,TRUE,32
2021 Antlerless Draw Results.pdf,176,TRUE,32
2021 Antlerless Draw Results.pdf,177,TRUE,32
2021 Antlerless Draw Results.pdf,178,TRUE,32
2021 Antlerless Draw Results.pdf,179,TRUE,32
2021 Antlerless Draw Results.pdf,180,TRUE,32
2021 Antlerless Draw Results.pdf,181,TRUE,32
2021 Antlerless Draw Results.pdf,182,TRUE,32
2021 Antlerless Draw Results.pdf,183,TRUE,32
2021 Antlerless Draw Results.pdf,184,TRUE,32
2021 Antlerless Draw Results.pdf,185,TRUE,32
2021 Antlerless Draw Results.pdf,186,FALSE,0
2021 Antlerless Draw Results.pdf,187,FALSE,0
2021 Antlerless Draw Results.pdf,188,TRUE,32
2021 Antlerless Draw Results.pdf,189,TRUE,32
2021 Antlerless Draw Results.pdf,190,TRUE,32
2021 Antlerless Draw Results.pdf,191,TRUE,32
2021 Antlerless Draw Results.pdf,192,TRUE,32
2021 Antlerless Draw Results.pdf,193,TRUE,32
2021 Antlerless Draw Results.pdf,194,TRUE,32
2021 Antlerless Draw Results.pdf,195,TRUE,32
2021 Antlerless Draw Results.pdf,196,TRUE,32
2021 Antlerless Draw Results.pdf,197,TRUE,32
2021 Antlerless Draw Results.pdf,198,TRUE,32
2021 Antlerless Draw Results.pdf,199,TRUE,32
2021 Antlerless Draw Results.pdf,200,TRUE,32
2021 Antlerless Draw Results.pdf,201,TRUE,32
2021 Antlerless Draw Results.pdf,202,TRUE,32
2021 Antlerless Draw Results.pdf,203,TRUE,32
2021 Antlerless Draw Results.pdf,204,TRUE,32
2021 Antlerless Draw Results.pdf,205,TRUE,32
2021 Antlerless Draw Results.pdf,206,TRUE,32
2021 Antlerless Draw Results.pdf,207,TRUE,32
2021 Antlerless Draw Results.pdf,208,TRUE,32
2021 Antlerless Draw Results.pdf,209,TRUE,32
2021 Antlerless Draw Results.pdf,210,TRUE,32
2021 Antlerless Draw Results.pdf,211,TRUE,32
2021 Antlerless Draw Results.pdf,212,TRUE,32
2021 Antlerless Draw Results.pdf,213,TRUE,32
2021 Antlerless Draw Results.pdf,214,TRUE,32
2021 Antlerless Draw Results.pdf,215,TRUE,32
2021 Antlerless Draw Results.pdf,216,TRUE,32
2021 Antlerless Draw Results.pdf,217,TRUE,32
2021 Antlerless Draw Results.pdf,218,TRUE,32
2021 Antlerless Draw Results.pdf,219,FALSE,0
2021 Antlerless Draw Results.pdf,220,FALSE,0
2021 Antlerless Draw Results.pdf,221,TRUE,32
2021 Antlerless Draw Results.pdf,222,TRUE,32
2021 Antlerless Draw Results.pdf,223,TRUE,32
2021 Antlerless Draw Results.pdf,224,TRUE,32
2021 Antlerless Draw Results.pdf,225,FALSE,0
2021 Antlerless Draw Results.pdf,226,FALSE,0
2021 Antlerless Draw Results.pdf,227,TRUE,32
2021 Antlerless Draw Results.pdf,228,FALSE,0
21_youth_antlerless_drawing_odds_report.pdf,1,TRUE,32
21_youth_antlerless_drawing_odds_report.pdf,2,TRUE,32
21_youth_antlerless_drawing_odds_report.pdf,3,TRUE,32
21_youth_antlerless_drawing_odds_report.pdf,4,TRUE,32
21_youth_antlerless_drawing_odds_report.pdf,5,TRUE,32
21_youth_antlerless_drawing_odds_report.pdf,6,TRUE,32
21_youth_antlerless_drawing_odds_report.pdf,7,TRUE,32
21_youth_antlerless_drawing_odds_report.pdf,8,TRUE,32
21_youth_antlerless_drawing_odds_report.pdf,9,TRUE,32
21_youth_antlerless_drawing_odds_report.pdf,10,TRUE,32
21_youth_antlerless_drawing_odds_report.pdf,11,TRUE,32
21_youth_antlerless_drawing_odds_report.pdf,12,TRUE,32
21_youth_antlerless_drawing_odds_report.pdf,13,TRUE,32
21_youth_antlerless_drawing_odds_report.pdf,14,TRUE,32
21_youth_antlerless_drawing_odds_report.pdf,15,TRUE,32
21_youth_antlerless_drawing_odds_report.pdf,16,TRUE,32
21_youth_antlerless_drawing_odds_report.pdf,17,TRUE,32
21_youth_antlerless_drawing_odds_report.pdf,18,TRUE,32
21_youth_antlerless_drawing_odds_report.pdf,19,TRUE,32
21_youth_antlerless_drawing_odds_report.pdf,20,TRUE,32
21_youth_antlerless_drawing_odds_report.pdf,21,TRUE,32
21_youth_antlerless_drawing_odds_report.pdf,22,TRUE,32
21_youth_antlerless_drawing_odds_report.pdf,23,TRUE,32
21_youth_antlerless_drawing_odds_report.pdf,24,TRUE,32
21_youth_antlerless_drawing_odds_report.pdf,25,TRUE,32
21_youth_antlerless_drawing_odds_report.pdf,26,TRUE,32
21_youth_antlerless_drawing_odds_report.pdf,27,FALSE,0
21_youth_antlerless_drawing_odds_report.pdf,28,TRUE,32
21_youth_antlerless_drawing_odds_report.pdf,29,TRUE,32
21_youth_antlerless_drawing_odds_report.pdf,30,TRUE,32
21_youth_antlerless_drawing_odds_report.pdf,31,TRUE,32
21_youth_antlerless_drawing_odds_report.pdf,32,TRUE,32
21_youth_antlerless_drawing_odds_report.pdf,33,TRUE,32
21_youth_antlerless_drawing_odds_report.pdf,34,TRUE,32
21_youth_antlerless_drawing_odds_report.pdf,35,TRUE,32
21_youth_antlerless_drawing_odds_report.pdf,36,TRUE,32
21_youth_antlerless_drawing_odds_report.pdf,37,TRUE,32
21_youth_antlerless_drawing_odds_report.pdf,38,TRUE,32
21_youth_antlerless_drawing_odds_report.pdf,39,TRUE,32
21_youth_antlerless_drawing_odds_report.pdf,40,TRUE,32
21_youth_antlerless_drawing_odds_report.pdf,41,TRUE,32
21_youth_antlerless_drawing_odds_report.pdf,42,TRUE,32
21_youth_antlerless_drawing_odds_report.pdf,43,TRUE,32
21_youth_antlerless_drawing_odds_report.pdf,44,TRUE,32
21_youth_antlerless_drawing_odds_report.pdf,45,TRUE,32
21_youth_antlerless_drawing_odds_report.pdf,46,TRUE,32
21_youth_antlerless_drawing_odds_report.pdf,47,TRUE,32
21_youth_antlerless_drawing_odds_report.pdf,48,TRUE,32
21_youth_antlerless_drawing_odds_report.pdf,49,TRUE,32
21_youth_antlerless_drawing_odds_report.pdf,50,TRUE,32
21_youth_antlerless_drawing_odds_report.pdf,51,TRUE,32
21_youth_antlerless_drawing_odds_report.pdf,52,TRUE,32
21_youth_antlerless_drawing_odds_report.pdf,53,TRUE,32
21_youth_antlerless_drawing_odds_report.pdf,54,TRUE,32
21_youth_antlerless_drawing_odds_report.pdf,55,TRUE,32
21_youth_antlerless_drawing_odds_report.pdf,56,TRUE,32
21_youth_antlerless_drawing_odds_report.pdf,57,TRUE,32
21_youth_antlerless_drawing_odds_report.pdf,58,TRUE,32
21_youth_antlerless_drawing_odds_report.pdf,59,TRUE,32
21_youth_antlerless_drawing_odds_report.pdf,60,TRUE,32
21_youth_antlerless_drawing_odds_report.pdf,61,TRUE,32
21_youth_antlerless_drawing_odds_report.pdf,62,TRUE,32
21_youth_antlerless_drawing_odds_report.pdf,63,TRUE,32
21_youth_antlerless_drawing_odds_report.pdf,64,TRUE,32
21_youth_antlerless_drawing_odds_report.pdf,65,TRUE,32
21_youth_antlerless_drawing_odds_report.pdf,66,TRUE,32
21_youth_antlerless_drawing_odds_report.pdf,67,TRUE,32
21_youth_antlerless_drawing_odds_report.pdf,68,TRUE,32
21_youth_antlerless_drawing_odds_report.pdf,69,TRUE,32
21_youth_antlerless_drawing_odds_report.pdf,70,TRUE,32
21_youth_antlerless_drawing_odds_report.pdf,71,TRUE,32
21_youth_antlerless_drawing_odds_report.pdf,72,TRUE,32
21_youth_antlerless_drawing_odds_report.pdf,73,TRUE,32
21_youth_antlerless_drawing_odds_report.pdf,74,TRUE,32
21_youth_antlerless_drawing_odds_report.pdf,75,TRUE,32
21_youth_antlerless_drawing_odds_report.pdf,76,TRUE,32
21_youth_antlerless_drawing_odds_report.pdf,77,TRUE,32
21_youth_antlerless_drawing_odds_report.pdf,78,TRUE,32
21_youth_antlerless_drawing_odds_report.pdf,79,TRUE,32
21_youth_antlerless_drawing_odds_report.pdf,80,TRUE,32
21_youth_antlerless_drawing_odds_report.pdf,81,TRUE,32
21_youth_antlerless_drawing_odds_report.pdf,82,TRUE,32
21_youth_antlerless_drawing_odds_report.pdf,83,TRUE,32
21_youth_antlerless_drawing_odds_report.pdf,84,TRUE,32
21_youth_antlerless_drawing_odds_report.pdf,85,TRUE,32
21_youth_antlerless_drawing_odds_report.pdf,86,TRUE,32
21_youth_antlerless_drawing_odds_report.pdf,87,TRUE,32
21_youth_antlerless_drawing_odds_report.pdf,88,TRUE,32
21_youth_antlerless_drawing_odds_report.pdf,89,TRUE,32
21_youth_antlerless_drawing_odds_report.pdf,90,TRUE,32
21_youth_antlerless_drawing_odds_report.pdf,91,TRUE,32
21_youth_antlerless_drawing_odds_report.pdf,92,TRUE,32
21_youth_antlerless_drawing_odds_report.pdf,93,TRUE,32
21_youth_antlerless_drawing_odds_report.pdf,94,TRUE,32
21_youth_antlerless_drawing_odds_report.pdf,95,TRUE,32
21_youth_antlerless_drawing_odds_report.pdf,96,TRUE,32
21_youth_antlerless_drawing_odds_report.pdf,97,TRUE,32
21_youth_antlerless_drawing_odds_report.pdf,98,TRUE,32
21_youth_antlerless_drawing_odds_report.pdf,99,TRUE,32
21_youth_antlerless_drawing_odds_report.pdf,100,TRUE,32
21_youth_antlerless_drawing_odds_report.pdf,101,TRUE,32
21_youth_antlerless_drawing_odds_report.pdf,102,TRUE,32
21_youth_antlerless_drawing_odds_report.pdf,103,TRUE,32
21_youth_antlerless_drawing_odds_report.pdf,104,TRUE,32
21_youth_antlerless_drawing_odds_report.pdf,105,TRUE,32
21_youth_antlerless_drawing_odds_report.pdf,106,TRUE,32
21_youth_antlerless_drawing_odds_report.pdf,107,TRUE,32
21_youth_antlerless_drawing_odds_report.pdf,108,TRUE,32
21_youth_antlerless_drawing_odds_report.pdf,109,TRUE,32
21_youth_antlerless_drawing_odds_report.pdf,110,TRUE,32
21_youth_antlerless_drawing_odds_report.pdf,111,TRUE,32
21_youth_antlerless_drawing_odds_report.pdf,112,TRUE,32
21_youth_antlerless_drawing_odds_report.pdf,113,TRUE,32
21_youth_antlerless_drawing_odds_report.pdf,114,TRUE,32
21_youth_antlerless_drawing_odds_report.pdf,115,TRUE,32
21_youth_antlerless_drawing_odds_report.pdf,116,TRUE,32
21_youth_antlerless_drawing_odds_report.pdf,117,TRUE,32
21_youth_antlerless_drawing_odds_report.pdf,118,TRUE,32
21_youth_antlerless_drawing_odds_report.pdf,119,TRUE,32
21_youth_antlerless_drawing_odds_report.pdf,120,TRUE,32
21_youth_antlerless_drawing_odds_report.pdf,121,TRUE,32
21_youth_antlerless_drawing_odds_report.pdf,122,TRUE,32
21_youth_antlerless_drawing_odds_report.pdf,123,TRUE,32
21_youth_antlerless_drawing_odds_report.pdf,124,TRUE,32
21_youth_antlerless_drawing_odds_report.pdf,125,TRUE,32
21_youth_antlerless_drawing_odds_report.pdf,126,TRUE,32
21_youth_antlerless_drawing_odds_report.pdf,127,TRUE,32
21_youth_antlerless_drawing_odds_report.pdf,128,TRUE,32
21_youth_antlerless_drawing_odds_report.pdf,129,TRUE,32
21_youth_antlerless_drawing_odds_report.pdf,130,TRUE,32
21_youth_antlerless_drawing_odds_report.pdf,131,TRUE,32
21_youth_antlerless_drawing_odds_report.pdf,132,TRUE,32
21_youth_antlerless_drawing_odds_report.pdf,133,TRUE,32
21_youth_antlerless_drawing_odds_report.pdf,134,TRUE,32
21_youth_antlerless_drawing_odds_report.pdf,135,TRUE,32
21_youth_antlerless_drawing_odds_report.pdf,136,TRUE,32
21_youth_antlerless_drawing_odds_report.pdf,137,TRUE,32
21_youth_antlerless_drawing_odds_report.pdf,138,TRUE,32
21_youth_antlerless_drawing_odds_report.pdf,139,TRUE,32
21_youth_antlerless_drawing_odds_report.pdf,140,TRUE,32
21_youth_antlerless_drawing_odds_report.pdf,141,TRUE,32
21_youth_antlerless_drawing_odds_report.pdf,142,TRUE,32
21_youth_antlerless_drawing_odds_report.pdf,143,TRUE,32
21_youth_antlerless_drawing_odds_report.pdf,144,TRUE,32
21_youth_antlerless_drawing_odds_report.pdf,145,TRUE,32
21_youth_antlerless_drawing_odds_report.pdf,146,TRUE,32
21_youth_antlerless_drawing_odds_report.pdf,147,TRUE,32
21_youth_antlerless_drawing_odds_report.pdf,148,TRUE,32
21_youth_antlerless_drawing_odds_report.pdf,149,TRUE,32
21_youth_antlerless_drawing_odds_report.pdf,150,TRUE,32
21_youth_antlerless_drawing_odds_report.pdf,151,TRUE,32
21_youth_antlerless_drawing_odds_report.pdf,152,TRUE,32
21_youth_antlerless_drawing_odds_report.pdf,153,TRUE,32
21_youth_antlerless_drawing_odds_report.pdf,154,TRUE,32
21_youth_antlerless_drawing_odds_report.pdf,155,TRUE,32
21_youth_antlerless_drawing_odds_report.pdf,156,TRUE,32
21_youth_antlerless_drawing_odds_report.pdf,157,TRUE,32
21_youth_antlerless_drawing_odds_report.pdf,158,TRUE,32
21_youth_antlerless_drawing_odds_report.pdf,159,TRUE,32
21_youth_antlerless_drawing_odds_report.pdf,160,TRUE,32
21_youth_antlerless_drawing_odds_report.pdf,161,TRUE,32
21_youth_antlerless_drawing_odds_report.pdf,162,TRUE,32
21_youth_antlerless_drawing_odds_report.pdf,163,TRUE,32
21_youth_antlerless_drawing_odds_report.pdf,164,TRUE,32
21_youth_antlerless_drawing_odds_report.pdf,165,TRUE,32
21_youth_antlerless_drawing_odds_report.pdf,166,TRUE,32
21_youth_antlerless_drawing_odds_report.pdf,167,TRUE,32
21_youth_antlerless_drawing_odds_report.pdf,168,TRUE,32
21_youth_antlerless_drawing_odds_report.pdf,169,TRUE,32
21_youth_antlerless_drawing_odds_report.pdf,170,TRUE,32
21_youth_antlerless_drawing_odds_report.pdf,171,TRUE,32
21_youth_antlerless_drawing_odds_report.pdf,172,TRUE,32
21_youth_antlerless_drawing_odds_report.pdf,173,TRUE,32
21_youth_antlerless_drawing_odds_report.pdf,174,TRUE,32
21_youth_antlerless_drawing_odds_report.pdf,175,TRUE,32
21_youth_antlerless_drawing_odds_report.pdf,176,FALSE,0
21_youth_antlerless_drawing_odds_report.pdf,177,TRUE,32
21_youth_antlerless_drawing_odds_report.pdf,178,TRUE,32
21_youth_antlerless_drawing_odds_report.pdf,179,TRUE,32
21_youth_antlerless_drawing_odds_report.pdf,180,TRUE,32
21_youth_antlerless_drawing_odds_report.pdf,181,TRUE,32
21_youth_antlerless_drawing_odds_report.pdf,182,TRUE,32
21_youth_antlerless_drawing_odds_report.pdf,183,TRUE,32
21_youth_antlerless_drawing_odds_report.pdf,184,TRUE,32
21_youth_antlerless_drawing_odds_report.pdf,185,TRUE,32
21_youth_antlerless_drawing_odds_report.pdf,186,TRUE,32
21_youth_antlerless_drawing_odds_report.pdf,187,TRUE,32
21_youth_antlerless_drawing_odds_report.pdf,188,TRUE,32
21_youth_antlerless_drawing_odds_report.pdf,189,TRUE,32
21_youth_antlerless_drawing_odds_report.pdf,190,TRUE,32
21_youth_antlerless_drawing_odds_report.pdf,191,TRUE,32
21_youth_antlerless_drawing_odds_report.pdf,192,TRUE,32
21_youth_antlerless_drawing_odds_report.pdf,193,TRUE,32
21_youth_antlerless_drawing_odds_report.pdf,194,TRUE,32
21_youth_antlerless_drawing_odds_report.pdf,195,TRUE,32
21_youth_antlerless_drawing_odds_report.pdf,196,TRUE,32
21_youth_antlerless_drawing_odds_report.pdf,197,TRUE,32
21_youth_antlerless_drawing_odds_report.pdf,198,TRUE,32
21_youth_antlerless_drawing_odds_report.pdf,199,TRUE,32
21_youth_antlerless_drawing_odds_report.pdf,200,TRUE,32
21_youth_antlerless_drawing_odds_report.pdf,201,TRUE,32
21_youth_antlerless_drawing_odds_report.pdf,202,TRUE,32
21_youth_antlerless_drawing_odds_report.pdf,203,TRUE,32
21_youth_antlerless_drawing_odds_report.pdf,204,TRUE,32
21_youth_antlerless_drawing_odds_report.pdf,205,TRUE,32
21_youth_antlerless_drawing_odds_report.pdf,206,TRUE,32
21_youth_antlerless_drawing_odds_report.pdf,207,FALSE,0
2021 Bear Draw Results.pdf,1,TRUE,40
2021 Bear Draw Results.pdf,2,TRUE,40
2021 Bear Draw Results.pdf,3,TRUE,40
2021 Bear Draw Results.pdf,4,TRUE,40
2021 Bear Draw Results.pdf,5,TRUE,40
2021 Bear Draw Results.pdf,6,TRUE,40
2021 Bear Draw Results.pdf,7,TRUE,40
2021 Bear Draw Results.pdf,8,TRUE,40
2021 Bear Draw Results.pdf,9,TRUE,40
2021 Bear Draw Results.pdf,10,TRUE,40
2021 Bear Draw Results.pdf,11,TRUE,40
2021 Bear Draw Results.pdf,12,TRUE,40
2021 Bear Draw Results.pdf,13,TRUE,40
2021 Bear Draw Results.pdf,14,TRUE,40
2021 Bear Draw Results.pdf,15,TRUE,40
2021 Bear Draw Results.pdf,16,TRUE,40
2021 Bear Draw Results.pdf,17,TRUE,40
2021 Bear Draw Results.pdf,18,TRUE,40
2021 Bear Draw Results.pdf,19,TRUE,40
2021 Bear Draw Results.pdf,20,TRUE,40
2021 Bear Draw Results.pdf,21,TRUE,40
2021 Bear Draw Results.pdf,22,TRUE,40
2021 Bear Draw Results.pdf,23,TRUE,40
2021 Bear Draw Results.pdf,24,TRUE,40
2021 Bear Draw Results.pdf,25,TRUE,40
2021 Bear Draw Results.pdf,26,TRUE,40
2021 Bear Draw Results.pdf,27,TRUE,40
2021 Bear Draw Results.pdf,28,TRUE,40
2021 Bear Draw Results.pdf,29,TRUE,40
2021 Bear Draw Results.pdf,30,TRUE,40
2021 Bear Draw Results.pdf,31,TRUE,40
2021 Bear Draw Results.pdf,32,TRUE,40
2021 Bear Draw Results.pdf,33,TRUE,40
2021 Bear Draw Results.pdf,34,TRUE,40
2021 Bear Draw Results.pdf,35,TRUE,40
2021 Bear Draw Results.pdf,36,TRUE,40
2021 Bear Draw Results.pdf,37,TRUE,40
2021 Bear Draw Results.pdf,38,TRUE,40
2021 Bear Draw Results.pdf,39,TRUE,40
2021 Bear Draw Results.pdf,40,TRUE,40
2021 Bear Draw Results.pdf,41,TRUE,40
2021 Bear Draw Results.pdf,42,TRUE,40
2021 Bear Draw Results.pdf,43,TRUE,40
2021 Bear Draw Results.pdf,44,TRUE,40
2021 Bear Draw Results.pdf,45,TRUE,40
2021 Bear Draw Results.pdf,46,TRUE,40
2021 Bear Draw Results.pdf,47,TRUE,40
2021 Bear Draw Results.pdf,48,TRUE,40
2021 Bear Draw Results.pdf,49,TRUE,40
2021 Bear Draw Results.pdf,50,TRUE,40
2021 Bear Draw Results.pdf,51,TRUE,40
2021 Bear Draw Results.pdf,52,TRUE,40
2021 Bear Draw Results.pdf,53,TRUE,40
2021 Bear Draw Results.pdf,54,TRUE,40
2021 Bear Draw Results.pdf,55,TRUE,40
2021 Bear Draw Results.pdf,56,TRUE,40
2021 Bear Draw Results.pdf,57,TRUE,40
2021 Bear Draw Results.pdf,58,TRUE,40
2021 Bear Draw Results.pdf,59,TRUE,40
2021 Bear Draw Results.pdf,60,TRUE,40
2021 Bear Draw Results.pdf,61,TRUE,40
2021 Bear Draw Results.pdf,62,TRUE,40
2021 Bear Draw Results.pdf,63,TRUE,40
2021 Bear Draw Results.pdf,64,TRUE,40
2021 Bear Draw Results.pdf,65,TRUE,40
2021 Bear Draw Results.pdf,66,TRUE,40
2021 Bear Draw Results.pdf,67,TRUE,40
2021 Bear Draw Results.pdf,68,TRUE,40
2021 Bear Draw Results.pdf,69,TRUE,40
2021 Bear Draw Results.pdf,70,TRUE,40
2021 Bear Draw Results.pdf,71,TRUE,40
2021 Bear Draw Results.pdf,72,TRUE,40
2021 Bear Draw Results.pdf,73,TRUE,40
2021 Bear Draw Results.pdf,74,TRUE,40
2021 Bear Draw Results.pdf,75,TRUE,40
2021 Bear Draw Results.pdf,76,TRUE,40
2021 Bear Draw Results.pdf,77,TRUE,40
2021 Bear Draw Results.pdf,78,TRUE,40
2021 Bear Draw Results.pdf,79,TRUE,40
2021 Bear Draw Results.pdf,80,TRUE,40
2021 Bear Draw Results.pdf,81,TRUE,40
2021 Bear Draw Results.pdf,82,TRUE,40
2021 Bear Draw Results.pdf,83,TRUE,40
2021 Bear Draw Results.pdf,84,TRUE,40
2021 Bear Draw Results.pdf,85,TRUE,40
2021 Bear Draw Results.pdf,86,TRUE,40
2021 Bear Draw Results.pdf,87,TRUE,40
2021 Bear Draw Results.pdf,88,TRUE,40
2021 Bear Draw Results.pdf,89,TRUE,40
2021 Bear Draw Results.pdf,90,TRUE,40
2021 Bear Draw Results.pdf,91,TRUE,40
2021 Bear Draw Results.pdf,92,TRUE,40
2021 Bear Draw Results.pdf,93,TRUE,40
2021 Bear Draw Results.pdf,94,TRUE,40
2021 Bear Draw Results.pdf,95,TRUE,40
2021 Bear Draw Results.pdf,96,TRUE,40
2021 Bear Draw Results.pdf,97,TRUE,40
2021 Bear Draw Results.pdf,98,TRUE,40
2021 Bear Draw Results.pdf,99,TRUE,40
2021 Bear Draw Results.pdf,100,TRUE,40
2021_PERMITS=2022_MODEL__COUGAR DRAW RESULTS.pdf,1,FALSE,0
2021_PERMITS=2022_MODEL__COUGAR DRAW RESULTS.pdf,2,TRUE,40
2021_PERMITS=2022_MODEL__COUGAR DRAW RESULTS.pdf,3,TRUE,40
2021_PERMITS=2022_MODEL__COUGAR DRAW RESULTS.pdf,4,TRUE,40
2021_PERMITS=2022_MODEL__COUGAR DRAW RESULTS.pdf,5,TRUE,40
2021_PERMITS=2022_MODEL__COUGAR DRAW RESULTS.pdf,6,TRUE,40
2021_PERMITS=2022_MODEL__COUGAR DRAW RESULTS.pdf,7,TRUE,40
2021_PERMITS=2022_MODEL__COUGAR DRAW RESULTS.pdf,8,TRUE,40
2021_PERMITS=2022_MODEL__COUGAR DRAW RESULTS.pdf,9,TRUE,40
2021_PERMITS=2022_MODEL__COUGAR DRAW RESULTS.pdf,10,TRUE,40
2021_PERMITS=2022_MODEL__COUGAR DRAW RESULTS.pdf,11,TRUE,40
2021_PERMITS=2022_MODEL__TURKEY DRAW RESULTS.pdf,1,FALSE,0
2021_PERMITS=2022_MODEL__TURKEY DRAW RESULTS.pdf,2,TRUE,40
2021_PERMITS=2022_MODEL__TURKEY DRAW RESULTS.pdf,3,TRUE,40
2021_PERMITS=2022_MODEL__TURKEY DRAW RESULTS.pdf,4,TRUE,40
2021_PERMITS=2022_MODEL__TURKEY DRAW RESULTS.pdf,5,TRUE,40
2021_PERMITS=2022_MODEL__TURKEY DRAW RESULTS.pdf,6,TRUE,40
2021_PERMITS=2022_MODEL__TURKEY DRAW RESULTS.pdf,7,TRUE,40
2021_PERMITS=2022_MODEL__YOUTH TURKEY DRAW RESULTS.pdf,1,TRUE,40
2021_PERMITS=2022_MODEL__YOUTH TURKEY DRAW RESULTS.pdf,2,TRUE,40
2021_PERMITS=2022_MODEL__YOUTH TURKEY DRAW RESULTS.pdf,3,TRUE,40
2021_PERMITS=2022_MODEL__YOUTH TURKEY DRAW RESULTS.pdf,4,TRUE,40
2021_PERMITS=2022_MODEL__YOUTH TURKEY DRAW RESULTS.pdf,5,TRUE,40
2021_PERMITS=2022_MODEL__YOUTH TURKEY DRAW RESULTS.pdf,6,TRUE,40
21_deer_odds.pdf,1,FALSE,0
21_deer_odds.pdf,2,FALSE,0
21_deer_odds.pdf,3,TRUE,44
21_deer_odds.pdf,4,TRUE,44
21_deer_odds.pdf,5,TRUE,44
21_deer_odds.pdf,6,TRUE,44
21_deer_odds.pdf,7,TRUE,44
21_deer_odds.pdf,8,TRUE,44
21_deer_odds.pdf,9,TRUE,44
21_deer_odds.pdf,10,TRUE,44
21_deer_odds.pdf,11,TRUE,44
21_deer_odds.pdf,12,TRUE,44
21_deer_odds.pdf,13,TRUE,44
21_deer_odds.pdf,14,TRUE,44
21_deer_odds.pdf,15,TRUE,44
21_deer_odds.pdf,16,TRUE,44
21_deer_odds.pdf,17,TRUE,44
21_deer_odds.pdf,18,TRUE,44
21_deer_odds.pdf,19,TRUE,44
21_deer_odds.pdf,20,TRUE,44
21_deer_odds.pdf,21,TRUE,44
21_deer_odds.pdf,22,TRUE,44
21_deer_odds.pdf,23,TRUE,44
21_deer_odds.pdf,24,TRUE,44
21_deer_odds.pdf,25,TRUE,44
21_deer_odds.pdf,26,TRUE,44
21_deer_odds.pdf,27,TRUE,44
21_deer_odds.pdf,28,TRUE,44
21_deer_odds.pdf,29,TRUE,44
21_deer_odds.pdf,30,TRUE,44
21_deer_odds.pdf,31,TRUE,44
21_deer_odds.pdf,32,TRUE,44
21_deer_odds.pdf,33,TRUE,44
21_deer_odds.pdf,34,TRUE,44
21_deer_odds.pdf,35,TRUE,44
21_deer_odds.pdf,36,TRUE,44
21_deer_odds.pdf,37,TRUE,44
21_deer_odds.pdf,38,TRUE,44
21_deer_odds.pdf,39,TRUE,44
21_deer_odds.pdf,40,TRUE,44
21_deer_odds.pdf,41,TRUE,44
21_deer_odds.pdf,42,TRUE,44
21_deer_odds.pdf,43,TRUE,44
21_deer_odds.pdf,44,TRUE,44
21_deer_odds.pdf,45,TRUE,44
21_deer_odds.pdf,46,TRUE,44
21_deer_odds.pdf,47,TRUE,44
21_deer_odds.pdf,48,TRUE,44
21_deer_odds.pdf,49,TRUE,44
21_deer_odds.pdf,50,TRUE,44
21_deer_odds.pdf,51,TRUE,44
21_deer_odds.pdf,52,TRUE,44
21_deer_odds.pdf,53,TRUE,44
21_deer_odds.pdf,54,TRUE,44
21_deer_odds.pdf,55,TRUE,44
21_deer_odds.pdf,56,TRUE,44
21_deer_odds.pdf,57,TRUE,44
21_deer_odds.pdf,58,TRUE,44
21_deer_odds.pdf,59,TRUE,44
21_deer_odds.pdf,60,TRUE,44
21_deer_odds.pdf,61,TRUE,44
21_deer_odds.pdf,62,TRUE,44
21_deer_odds.pdf,63,TRUE,44
21_deer_odds.pdf,64,TRUE,44
21_deer_odds.pdf,65,TRUE,44
21_deer_odds.pdf,66,TRUE,44
21_deer_odds.pdf,67,TRUE,44
21_deer_odds.pdf,68,TRUE,44
21_deer_odds.pdf,69,TRUE,44
21_deer_odds.pdf,70,TRUE,44
21_deer_odds.pdf,71,TRUE,44
21_deer_odds.pdf,72,TRUE,44
21_deer_odds.pdf,73,TRUE,44
21_deer_odds.pdf,74,TRUE,44
21_deer_odds.pdf,75,TRUE,44
21_deer_odds.pdf,76,TRUE,44
21_deer_odds.pdf,77,TRUE,44
21_deer_odds.pdf,78,TRUE,44
21_deer_odds.pdf,79,TRUE,44
21_deer_odds.pdf,80,TRUE,44
21_deer_odds.pdf,81,TRUE,44
21_deer_odds.pdf,82,TRUE,44
21_deer_odds.pdf,83,TRUE,44
21_deer_odds.pdf,84,TRUE,44
21_deer_odds.pdf,85,TRUE,44
21_deer_odds.pdf,86,TRUE,44
21_deer_odds.pdf,87,TRUE,44
21_deer_odds.pdf,88,TRUE,44
21_deer_odds.pdf,89,TRUE,44
21_deer_odds.pdf,90,TRUE,44
21_deer_odds.pdf,91,TRUE,44
21_deer_odds.pdf,92,TRUE,44
21_deer_odds.pdf,93,TRUE,44
21_deer_odds.pdf,94,TRUE,44
21_deer_odds.pdf,95,TRUE,44
21_deer_odds.pdf,96,TRUE,44
21_deer_odds.pdf,97,TRUE,44
21_deer_odds.pdf,98,TRUE,44
21_dh_odds.pdf,1,FALSE,0
21_dh_odds.pdf,2,FALSE,0
21_dh_odds.pdf,3,TRUE,42
21_dh_odds.pdf,4,TRUE,42
21_dh_odds.pdf,5,TRUE,42
21_dh_odds.pdf,6,TRUE,42
21_dh_odds.pdf,7,TRUE,42
21_dh_odds.pdf,8,TRUE,42
21_dh_odds.pdf,9,TRUE,42
21_dh_odds.pdf,10,TRUE,42
21_dh_odds.pdf,11,TRUE,42
21_dh_odds.pdf,12,TRUE,42
21_dh_odds.pdf,13,TRUE,42
21_dh_odds.pdf,14,TRUE,42
21_dh_odds.pdf,15,TRUE,42
21_dh_odds.pdf,16,TRUE,42
21_dh_odds.pdf,17,TRUE,42
21_dh_odds.pdf,18,TRUE,42
21_dh_odds.pdf,19,TRUE,42
21_dh_odds.pdf,20,TRUE,42
21_dh_odds.pdf,21,TRUE,42
21_dh_odds.pdf,22,TRUE,42
21_dh_odds.pdf,23,TRUE,42
21_dh_odds.pdf,24,TRUE,42
21_dh_odds.pdf,25,TRUE,42
21_dh_odds.pdf,26,TRUE,42
21_dh_odds.pdf,27,TRUE,42
21_dh_odds.pdf,28,TRUE,42
21_dh_odds.pdf,29,TRUE,42
21_dh_odds.pdf,30,TRUE,42
21_dh_odds.pdf,31,TRUE,42
21_lifetime_deer.pdf,1,FALSE,0
21_lifetime_deer.pdf,2,TRUE,42
21_lifetime_deer.pdf,3,TRUE,42
21_lifetime_deer.pdf,4,TRUE,42
21_lifetime_deer.pdf,5,TRUE,42
21_lifetime_deer.pdf,6,TRUE,42
21_lifetime_deer.pdf,7,TRUE,42
21_lifetime_deer.pdf,8,TRUE,42
21_lifetime_deer.pdf,9,TRUE,42
21_lifetime_deer.pdf,10,TRUE,42
21_lifetime_deer.pdf,11,TRUE,42
21_lifetime_deer.pdf,12,TRUE,42
21_lifetime_deer.pdf,13,TRUE,42
21_lifetime_deer.pdf,14,TRUE,42
21_lifetime_deer.pdf,15,TRUE,42
21_lifetime_deer.pdf,16,TRUE,42
21_lifetime_deer.pdf,17,TRUE,42
21_lifetime_deer.pdf,18,TRUE,42
21_lifetime_deer.pdf,19,TRUE,42
21_lifetime_deer.pdf,20,TRUE,42
21_lifetime_deer.pdf,21,TRUE,42
21_lifetime_deer.pdf,22,TRUE,42
21_lifetime_deer.pdf,23,TRUE,42
21_lifetime_deer.pdf,24,TRUE,42
21_lifetime_deer.pdf,25,TRUE,42
21_lifetime_deer.pdf,26,TRUE,42
21_lifetime_deer.pdf,27,TRUE,42
21_lifetime_deer.pdf,28,TRUE,42
21_lifetime_deer.pdf,29,TRUE,42
21_lifetime_deer.pdf,30,TRUE,42
21_lifetime_deer.pdf,31,TRUE,42
21_lifetime_deer.pdf,32,TRUE,42
21_lifetime_deer.pdf,33,TRUE,42
21_lifetime_deer.pdf,34,TRUE,42
21_lifetime_deer.pdf,35,TRUE,42
21_lifetime_deer.pdf,36,TRUE,42
21_lifetime_deer.pdf,37,TRUE,42
21_lifetime_deer.pdf,38,TRUE,42
21_lifetime_deer.pdf,39,TRUE,42
21_lifetime_deer.pdf,40,TRUE,42
21_lifetime_deer.pdf,41,TRUE,42
21_lifetime_deer.pdf,42,TRUE,42
21_lifetime_deer.pdf,43,TRUE,42
21_lifetime_deer.pdf,44,TRUE,42
21_lifetime_deer.pdf,45,TRUE,42
21_lifetime_deer.pdf,46,TRUE,42
21_lifetime_deer.pdf,47,TRUE,42
21_lifetime_deer.pdf,48,TRUE,42
21_lifetime_deer.pdf,49,TRUE,42
21_lifetime_deer.pdf,50,TRUE,42
21_lifetime_deer.pdf,51,TRUE,42
21_lifetime_deer.pdf,52,TRUE,42
21_lifetime_deer.pdf,53,TRUE,42
21_lifetime_deer.pdf,54,TRUE,42
21_lifetime_deer.pdf,55,TRUE,42
21_lifetime_deer.pdf,56,TRUE,42
21_lifetime_deer.pdf,57,TRUE,42
21_lifetime_deer.pdf,58,TRUE,42
21_lifetime_deer.pdf,59,TRUE,42
21_lifetime_deer.pdf,60,TRUE,42
21_lifetime_deer.pdf,61,TRUE,42
21_lifetime_deer.pdf,62,TRUE,42
21_lifetime_deer.pdf,63,TRUE,42
21_lifetime_deer.pdf,64,TRUE,42
21_lifetime_deer.pdf,65,TRUE,42
21_lifetime_deer.pdf,66,TRUE,42
21_lifetime_deer.pdf,67,TRUE,42
21_lifetime_deer.pdf,68,TRUE,42
21_lifetime_deer.pdf,69,TRUE,42
21_lifetime_deer.pdf,70,TRUE,42
21_lifetime_deer.pdf,71,TRUE,42
21_lifetime_deer.pdf,72,TRUE,42
21_lifetime_deer.pdf,73,TRUE,42
21_lifetime_deer.pdf,74,TRUE,42
21_lifetime_deer.pdf,75,TRUE,42
21_lifetime_deer.pdf,76,TRUE,42
21_lifetime_deer.pdf,77,TRUE,42
21_lifetime_deer.pdf,78,TRUE,42
21_lifetime_deer.pdf,79,TRUE,42
21_lifetime_deer.pdf,80,TRUE,42
21_lifetime_deer.pdf,81,TRUE,42
21_lifetime_deer.pdf,82,TRUE,42
21_lifetime_deer.pdf,83,TRUE,42
21_lifetime_deer.pdf,84,TRUE,42
21_lifetime_deer.pdf,85,TRUE,42
21_lifetime_deer.pdf,86,TRUE,42
21_lifetime_deer.pdf,87,TRUE,42
21_lifetime_deer.pdf,88,TRUE,42
21_lifetime_deer.pdf,89,TRUE,42
21_lifetime_deer.pdf,90,TRUE,42
21_lifetime_deer.pdf,91,TRUE,42
21_lifetime_deer.pdf,92,TRUE,42
21_lifetime_deer.pdf,93,TRUE,42
21_lifetime_deer.pdf,94,TRUE,42
21_lifetime_deer.pdf,95,TRUE,42
21_youth_bull_elk.pdf,1,TRUE,58
21_youth_deer.pdf,1,FALSE,0
21_youth_deer.pdf,2,TRUE,44
21_youth_deer.pdf,3,TRUE,44
21_youth_deer.pdf,4,TRUE,44
21_youth_deer.pdf,5,TRUE,44
21_youth_deer.pdf,6,TRUE,44
21_youth_deer.pdf,7,TRUE,44
21_youth_deer.pdf,8,TRUE,44
21_youth_deer.pdf,9,TRUE,44
21_youth_deer.pdf,10,TRUE,44
21_youth_deer.pdf,11,TRUE,44
21_youth_deer.pdf,12,TRUE,44
21_youth_deer.pdf,13,TRUE,44
21_youth_deer.pdf,14,TRUE,44
21_youth_deer.pdf,15,TRUE,44
21_youth_deer.pdf,16,TRUE,44
21_youth_deer.pdf,17,TRUE,44
21_youth_deer.pdf,18,TRUE,44
21_youth_deer.pdf,19,TRUE,44
21_youth_deer.pdf,20,TRUE,44
21_youth_deer.pdf,21,TRUE,44
21_youth_deer.pdf,22,TRUE,44
21_youth_deer.pdf,23,TRUE,44
21_youth_deer.pdf,24,TRUE,44
21_youth_deer.pdf,25,TRUE,44
21_youth_deer.pdf,26,TRUE,44
21_youth_deer.pdf,27,TRUE,44
21_youth_deer.pdf,28,TRUE,44
21_youth_deer.pdf,29,TRUE,44
21_youth_deer.pdf,30,TRUE,44
21_youth_deer.pdf,31,TRUE,44
21_youth_deer.pdf,32,TRUE,44
21_youth_deer.pdf,33,TRUE,44
21_youth_deer.pdf,34,TRUE,44
21_youth_deer.pdf,35,TRUE,44
21_youth_deer.pdf,36,TRUE,44
21_youth_deer.pdf,37,TRUE,44
21_youth_deer.pdf,38,TRUE,44
21_youth_deer.pdf,39,TRUE,44
21_youth_deer.pdf,40,TRUE,44
21_youth_deer.pdf,41,TRUE,44
21_youth_deer.pdf,42,TRUE,44
21_youth_deer.pdf,43,TRUE,44
21_youth_deer.pdf,44,TRUE,44
21_youth_deer.pdf,45,TRUE,44
21_youth_deer.pdf,46,TRUE,44
21_youth_deer.pdf,47,TRUE,44
21_youth_deer.pdf,48,TRUE,44
21_youth_deer.pdf,49,TRUE,44
21_youth_deer.pdf,50,TRUE,44
21_youth_deer.pdf,51,TRUE,44
21_youth_deer.pdf,52,TRUE,44
21_youth_deer.pdf,53,TRUE,44
21_youth_deer.pdf,54,TRUE,44
21_youth_deer.pdf,55,TRUE,44
21_youth_deer.pdf,56,TRUE,44
21_youth_deer.pdf,57,TRUE,44
21_youth_deer.pdf,58,TRUE,44
21_youth_deer.pdf,59,TRUE,44
21_youth_deer.pdf,60,TRUE,44
21_youth_deer.pdf,61,TRUE,44
21_youth_deer.pdf,62,TRUE,44
21_youth_deer.pdf,63,TRUE,44
21_youth_deer.pdf,64,TRUE,44
21_youth_deer.pdf,65,TRUE,44
21_youth_deer.pdf,66,TRUE,44
21_youth_deer.pdf,67,TRUE,44
21_youth_deer.pdf,68,TRUE,44
21_youth_deer.pdf,69,TRUE,44
21_youth_deer.pdf,70,TRUE,44
21_youth_deer.pdf,71,TRUE,44
21_youth_deer.pdf,72,TRUE,44
21_youth_deer.pdf,73,TRUE,44
21_youth_deer.pdf,74,TRUE,44
21_youth_deer.pdf,75,TRUE,44
21_youth_deer.pdf,76,TRUE,44
21_youth_deer.pdf,77,TRUE,44
21_youth_deer.pdf,78,TRUE,44
21_youth_deer.pdf,79,TRUE,44
21_youth_deer.pdf,80,TRUE,44
21_youth_deer.pdf,81,TRUE,44
21_youth_deer.pdf,82,TRUE,44
21_youth_deer.pdf,83,TRUE,44
21_youth_deer.pdf,84,TRUE,44
21_youth_deer.pdf,85,TRUE,44
21_youth_deer.pdf,86,TRUE,44
21_youth_deer.pdf,87,TRUE,44
21_youth_deer.pdf,88,TRUE,44
21_youth_deer.pdf,89,TRUE,44
21_youth_deer.pdf,90,TRUE,44
21_youth_deer.pdf,91,TRUE,44
21_youth_deer.pdf,92,TRUE,44
21_youth_deer.pdf,93,TRUE,44
21_youth_deer.pdf,94,TRUE,44
21_youth_deer.pdf,95,TRUE,44
21_youth_dh_odds.pdf,1,FALSE,0
21_youth_dh_odds.pdf,2,TRUE,42
21_youth_dh_odds.pdf,3,TRUE,42
21_youth_dh_odds.pdf,4,TRUE,42
21_youth_dh_odds.pdf,5,TRUE,42
21_youth_dh_odds.pdf,6,TRUE,42
21_youth_dh_odds.pdf,7,TRUE,42
21_youth_dh_odds.pdf,8,TRUE,42
21_youth_dh_odds.pdf,9,TRUE,42
21_youth_dh_odds.pdf,10,TRUE,42
21_youth_dh_odds.pdf,11,TRUE,42
21_youth_dh_odds.pdf,12,TRUE,42
21_youth_dh_odds.pdf,13,TRUE,42
21_youth_dh_odds.pdf,14,TRUE,42
21_youth_dh_odds.pdf,15,TRUE,42
21_youth_dh_odds.pdf,16,TRUE,42
21_youth_dh_odds.pdf,17,TRUE,42
21_youth_dh_odds.pdf,18,TRUE,42
21_youth_dh_odds.pdf,19,TRUE,42
21_youth_dh_odds.pdf,20,TRUE,42
